AnnotationAccession,host,isolation_source
GCF_014169675.1_ASM1416967v1,NA,wastewater
GCF_003058405.2_ASM305840v2,Ictalurus punctatus,NA
GCF_026074015.1_ASM2607401v1,NA,cruid oil
GCF_019969505.1_ASM1996950v1,NA,NA
GCF_016952995.2_ASM1695299v2,NA,Dairy Fermentation
GCF_028749545.1_ASM2874954v1,Brassica rapa subsp. pekinensis,leaf tissue
GCF_007993715.1_ASM799371v1,Chinese cabbage,NA
GCF_036866455.1_ASM3686645v1,shrimp,intestine
GCF_035994945.1_ASM3599494v1,NA,NA
GCF_015571855.1_ASM1557185v1,Sus scrofa domesticus,feces
GCF_018739605.1_ASM1873960v1,NA,soil
GCF_014775675.1_ASM1477567v1,Seriola lalandi,farmed fish
GCF_904863075.1_INF334,Homo sapiens,urine
GCF_031184795.1_ASM3118479v1,NA,Human feces
GCF_027286125.1_ASM2728612v1,Homo sapiens,blood of patient with fever after tick-bite innoculated in SCID mouse; and isolated in MKP-F culture
GCF_900660555.1_50884_D01-3,Ovine (Sheep),Eye
GCF_020628355.1_ASM2062835v1,Hymeniacidon perlevis,marine sponge
GCF_023538955.1_ASM2353895v1,Homo sapiens,Human gut
GCF_028596105.1_ASM2859610v1,NA,Acidovorax temperans strain LMJ was isolated from a contaminated Tris Acetate Phosphate (TAP) medium culture plate of the green micro-alga Chlamydomonas reinhardtii strain; LMJ.SG0182 (a Chlamydomonas Library project (CLiP) strain)
GCF_002302355.1_ASM230235v1,alfalfa,alfalfa nodule
GCF_001928355.2_ASM192835v2,Oryza sativa,NA
GCF_028473305.1_ASM2847330v1,Homo sapiens,NA
GCF_005221665.1_ASM522166v1,NA,cattle
GCF_023362035.1_ASM2336203v1,Homo sapiens,blood
GCF_000299255.1_ASM29925v1,Homo sapiens,NA
GCF_003261055.1_ASM326105v1,NA,soil
GCF_013738915.1_ASM1373891v1,NA,Wastewater influent sample
GCF_004337635.1_ASM433763v1,NA,water
GCF_008365255.1_ASM836525v1,NA,tomato
GCF_040267635.1_MRSN123636,Homo sapiens,wound
GCF_037287395.1_ASM3728739v1,Homo sapiens,bloodstream
GCF_030490595.1_ASM3049059v1,Homo sapiens,NA
GCF_019915585.1_ASM1991558v1,Homo sapiens,blood
GCF_023169905.1_ASM2316990v1,NA,NA
GCF_027886565.1_ASM2788656v1,Homo sapiens,Wound/Abscess
GCF_024298485.1_ASM2429848v1,Homo sapiens,NA
GCF_004847585.1_ASM484758v1,Homo sapiens,stool
GCF_000014045.1_ASM1404v1,NA,NA
GCF_000017325.1_ASM1732v1,NA,NA
GCF_027571325.1_ASM2757132v1,Homo sapiens,sputum
GCF_016757795.1_ASM1675779v1,NA,Campbell Early grape
GCF_036233375.1_ASM3623337v1,Homo sapiens,Cystic fibrosis human lung
GCF_904066215.1_ASM90406621v1,NA,valley
GCF_019048105.1_ASM1904810v1,NA,NA
GCF_037057165.1_ASM3705716v1,Meles meles,intestine
GCF_963693505.1_KP1462023,Homo sapiens,human urine
GCF_034273595.1_ASM3427359v1,Homo sapiens,NA
GCF_001007875.1_ASM100787v1,NA,salt marsh
GCF_003113095.2_ASM311309v2,Ictalurus punctatus,NA
GCF_003004335.1_ASM300433v1,Homo sapiens,NA
GCF_021610025.1_ASM2161002v1,Oncorhynchus mykiss irideus,Little Campbell River; British Columbia; Canada
GCF_016904775.2_ASM1690477v2,Hainan,Poultry
GCF_905330895.2_AI2951v1_cpp,Homo sapiens,Hospital Universitario Central de Asturias (Oviedo)
GCF_001517645.1_R2091,NA,tissue
GCF_024585525.1_ASM2458552v1,Poultry,Cloacal sample
GCF_027362595.1_ASM2736259v1,NA,shrimp
GCF_025369795.1_ASM2536979v1,Poultry,Broiler
GCF_009709535.1_ASM970953v1,Salmo salar,NA
GCF_030166995.1_ASM3016699v1,NA,warm; humid forested area with dark clay soil; about 15 cm from the trunk of an Encino tree (Quercus glaucoides (5 cm deep))
GCF_000300175.1_ASM30017v1,NA,NA
GCF_030585485.1_ASM3058548v1,NA,bovine feces
GCF_027557675.1_ASM2755767v1,NA,fermented dairy product
GCF_024205625.1_ASM2420562v1,Homo sapiens,blood
GCF_037553545.1_ASM3755354v1,Homo sapiens,NA
GCF_019329425.1_ASM1932942v1,Homo sapiens,NA
GCF_016864395.1_ASM1686439v1,Homo sapiens,urine
GCF_037542475.1_ASM3754247v1,Homo sapiens,NA
GCF_022354345.1_ASM2235434v1,NA,Shatin WWTPs_3 WWTPs effluent
GCF_030717825.1_ASM3071782v1,yak,stool
GCF_037338445.1_ASM3733844v1,NA,sediment
GCF_001456055.3_ASM145605v3,Homo sapiens,urine
GCF_009708005.2_ASM970800v2,wax moth,intestine from larvae
GCF_025987745.1_ASM2598774v1,Phaseolus vulgaris,leaf
GCF_022557275.1_ASM2255727v1,The State Key Laboratory Breeding Base of Basic Science of Stomatology,Wuhan
GCF_036110805.1_ASM3611080v1,NA,soil
GCF_026547055.1_ASM2654705v1,Homo sapiens,Nose
GCF_020091325.1_ASM2009132v1,Homo sapiens,NA
GCF_022369015.1_ASM2236901v1,NA,Manis javanica
GCF_003640585.1_ASM364058v1,Homo sapiens,Gastric antrum
GCF_904799825.1_2016-17-292,Vulpes vulpes,Red Fox
GCF_030297395.1_ASM3029739v1,Homo sapiens,NA
GCF_024730805.1_ASM2473080v1,Homo sapiens,Bronchoalveolar lavage fluid
GCF_025561545.1_ASM2556154v1,Camel,swab
GCF_017894345.1_ASM1789434v1,Mus musculus,NA
GCF_001900515.1_ASM190051v1,cow,NA
GCF_016415405.1_ASM1641540v1,Homo sapiens,rectal swab
GCF_009432415.1_ASM943241v1,NA,cattle
GCF_009730035.1_ASM973003v1,Homo sapiens,clinical isolate
GCF_025142595.1_ASM2514259v1,NA,ENVO:00002034
GCF_038361275.1_ASM3836127v1,NA,NA
GCF_024363365.1_ASM2436336v1,NA,Brain-Heart-Infusion
GCF_002442955.1_ASM244295v1,Homo sapiens,feces
GCF_022369275.1_ASM2236927v1,NA,Manis javanica
GCF_022655485.1_ASM2265548v1,NA,forest soil
GCF_008619235.1_ASM861923v1,Homo sapiens,Sputum isolated from host
GCF_023653925.1_ASM2365392v1,Homo sapiens,NA
GCF_014109825.1_ASM1410982v1,NA,Biofilm - potable water
GCF_000511355.1_ASM51135v1,NA,seawater collected from a tide pool
GCF_004119675.1_ASM411967v1,NA,food
GCF_038096285.1_BSN152,Homo sapiens,blood
GCF_001941975.2_SSP,NA,river mud
GCF_023277345.1_ASM2327734v1,Homo sapiens,feces
GCF_022354125.1_ASM2235412v1,NA,Shek Wu Hui WWTPs_3 WWTPs effluent
GCF_019329645.1_ASM1932964v1,Homo sapiens,NA
GCF_014489395.1_ASM1448939v1,Homo sapiens,NA
GCF_020042685.1_ASM2004268v1,Homo sapiens,Pus
GCF_038426605.1_ASM3842660v1,Homo sapiens,blood
GCF_021665875.1_ASM2166587v1,potato,Potato Common Scab
GCF_003966565.1_ASM396656v1,NA,microbial mat
GCF_900416705.2_G2_hybrid,Anas platyrhynchos,cloacal swab
GCF_030758995.1_ASM3075899v1,NA,fermented vegetable
GCF_002848585.1_ASM284858v1,Homo sapiens,NA
GCF_000312685.1_ASM31268v1,NA,NA
GCF_000496285.1_ASM49628v1,NA,soil
GCF_024585745.1_ASM2458574v1,Pig,Rectal Swab
GCF_025398055.1_ASM2539805v1,Homo sapiens,sputum
GCF_003864095.1_ASM386409v1,NA,NA
GCF_013177415.1_ASM1317741v1,NA,food
GCF_009708715.1_ASM970871v1,Oncorhynchus kisutch,NA
GCF_032594455.1_ASM3259445v1,Coffea arabica,leaves
GCF_016598635.1_ASM1659863v1,Homo sapiens,NA
GCF_027945055.1_ASM2794505v1,NA,human clinical specimen
GCF_016925535.1_ASM1692553v1,NA,soda solonchak soil
GCF_008065435.1_ASM806543v1,crow,cloacal swab
GCF_000801185.2_ASM80118v2,NA,human stool
GCF_018861215.2_ASM1886121v2,Homo sapiens,screening
GCF_019048365.1_ASM1904836v1,NA,NA
GCF_008000895.1_ASM800089v1,Wheat,leaves
GCF_008973485.1_ASM897348v1,NA,Antarctic iceberg
GCF_030292075.1_ASM3029207v1,NA,rhizosphere soil
GCF_027886705.1_ASM2788670v1,NA,oilfield
GCF_037575275.1_ASM3757527v1,Chicken,NA
GCF_013801845.1_ASM1380184v1,NA,Pooled pig faecal samples collected from floor of farm
GCF_019375055.2_ASM1937505v2,NA,NA
GCF_004124175.2_ASM412417v2,NA,food
GCF_001693315.1_ASM169331v1,Homo sapiens,Urine
GCF_000765415.1_ASM76541v1,Homo sapiens,NA
GCF_002967885.2_ASM296788v2,Homo sapiens,urine
GCF_003006175.1_ASM300617v1,Homo sapiens,Trachaeal secretion
GCF_013167395.1_ASM1316739v1,bovine,NA
GCF_023362255.1_ASM2336225v1,Homo sapiens,sputum
GCF_005944305.1_ASM594430v1,Homo sapiens,rectal swab
GCF_037413555.1_ASM3741355v1,NA,ENVO:09200008
GCF_017088305.1_ASM1708830v1,NA,NA
GCF_964048515.1_30602_6_35,NA,NA
GCF_032917985.1_ASM3291798v1,Arachis hypogaea,NA
GCF_009363455.1_ASM936345v1,NA,Surface of a sandy sediment particle present in tank 6 of a marine aquarium containing stony-coral fragments and water maintained at 26 degree C
GCF_023572965.1_ASM2357296v1,Homo sapiens,rectal swab
GCF_030643885.1_ASM3064388v1,NA,soil
GCF_037201985.1_DCHS_PB2,Homo sapiens,nasopharyngeal swab
GCF_027286345.1_ASM2728634v1,NA,salt water
GCF_022494745.1_ASM2249474v1,NA,river water
GCF_022936265.1_ASM2293626v1,Homo sapiens,Human oral cavity
GCF_000774075.2_ASM77407v2,NA,soil sample
GCF_014169415.1_ASM1416941v1,NA,wastewater
GCF_030389165.1_ASM3038916v1,Homo sapiens,feces
GCF_001858005.1_ASM185800v1,Bovine,Bovine rumen
GCF_034333585.1_ASM3433358v1,sow feces,NA
GCF_001806265.1_ASM180626v1,NA,NA
GCF_025143325.1_ASM2514332v1,NA,ENVO:00002034
GCF_900166955.1_E._coli_KV7,Sus scrofa domestica,pig feces
GCF_029720005.1_ASM2972000v1,NA,Pooled faeces sample collected from floor of poultry farm
GCF_015694085.1_ASM1569408v1,Homo sapiens,urine
GCF_020827595.1_ASM2082759v1,Homo sapiens,blood
GCF_035191405.1_ASM3519140v1,Tribulus terrestris,plant
GCF_001587015.1_ASM158701v1,chicken,liver
GCF_001865615.1_ASM186561v1,NA,Chicken cecum
GCF_036689605.1_ASM3668960v1,Homo sapiens,Infected Human Urine
GCF_006352025.1_ASM635202v1,NA,water
GCF_005979285.1_ASM597928v1,Pig,faecal swab
GCF_030996645.1_ASM3099664v1,dog,Endometrium
GCF_023516035.1_ASM2351603v1,Homo sapiens,Human feces
GCF_005886545.1_ASM588654v1,Homo sapiens,NA
GCF_013349025.1_ASM1334902v1,Homo sapiens,bed sheets
GCF_025200635.1_ASM2520063v1,Bos taurus,feedlot
GCF_003491425.1_ASM349142v1,NA,ENVO:00002006
GCF_030845695.1_ASM3084569v1,Homo sapiens,wound
GCF_003010655.1_ASM301065v1,NA,NA
GCF_003071665.1_ASM307166v1,NA,soil from courtyard of a former plant nursery located above a BAM-contaminated aquifer
GCF_021137855.1_ASM2113785v1,Homo sapiens,Tracheobronchial
GCF_017161865.1_ASM1716186v1,Homo sapiens,NA
GCF_030518615.1_ASM3051861v1,NA,Wenzhou; China
GCF_002173555.1_ASM217355v1,NA,food
GCF_016903235.1_ASM1690323v1,Homo sapiens,NA
GCF_020904995.2_ASM2090499v2,Homo sapiens,urethal swab
GCF_029854985.1_ASM2985498v1,Aesculus hippocastanum,NA
GCF_009709335.1_ASM970933v1,Salmo salar,NA
GCF_005222005.1_ASM522200v1,NA,cattle
GCF_009696665.2_ASM969666v2,NA,Lotus pond; a sulfur-borax hot spring
GCF_013625435.1_ASM1362543v1,NA,Wastewater effluent sample
GCF_017724035.1_ASM1772403v1,Medicago sativa,NA
GCF_000770565.1_ASM77056v1,NA,environmental sample
GCF_016921055.1_ASM1692105v1,NA,Dairy Fermentation
GCF_001750065.2_ASM175006v2,NA,Sputum
GCF_039619525.1_ASM3961952v1,NA,malted oats
GCF_028891465.1_ASM2889146v1,NA,soil
GCF_023299585.1_ASM2329958v1,NA,pet food (BARF)
GCF_018204675.1_ASM1820467v1,Homo sapiens,NA
GCF_003431385.1_ASM343138v1,Homo sapiens,bronchoalveolar lavage fluid
GCF_018638795.1_ASM1863879v1,Homo sapiens,ascites
GCF_018326305.1_ASM1832630v1,Homo sapiens,feces
GCF_013791265.1_ASM1379126v1,NA,Wastewater influent sample
GCF_005144435.2_ASM514443v2,NA,NA
GCF_035594185.1_ASM3559418v1,Homo sapiens,feces
GCF_014656585.1_ASM1465658v1,NA,Kefir
GCF_030412635.1_ASM3041263v1,NA,deep sea
GCF_030064585.1_ASM3006458v1,Kummerowia stipulacea,NA
GCF_022559245.1_ASM2255924v1,Homo sapiens,urine
GCF_018289355.1_ASM1828935v1,Homo sapiens,feces
GCF_016454585.1_ASM1645458v1,NA,bovine
GCF_009806735.1_ASM980673v1,chicken,feces from Chicken intestine
GCF_030292225.1_ASM3029222v1,NA,field soil
GCF_018448495.1_ASM1844849v1,Euphausia superba,NA
GCF_014334195.1_ASM1433419v1,NA,NA
GCF_019355495.1_ASM1935549v1,Homo sapiens,NA
GCF_003692595.1_ASM369259v1,NA,NA
GCF_017347585.1_ASM1734758v1,NA,biofilm material
GCF_036289205.1_ASM3628920v1,Homo sapiens,sputum
GCF_016756115.1_ASM1675611v1,Homo sapiens,sputum
GCF_028609705.1_ASM2860970v1,NA,sediment
GCF_030162155.2_ASM3016215v2,NA,NA
GCF_002370375.1_ASM237037v1,NA,microbial mat material
GCF_026016725.1_ASM2601672v1,sunflower,NA
GCF_003999485.1_ASM399948v1,common bean,leaves of Phaseolus vulgaris
GCF_002148215.1_ASM214821v1,NA,10 weeks old Samso 45+ cheese
GCF_016811995.1_ASM1681199v1,NA,water
GCF_000019765.1_ASM1976v1,NA,NA
GCF_009650395.1_ASM965039v1,NA,almond drupe
GCF_026016545.1_ASM2601654v1,Homo sapiens,NA
GCF_003860385.1_ASM386038v1,NA,NA
GCF_024732305.1_ASM2473230v1,Homo sapiens,stool
GCF_004087995.1_ASM408799v1,NA,food
GCF_028994095.1_ASM2899409v1,Homo sapiens,NA
GCF_001806465.1_ASM180646v1,Homo sapiens,Sputum
GCF_003585765.1_ASM358576v1,NA,unidentified actinians
GCF_009708895.1_ASM970889v1,Salmo salar,NA
GCF_024297065.1_ASM2429706v1,Thylamys macrura,blood
GCF_018289135.1_ASM1828913v1,Homo sapiens,feces
GCF_004324135.2_ASM432413v2,NA,feces
GCF_036289065.1_ASM3628906v1,Homo sapiens,urine
GCF_030061665.1_ASM3006166v1,Homo sapiens,Isolated from an abscess of an 32 years old female
GCF_964198855.1_Zagreb011_hybrid_assembly.fa.gz,Homo sapiens,clinical material
GCF_009363255.1_ASM936325v1,NA,Surface of a polyethylene microplastic particle present in tank 6 of a marine aquarium containing stony-coral fragments and water maintained at 26 degree C
GCF_000439435.1_ASM43943v1,NA,NA
GCF_000008505.1_ASM850v1,NA,NA
GCF_009734325.1_ASM973432v1,Penaeus vannamei,hepatopancreas
GCF_027912835.1_ASM2791283v1,NA,sediment
GCF_002949615.1_ASM294961v1,NA,NA
GCF_022559025.1_ASM2255902v1,Homo sapiens,NA
GCF_029990605.1_ASM2999060v1,NA,wastewater efflux
GCF_002812365.1_ASM281236v1,Homo sapiens,Sacral swab
GCF_020871915.1_ASM2087191v1,Phyla canescens,NA
GCF_010196425.1_ASM1019642v1,NA,freshwater
GCF_033251225.1_ASM3325122v1,Homo sapiens,feces
GCF_020080045.1_ASM2008004v1,NA,cucumber rhizosphere
GCF_039634395.1_ASM3963439v1,Homo sapiens,BALF
GCF_009867015.2_ASM986701v2,Bos taurus,Bovine adult
GCF_018987265.1_ASM1898726v1,Curcuma wenyujin Y.H. Chen et C. Ling,root
GCF_001753085.1_ASM175308v1,NA,Clinical
GCF_001939885.2_ASM193988v2,Homo sapiens,drainage samples from liver abscess
GCF_002903085.1_ASM290308v1,NA,NA
GCF_022699245.1_ASM2269924v1,Homo sapiens,skin
GCF_000298535.2_ASM29853v2,Columba livia,urban pigeon
GCF_026873405.1_ASM2687340v1,Homo sapiens,feces
GCF_002754815.1_ASM275481v1,Homo sapiens,Peripheral Blood
GCF_033378915.2_ASM3337891v2,Homo sapiens,cerebrospinal fluid
GCF_001975045.1_ASM197504v1,Homo sapiens,Human_no contact with swine
GCF_030271955.1_ASM3027195v1,chicken,chicken intestinal contents
GCF_015168335.1_ASM1516833v1,NA,hospital sewage
GCF_039619745.1_ASM3961974v1,NA,malted oats
GCF_037757895.1_ASM3775789v1,NA,NA
GCF_002164645.3_ASM216464v3,Homo sapiens,NA
GCF_036785845.1_ASM3678584v1,Homo sapiens,NA
GCF_030644205.1_ASM3064420v1,Homo sapiens,human oral cavity
GCF_005347505.1_ASM534750v1,Homo sapiens,bile from holelithiasis patient
GCF_000225265.1_ASM22526v1,NA,NA
GCF_001641305.1_ASM164130v1,NA,retail raw meat
GCF_002848385.1_ASM284838v1,NA,fodder
GCF_009769125.1_ASM976912v1,Homo sapiens,blood
GCF_018279225.1_ASM1827922v1,swine,liver
GCF_000009685.1_ASM968v1,NA,NA
GCF_018449045.1_ASM1844904v1,NA,pork
GCF_037045985.2_BSN80_Closure,Homo sapiens,blood
GCF_022925855.1_ASM2292585v1,Homo sapiens,gastric biopsy
GCF_000815185.1_ASM81518v1,rice,rice seeds
GCF_000018825.1_ASM1882v1,NA,NA
GCF_017100085.1_ASM1710008v1,Chicken,NR
GCF_022227035.1_ASM2222703v1,NA,Owen's River
GCF_010092405.1_ASM1009240v1,Homo sapiens,blood
GCF_002313105.1_ASM231310v1,NA,fish
GCF_013374115.1_ASM1337411v1,NA,water
GCF_003627375.1_ASM362737v1,Homo sapiens,healthy infant fecal samples
GCF_026898115.1_ASM2689811v1,plant,soil
GCF_000816785.1_ASM81678v1,NA,Shellfish
GCF_003430825.1_ASM343082v1,NA,Kulunda Steppe hypersaline lake
GCF_015767935.1_ASM1576793v1,NA,NA
GCF_018415995.1_ASM1841599v1,swine,intestine
GCF_006771025.1_ASM677102v1,Homo sapiens,Clinical; healthy; human skin
GCF_024652825.1_ASM2465282v1,Homo sapiens,NA
GCF_021513055.1_ASM2151305v1,Homo sapiens,NA
GCF_019287095.1_ASM1928709v1,Homo sapiens,urine
GCF_009432215.1_ASM943221v1,NA,cattle
GCF_030996425.1_ASM3099642v1,dog,blood
GCF_016904715.2_ASM1690471v2,Yunnan,Bat
GCF_032146325.1_ASM3214632v1,Homo sapiens,stool
GCF_024585545.1_ASM2458554v1,Poultry,Cloacal sample
GCF_012871055.1_ASM1287105v1,NA,NA
GCF_002900365.1_ASM290036v1,NA,montane grasslands
GCF_005144925.1_ASM514492v1,Homo sapiens,NA
GCF_017808555.1_ASM1780855v1,NA,feces
GCF_019175525.1_ASM1917552v1,NA,stream/river surface water
GCF_003595505.1_ASM359550v1,Homo sapiens,Nose
GCF_024972415.1_ASM2497241v1,Homo sapiens,stool
GCF_022349925.1_ASM2234992v1,Felix catus domesticus,feces
GCF_040516055.1_ASM4051605v1,NA,sauerkraut
GCF_030704245.1_ASM3070424v1,NA,soil
GCF_015140455.1_ASM1514045v1,NA,limestone cave wall
GCF_023822665.1_ASM2382266v1,Homo sapiens,Urethral swab
GCF_036287255.1_ASM3628725v1,Homo sapiens,NA
GCF_037929155.1_ASM3792915v1,Homo sapiens,NA
GCF_009708295.1_ASM970829v1,Salmo salar,NA
GCF_004919245.1_ASM491924v1,Homo sapiens,NA
GCF_016415605.1_ASM1641560v1,NA,Sichuan Red Original Yak Yogurt
GCF_013426155.1_ASM1342615v1,Homo sapiens,platelet concentrate
GCF_022557215.1_ASM2255721v1,Homo sapiens,stool
GCF_025987725.1_ASM2598772v1,Phaseolus vulgaris,leaf
GCF_025142795.1_ASM2514279v1,NA,ENVO:00002034
GCF_030020785.1_ASM3002078v1,Homo sapiens,aerobic blood culture bottle
GCF_040536905.1_ASM4053690v1,NA,food
GCF_026547035.1_ASM2654703v1,Homo sapiens,Nose
GCF_020091345.1_ASM2009134v1,Homo sapiens,Abscess
GCF_002166795.1_ASM216679v1,Homo sapiens,NA
GCF_008593565.1_ASM859356v1,Glycine max L. Merr.,naturally-infected soybean tissue
GCF_011604805.1_ASM1160480v1,NA,NA
GCF_029637825.1_ASM2963782v1,NA,kimchi
GCF_008329805.1_ASM832980v1,Parrot,NA
GCF_020783455.1_ASM2078345v1,Peperomia dindygulensis Miq.,NA
GCF_022788655.1_ASM2278865v1,NA,Seawater from the North Sea by Helgoland
GCF_003586485.1_ASM358648v1,Bos taurus,milk
GCF_022354325.1_ASM2235432v1,NA,Shatin WWTPs_10 WWTPs effluent
GCF_003641225.1_ASM364122v1,Homo sapiens,NA
GCF_001307215.1_ASM130721v1,NA,derived from CIP 106327 (Collection de l'Institute Pasteur; Paris; France)
GCF_018739665.1_ASM1873966v1,NA,soil
GCF_015571835.1_ASM1557183v1,Sus scrofa domesticus,feces
GCF_021228695.1_ASM2122869v1,Homo sapiens,urine
GCF_036866435.1_ASM3686643v1,Triticum aestivum 'Heerup',Flag leaf of wheat
GCF_002128385.1_ASM212838v1,NA,product egg raw white
GCF_009911795.1_ASM991179v1,NA,Antarctic soil
GCF_023538935.1_ASM2353893v1,Homo sapiens,Human gut
GCF_027286145.1_ASM2728614v1,Ixodes scapularis,Ixodes scapularis tick isolate by feeding on SCID mouse and isolated from blood sample in BSK culture
GCF_009755705.1_ASM975570v1,Homo sapiens,sputum
GCF_028596165.1_ASM2859616v1,NA,NA
GCF_014189285.1_ASM1418928v1,Homo sapiens,Rectum
GCF_014169615.1_ASM1416961v1,NA,wastewater
GCF_019969565.1_ASM1996956v1,NA,NA
GCF_003812625.1_ASM381262v1,Homo sapiens,Peripheral blood
GCF_040737765.1_Sc1365670,Homo sapiens,blood
GCF_013376815.1_ASM1337681v1,NA,NA
GCF_021117155.1_ASM2111715v1,NA,human skin swab
GCF_037878215.1_ASM3787821v1,Homo sapiens,NA
GCF_038431935.1_ASM3843193v1,Homo sapiens,blood
GCF_029625495.1_ASM2962549v1,Homo sapiens,fecal sample
GCF_027886505.1_ASM2788650v1,Homo sapiens,other
GCF_002310575.1_ASM231057v1,canine,NA
GCF_027571345.1_ASM2757134v1,Homo sapiens,sputum
GCF_008807055.1_ASM880705v1,Homo sapiens,cerebral-spinal fluid
GCF_001721525.1_ASM172152v1,Homo sapiens,urine
GCF_035987325.1_ASM3598732v1,NA,NA
GCF_023362055.1_ASM2336205v1,Homo sapiens,blood
GCF_013167195.1_ASM1316719v1,cattle,cattle feces
GCF_000445995.2_ASM44599v2,NA,NA
GCF_030067855.1_ASM3006785v1,NA,soil
GCF_002903305.1_ASM290330v1,NA,NA
GCF_020702585.2_ASM2070258v2,Sus scrofa,nasal cavity
GCF_000015365.1_ASM1536v1,NA,NA
GCF_004026185.1_ASM402618v1,swine,nasal cavity
GCF_038422155.1_ASM3842215v1,Homo sapiens,urine
GCF_002741355.1_ASM274135v1,Homo sapiens,Infant diarrheic stool
GCF_003288315.1_ASM328831v1,NA,culture of Roseovarius sp. TM1035
GCF_023362235.1_ASM2336223v1,Homo sapiens,sputum
GCF_000582665.1_ASM58266v1,NA,traditional homemade dairy product
GCF_002103235.2_ASM210323v2,Homo sapiens,NA
GCF_034424375.1_ASM3442437v1,NA,manufactured product [ENVO:00003074]
GCF_025141875.1_ASM2514187v1,NA,ENVO:00002034
GCF_004847005.1_ASM484700v1,NA,yellowfin tuna scrape
GCF_002000565.1_ASM200056v1,Homo sapiens,Nose
GCF_038024955.1_ASM3802495v1,NA,cheese
GCF_024298685.1_ASM2429868v1,Brassica rapa subsp. pekinensis,NA
GCF_003067445.2_ASM306744v2,NA,Pond
GCF_000347675.2_ASM34767v2,NA,NA
GCF_001635875.1_ASM163587v1,NA,blood of a hospitalized patient
GCF_016906185.1_ASM1690618v1,NA,DSMZ Isolate
GCF_022985635.2_ASM2298563v2,NA,nitrophenolics and trichloroethylene contaminated ground water
GCF_028404005.1_ASM2840400v1,Homo sapiens,urine
GCF_014169475.1_ASM1416947v1,NA,wastewater
GCF_002163735.1_ASM216373v1,Mus musculus,feces
GCF_004924255.1_ASM492425v1,pig,feces
GCF_016026335.1_ASM1602633v1,NA,NA
GCF_002258105.2_ASM225810v2,Homo sapiens,NA
GCF_002238395.1_ASM223839v1,NA,field soil
GCF_014906205.1_ASM1490620v1,turkey,meat
GCF_019443685.1_ASM1944368v1,Homo sapiens,bladder epithelial biopsy from 50-year-old female patient with recurrent urinary tract infection
GCF_900044015.1_HETPER1,NA,NA
GCF_014720715.1_ASM1472071v1,Homo sapiens,blood
GCF_024663015.1_ASM2466301v1,NA,NA
GCF_027286325.1_ASM2728632v1,NA,salt water
GCF_016894285.1_ASM1689428v1,Homo sapiens,NA
GCF_001038625.1_ASM103862v1,NA,agricultural settling lagoon
GCF_022494725.1_ASM2249472v1,NA,river water
GCF_001580175.1_ASM158017v1,Homo sapiens,NA
GCF_014961485.1_ASM1496148v1,Homo sapiens,blood culture from maile
GCF_035610385.1_ASM3561038v1,NA,Cow milk
GCF_019329625.1_ASM1932962v1,Homo sapiens,NA
GCF_015240995.1_ASM1524099v1,Homo sapiens,blood
GCF_020683125.1_ASM2068312v1,Apium graveolens,celery plant
GCF_001865595.1_ASM186559v1,NA,Clinical
GCF_022354145.1_ASM2235414v1,NA,Shek Wu Hui WWTPs_2 WWTPs effluent
GCF_963924205.1_ST38_3_FIN,NA,sewage
GCF_040367385.1_ASM4036738v1,Homo sapiens,NA
GCF_016415465.1_ASM1641546v1,Homo sapiens,rectal swab
GCF_018228625.1_ASM1822862v1,Homo sapiens,blood
GCF_016127295.1_ASM1612729v1,NA,NA
GCF_024363305.1_ASM2436330v1,NA,Brain-Heart-Infusion
GCF_014109845.1_ASM1410984v1,NA,biofilm reactor
GCF_017363615.2_ASM1736361v2,Homo sapiens,NA
GCF_001708655.1_ASM170865v1,NA,Fecal samples from slaughtered sheep
GCF_037676035.1_ASM3767603v1,Chicken,NA
GCF_000188215.1_ASM18821v1,NA,NA
GCF_001647045.1_ASM164704v1,NA,Poultry environment
GCF_005222385.1_ASM522238v1,NA,cattle
GCF_000418345.1_ASM41834v1,NA,NA
GCF_009497695.1_ASM949769v1,Homo sapiens,NA
GCF_019048305.1_ASM1904830v1,NA,NA
GCF_036821985.1_ASM3682198v1,chicken,cloacal swab
GCF_000196575.1_ASM19657v1,NA,NA
GCF_020389505.1_ASM2038950v1,Homo sapiens,Skin swab
GCF_030292015.1_ASM3029201v1,NA,pine forrest soil between two spruce trees
GCF_013816515.1_ASM1381651v1,NA,Pooled cattle faecal samples collected from floor of farm
GCF_003443835.1_ASM344383v1,Homo sapiens,bronchoalveolar lavage fluid
GCF_002970915.1_ASM297091v1,NA,kimchi
GCF_024585725.1_ASM2458572v1,Poultry,Cloacal sample
GCF_002205495.2_ASM220549v2,NA,glacier sediment
GCF_000007645.1_ASM764v1,NA,NA
GCF_016432785.1_ASM1643278v1,Homo sapiens,NA
GCF_027945035.1_ASM2794503v1,NA,sink drain
GCF_022869145.1_ASM2286914v1,omo sapiens,blood
GCF_014884685.1_ASM1488468v1,NA,potato
GCF_037941305.1_ASM3794130v1,Homo sapiens,NA
GCF_001518875.1_ASM151887v1,NA,fried eel (fish)
GCF_015139735.1_ASM1513973v1,Homo sapiens,urine
GCF_001753505.1_ASM175350v1,NA,Cattle Hide
GCF_026547005.1_ASM2654700v1,Homo sapiens,Nose
GCF_040536935.1_ASM4053693v1,NA,traditional fermented food
GCF_008329785.1_ASM832978v1,NA,Irradiated ground pork and beef
GCF_024508055.1_ASM2450805v1,NA,NA
GCF_009912875.1_ASM991287v1,Homo sapiens,NA
GCF_004135835.1_ASM413583v1,Homo sapiens,stool
GCF_001420975.1_ASM142097v1,Apterostigma dentigerum,exoskeleton of ant
GCF_003073635.1_ASM307363v1,NA,NA
GCF_002753165.1_ASM275316v1,NA,NA
GCF_018106285.1_ASM1810628v1,NA,food
GCF_905331185.2_AI2981v1_cpp,Homo sapiens,Hospital de El Escorial (Madrid)
GCF_037329525.1_ASM3732952v1,NA,experimental
GCF_000389635.1_ASM38963v1,NA,not provided; submitted under MIGS 2.1
GCF_000183405.1_ASM18340v1,NA,terrestrial hot spring
GCF_040555885.1_ASM4055588v1,NA,hospital
GCF_902827225.1_Methanocaldococcus_lauensis_SG7,NA,NA
GCF_001310085.1_ASM131008v1,NA,soil
GCF_026016745.1_ASM2601674v1,sunflower,NA
GCF_020882585.1_ASM2088258v1,NA,ENVO:00002149
GCF_030007455.1_ASM3000745v1,Homo sapiens,Human gut
GCF_019710415.1_ASM1971041v1,Homo sapiens,Child feces
GCF_021399175.1_ASM2139917v1,NA,Rainbow trout
GCF_013834525.1_ASM1383452v1,NA,Pooled cattle faecal samples collected from floor of farm
GCF_018289335.1_ASM1828933v1,Homo sapiens,feces
GCF_000018445.1_ASM1844v1,NA,NA
GCF_037113475.1_ASM3711347v1,Homo sapiens,feces
GCF_040362055.1_ASM4036205v1,NA,hot spring water
GCF_016756175.1_ASM1675617v1,Homo sapiens,sputum
GCF_028609765.1_ASM2860976v1,Homo sapiens,respiratory tract specimen
GCF_000401735.2_ASM40173v2,Brassica juncea var. foliosa,NA
GCF_013349045.1_ASM1334904v1,Homo sapiens,sputum
GCF_001900695.1_ASM190069v1,dog,NA
GCF_025311075.1_ASM2531107v1,Homo sapiens,Poultry Meat
GCF_001469815.1_ASM146981v1,Homo sapiens,urine
GCF_000967305.2_ASM96730v2,nematode,NA
GCF_025200655.1_ASM2520065v1,Bos taurus,feedlot
GCF_014622965.1_ASM1462296v1,NA,NA
GCF_036243895.1_ASM3624389v1,NA,soil
GCF_017357265.1_ASM1735726v1,lentil,NA
GCF_000092125.1_ASM9212v1,NA,hot spring
GCF_021137835.1_ASM2113783v1,Homo sapiens,NA
GCF_015218525.1_ASM1521852v1,Pig,feces
GCF_017161805.1_ASM1716180v1,Homo sapiens,NA
GCF_013315995.1_ASM1331599v1,Homo sapiens,rectal swab from healthy college student
GCF_021378355.1_ASM2137835v1,Homo sapiens,blood
GCF_013374315.1_ASM1337431v1,Homo sapiens,human stool
GCF_001998805.1_ASM199880v1,NA,kimchi
GCF_006378125.1_ASM637812v1,Homo sapiens,sputum
GCF_023035795.1_ASM2303579v1,Homo sapiens,blood
GCF_004919445.1_ASM491944v1,Homo sapiens,NA
GCF_001709275.1_ASM170927v1,Homo sapiens,Urine
GCF_022220885.1_ASM2222088v1,Mus musculus,feces
GCF_023516055.1_ASM2351605v1,Homo sapiens,Human feces
GCF_021655495.1_ASM2165549v1,Homo sapiens,human feces
GCF_002848605.1_ASM284860v1,NA,water
GCF_009497015.2_ASM949701v2,NA,soil
GCF_024917995.1_ASM2491799v1,Homo sapiens,blood
GCF_013162025.1_ASM1316202v1,NA,NA
GCF_009911815.1_ASM991181v1,Homo sapiens,NA
GCF_016126675.1_ASM1612667v1,Homo sapiens,rectal swab
GCF_016903255.1_ASM1690325v1,Homo sapiens,NA
GCF_000187705.1_ASM18770v1,NA,NA
GCF_001877035.1_ASM187703v1,NA,vacuum packed beef
GCF_003595305.1_ASM359530v1,Solanum lycopersicum,Tomato with bacterial wilt symptoms
GCF_013734275.1_ASM1373427v1,NA,Wastewater effluent sample
GCF_030296575.1_ASM3029657v1,NA,Sea sediment
GCF_002073975.1_ASM207397v1,NA,mud flat
GCF_007990365.1_ASM799036v1,Homo sapiens,blood
GCF_000583105.1_ASM58310v1,NA,NA
GCF_002003305.1_ASM200330v1,NA,NA
GCF_904866535.1_KSB1_8C,Homo sapiens,rectal swab
GCF_010587175.1_ASM1058717v1,Citrus,NA
GCF_026873465.1_ASM2687346v1,Homo sapiens,feces
GCF_002174235.1_ASM217423v1,NA,food
GCF_038096315.1_BSN46,Homo sapiens,blood
GCF_030271935.1_ASM3027193v1,chicken,chicken intestinal contents
GCF_001685625.1_ASM168562v1,Cereibacter sphaeroides 2.4.1,NA
GCF_018199975.1_ASM1819997v1,NA,urine
GCF_003938405.2_ASM393840v2,NA,alcohol foam dispenser in hospital intensive care unit
GCF_005886755.1_ASM588675v1,NA,soil
GCF_013374175.1_ASM1337417v1,Homo sapiens,stomach
GCF_004141755.1_ASM414175v1,NA,food
GCF_040822405.1_ASM4082240v1,Homo sapiens,NA
GCF_024652845.1_ASM2465284v1,NA,bird (jay)
GCF_023518235.1_ASM2351823v1,NA,From China
GCF_035226565.1_ASM3522656v1,Homo sapiens,Blood culture
GCF_021513035.1_ASM2151303v1,Homo sapiens,NA
GCF_007036205.1_ASM703620v1,NA,NA
GCF_000747565.1_ASM74756v1,Caenorhabditis briggsae,soil
GCF_030996445.1_ASM3099644v1,cat,blood
GCF_024331525.2_ASM2433152v2,Homo sapiens,stool sample
GCF_002007805.1_ASM200780v1,NA,sewage water
GCF_030845495.1_ASM3084549v1,Homo sapiens,respiratory
GCF_000493675.1_DT104,NA,NA
GCF_029319035.1_ASM2931903v1,bovine,NA
GCF_018449025.1_ASM1844902v1,NA,milk
GCF_905335685.2_AI3059v2_cp,Homo sapiens,Hospital Puerta de Hierro (Madrid)
GCF_016454785.1_ASM1645478v1,NA,swine
GCF_017101655.1_ASM1710165v1,Bovine,feces
GCF_001305655.1_ASM130565v1,NA,brine
GCF_013834745.1_ASM1383474v1,NA,Pooled cattle faecal samples collected from floor of farm
GCF_032941735.1_ASM3294173v1,Homo sapiens,sputum
GCF_036289005.1_ASM3628900v1,sludge,NA
GCF_040543165.1_ASM4054316v1,NA,rumen fluid
GCF_024610615.1_ASM2461061v1,NA,vinegar
GCF_026016525.1_ASM2601652v1,NA,agricultural soil
GCF_040763085.1_ASM4076308v1,Homo sapiens,Gut
GCF_024732365.1_ASM2473236v1,Homo sapiens,stool
GCF_024364985.1_ASM2436498v1,Homo sapiens,NA
GCF_031851585.1_ASM3185158v1,Homo sapiens,NA
GCF_003048875.2_ASM304887v2,Homo sapiens,saliva
GCF_000419425.1_ASM41942v1,NA,NA
GCF_036896575.1_ASM3689657v1,NA,lake
GCF_027557445.1_ASM2755744v1,NA,chicken faeces
GCF_022699225.1_ASM2269922v1,Homo sapiens,blood
GCF_014170975.1_ASM1417097v1,Turkey,NA
GCF_023376095.1_UTI-2_GENOME,Homo sapiens,bladder epithelial biopsy from 30-year-old female patient with recurrent urinary tract infection
GCF_018326105.1_ASM1832610v1,Mizuhopecten yessoensis,adductor muscle lesion of Mizuhopecten yessoensis
GCF_010365265.1_ASM1036526v1,Fava bean,nodules
GCF_004847605.1_ASM484760v1,Homo sapiens,stool
GCF_000742715.1_ASM74271v1,NA,ATCC
GCF_013791065.1_ASM1379106v1,NA,Wastewater influent sample
GCF_029392915.1_ASM2939291v1,Ruminant,NA
GCF_000009785.1_ASM978v1,NA,isolated from the deepest Ocean
GCF_009740045.1_ASM974004v1,Homo sapiens,NA
GCF_002741555.1_ASM274155v1,NA,NA
GCF_033613815.1_ASM3361381v1,Homo sapiens,feces
GCF_022559045.1_ASM2255904v1,Homo sapiens,NA
GCF_018409545.1_ASM1840954v1,NA,liquid water
GCF_024585785.1_ASM2458578v1,Pig,Rectal Swab
GCF_025398095.1_ASM2539809v1,Homo sapiens,NA
GCF_003096075.1_ASM309607v1,NA,soil
GCF_022759865.1_ASM2275986v1,Homo sapiens,stool
GCF_037558665.1_ASM3755866v1,Chicken,NA
GCF_036345175.1_ASM3634517v1,NA,NA
GCF_000364385.3_ASM36438v3,NA,NA
GCF_001677475.2_ASM167747v2,NA,alfalfa sprout
GCF_009884395.1_ASM988439v1,Homo sapiens,rectum
GCF_017638905.1_ASM1763890v1,Homo sapiens,stool
GCF_027945095.1_ASM2794509v1,Homo sapiens,feces from healthy subject
GCF_003193765.1_ASM319376v1,NA,NA
GCF_028335365.1_ASM2833536v1,Bos taurus,fecal sample
GCF_037892375.1_ASM3789237v1,Micropterus salmoides,NA
GCF_036232765.1_ASM3623276v1,Homo sapiens,Cystic fibrosis human lung
GCF_031659955.1_ASM3165995v1,Homo sapiens,urine
GCF_904864525.1_INF350,Homo sapiens,sputum
GCF_001854305.1_ASM185430v1,NA,Sungai Pinang; Penang; Malaysia
GCF_032704305.1_ASM3270430v1,Homo sapiens,nasopharyngeal secretion
GCF_025561585.1_ASM2556158v1,Camel,milk
GCF_030286005.1_ASM3028600v1,Strawberry,NA
GCF_030064715.1_ASM3006471v1,camel,feces
GCF_008931405.1_ASM893140v1,Homo sapiens,clinical sample
GCF_016653515.1_ASM1665351v1,NA,Kefir
GCF_031182935.1_ASM3118293v1,NA,Human feces
GCF_013390245.1_ASM1339024v1,NA,NA
GCF_013255915.1_ASM1325591v1,duck,intestine
GCF_029168515.1_ASM2916851v1,Homo sapiens,blood
GCF_009834245.1_ASM983424v1,Androsace koso-poljanskii,plant
GCF_039926885.1_ASM3992688v1,NA,NA
GCF_014489355.1_ASM1448935v1,NA,Black sea sediments
GCF_019890915.1_ASM1989091v1,NA,indoor air
GCF_009667855.1_ASM966785v1,Homo sapiens,NA
GCF_036365825.1_ASM3636582v1,NA,seawater
GCF_031851515.1_ASM3185151v1,Larus michahellis,NA
GCF_019329685.1_ASM1932968v1,Homo sapiens,NA
GCF_032385915.1_ASM3238591v1,NA,NA
GCF_007106705.1_ASM710670v1,NA,soil
GCF_014605875.1_ASM1460587v1,Rattus norvegicus,NA
GCF_022494785.1_ASM2249478v1,NA,river water
GCF_040048365.1_ASM4004836v1,NA,retail shell egg
GCF_023734875.1_ASM2373487v1,Homo sapiens,NA
GCF_036897355.1_ASM3689735v1,Homo sapiens,urine
GCF_000298555.2_ASM29855v2,Meleagris gallopavo,turkey
GCF_019720835.1_ASM1972083v1,NA,rice leaf
GCF_000316665.1_ASM31666v1,NA,unialgal culture in marine water
GCF_027286385.1_ASM2728638v1,NA,salt water
GCF_001571545.2_ASM157154v2,Homo sapiens,NA
GCF_032945095.1_ASM3294509v1,Homo sapiens,sputum
GCF_036363425.1_ASM3636342v1,NA,nitrile contaminated soil
GCF_033807875.1_ASM3380787v1,Legume root,NA
GCF_016026395.1_ASM1602639v1,NA,NA
GCF_028009925.1_ASM2800992v1,Atlantic salmon (Salmo salar L.),NA
GCF_036227165.1_ASM3622716v1,NA,NA
GCF_000010745.1_ASM1074v1,NA,NA
GCF_003516005.1_ASM351600v1,Homo sapiens,blood
GCF_001577505.1_ASM157750v1,Homo sapiens,Cerebrospinal fluid
GCF_022558665.1_ASM2255866v1,Homo sapiens,urine
GCF_015694045.1_ASM1569404v1,Homo sapiens,urine
GCF_001675125.1_ASM167512v1,Homo sapiens,NA
GCF_008728695.1_ASM872869v1,Homo sapiens,urine
GCF_001955695.1_ASM195569v1,NA,environment
GCF_038380095.1_ASM3838009v1,Sus scrofa domesticus,NA
GCF_024298625.1_ASM2429862v1,Brassica rapa subsp. pekinensis,NA
GCF_001705565.1_ASM170556v1,NA,strawberry leaf tissue
GCF_016889825.1_ASM1688982v1,NA,NA
GCF_009856585.1_ASM985658v1,Homo sapiens,NA
GCF_019973715.1_ASM1997371v1,NA,NA
GCF_021733145.1_ASM2173314v1,Paralichthtys olivaceus (Olive flounder),NA
GCF_023374915.1_ASM2337491v1,Homo sapiens,postoperative intraabdominal drainage liquid
GCF_020731415.2_ASM2073141v2,Melilotus albus,root nodule
GCF_000441555.1_ASM44155v1,Diaphorina citri,NA
GCF_013167355.1_ASM1316735v1,Homo sapiens,NA
GCF_026727675.1_ASM2672767v1,NA,wetland soil
GCF_002844685.1_ASM284468v1,Duck,Whole blood of a duck with colibacillosis
GCF_040822495.1_ASM4082249v1,Homo sapiens,feces
GCF_004014965.1_ASM401496v1,NA,Korean infant feces
GCF_024722475.1_ASM2472247v1,NA,chicken meat products
GCF_003355455.1_ASM335545v1,NA,marine sediment
GCF_013340805.1_ASM1334080v1,Homo sapiens,human stool
GCF_030867405.1_ASM3086740v1,NA,patient
GCF_033547095.1_ASM3354709v1,NA,lake sediment
GCF_013167135.1_ASM1316713v1,NA,beef
GCF_003571765.1_ASM357176v1,chicken,stool
GCF_003018855.1_ASM301885v1,Homo sapiens,stool
GCF_032939275.1_ASM3293927v1,Homo sapiens,stool
GCF_025558385.1_ASM2555838v1,Camel,milk
GCF_030490555.1_ASM3049055v1,Homo sapiens,NA
GCF_019915545.1_ASM1991554v1,Homo sapiens,Swab from Wound
GCF_018972265.1_ASM1897226v1,Homo sapiens,NA
GCF_017909455.1_ASM1790945v1,Vigna radiata,NA
GCF_025723105.1_ASM2572310v1,Homo sapiens,NA
GCF_021166335.2_ASM2116633v2,Homo sapiens,BAL
GCF_037482175.1_Halobacterium_salinarum_KBTZ02,NA,Hypersaline lake
GCF_001880245.1_ASM188024v1,Homo sapiens,Human clinical
GCF_037495355.1_ASM3749535v1,Homo sapiens,NA
GCF_001280225.1_ASM128022v1,Aphis glycines,whole body
GCF_016757755.1_ASM1675775v1,NA,sediment
GCF_019823085.1_ASM1982308v1,Rhizosphere of Soybean,NA
GCF_000253175.1_ASM25317v1,NA,NA
GCF_000015565.1_ASM1556v1,NA,NA
GCF_017164915.1_ASM1716491v1,NA,Bovine Faeces
GCF_024599955.1_ASM2459995v1,swine,fecal sample
GCF_036227305.1_ASM3622730v1,NA,NA
GCF_038441225.1_ASM3844122v1,Homo sapiens,respiratory
GCF_003856475.1_ASM385647v1,Homo sapiens,respiratory tract
GCF_009764195.1_ASM976419v1,NA,NA
GCF_022558405.1_ASM2255840v1,Homo sapiens,NA
GCF_026559715.1_ASM2655971v1,NA,NA
GCF_028220015.1_ASM2822001v1,Homo sapiens,lavage fluid
GCF_016952955.2_ASM1695295v2,NA,Dairy Fermentation
GCF_000163055.2_ASM16305v2,Homo sapiens,biological product [ENVO:02000043]
GCF_028532705.1_ASM2853270v1,NA,duck
GCF_009857035.1_ASM985703v1,Homo sapiens,urine sample
GCF_000021825.1_ASM2182v1,NA,NA
GCF_015571895.1_ASM1557189v1,Sus scrofa domesticus,feces
GCF_035323105.1_ASM3532310v1,NA,Irrigation water
GCF_004114755.1_ASM411475v1,Homo sapiens,infant feces
GCF_007107525.1_ASM710752v1,Homo sapiens,NA
GCF_002237575.1_ASM223757v1,Ellychnia corrusca,NA
GCF_023538995.1_ASM2353899v1,Homo sapiens,Human gut
GCF_039912305.1_ASM3991230v1,Bos taurus,culture
GCF_014904435.2_ASM1490443v2,pig,pig farm
GCF_018138305.2_ASM1813830v2,Homo sapiens,urine
GCF_008124365.1_ASM812436v1,NA,mouse gut
GCF_030585445.1_ASM3058544v1,NA,lamb meat
GCF_002109365.1_ASM210936v1,NA,Base of single tree in sidewalk along Rollins Rd. Evidence of many dogs; Boston; Mass
GCF_019134655.1_ASM1913465v1,Ixodes ricinus,NA
GCF_027625995.1_ASM2762599v1,NA,freshwater
GCF_020736305.1_ASM2073630v1,NA,NA
GCF_002950255.1_ASM295025v1,NA,NA
GCF_000011805.1_ASM1180v1,NA,NA
GCF_009951745.1_ASM995174v1,NA,patient
GCF_030013475.1_ASM3001347v1,Sus scrofa,feces
GCF_001932875.1_ASM193287v1,Salmo salar,Liver
GCF_025987785.1_ASM2598778v1,Phaseolus vulgaris,leaf
GCF_025142735.1_ASM2514273v1,NA,ENVO:00002034
GCF_000025545.1_ASM2554v1,NA,NA
GCF_025490555.1_ASM2549055v1,Sempervivum tectorum (houseplant),rhizosphere
GCF_027595045.1_ASM2759504v1,Homo sapiens,NA
GCF_002240375.2_ASM224037v2,Chicken,NA
GCF_026547095.1_ASM2654709v1,Homo sapiens,Nose
GCF_003855415.1_ASM385541v1,Homo sapiens,rectum
GCF_033189955.1_ASM3318995v1,NA,oral swab
GCF_030020725.1_ASM3002072v1,Homo sapiens,urine
GCF_003354865.1_ASM335486v1,Homo sapiens,blood
GCF_013694405.1_ASM1369440v1,Homo sapiens,NA
GCF_023066865.1_ASM2306686v1,Homo sapiens,NA
GCF_019798025.1_ASM1979802v1,Homo sapiens,Blood
GCF_011995665.1_ASM1199566v1,Solanum lycopersicum (tomato),tomato with bacterial canker symptoms at Pichidegua
GCF_030489865.1_ASM3048986v1,Homo sapiens,NA
GCF_001936375.1_ASM193637v1,Cow,NA
GCF_949789875.1_23495_7_287_h_nanopore,Bos taurus,bovine milk
GCF_904830915.1_P._agardhii_PCC7805,NA,NA
GCF_025369755.1_ASM2536975v1,Gallus gallus,feces
GCF_030020575.1_ASM3002057v1,Homo sapiens,urine
GCF_002025105.1_ASM202510v1,Bacillus thuringiensis subsp,NA
GCF_006088855.1_ASM608885v1,Bos taurus,placenta
GCF_000317495.1_ASM31749v1,NA,not provided; submitted under MIGS 2.1
GCF_028748165.1_ASM2874816v1,Culex pipiens,mosquito midgut
GCF_003428845.1_ASM342884v1,Homo sapiens,blood
GCF_023299725.1_ASM2329972v1,NA,pet food (BARF)
GCF_024364925.1_ASM2436492v1,Homo sapiens,NA
GCF_022699285.1_ASM2269928v1,Homo sapiens,skin
GCF_008926105.1_ASM892610v1,NA,NA
GCF_001705365.1_ASM170536v1,NA,NA
GCF_001577305.1_ASM157730v1,NA,NA
GCF_021184105.1_ASM2118410v1,Homo sapiens,fecal sample from patient
GCF_002984285.1_ASM298428v1,Homo sapiens,Stool
GCF_014805805.1_ASM1480580v1,Goat,feces
GCF_028994055.1_ASM2899405v1,chicken,feces
GCF_025559765.1_ASM2555976v1,Camel,milk
GCF_001022015.1_ASM102201v1,Homo sapiens,Urine/Genitourinary
GCF_016728805.1_ASM1672880v1,NA,NA
GCF_903993095.2_AI2770v1_cp,Homo sapiens,Hospital Univeristario de Bellvitge (Barcelona)
GCF_016454725.1_ASM1645472v1,NA,bovine
GCF_029691725.1_ASM2969172v1,Homo sapiens,Driveline
GCF_008823185.1_ASM882318v1,Sus scrofa domesticus,healthy pig from farm
GCF_024266505.1_ASM2426650v1,Homo sapiens,stool
GCF_016647595.1_ASM1664759v1,Homo sapiens,gut mucosa
GCF_025958925.1_ASM2595892v1,Homo sapiens,NA
GCF_003330965.1_ASM333096v1,NA,soil
GCF_013347285.1_ASM1334728v1,NA,soil
GCF_030845435.1_ASM3084543v1,Homo sapiens,urine
GCF_006349735.2_ASM634973v2,black pepper plant,root
GCF_002951675.1_ASM295167v1,Homo sapiens,urine
GCF_948151475.1_BF5_0283_v1,NA,NA
GCF_022811665.1_ASM2281166v1,NA,Andong Sikhe (Andong rice punch)
GCF_000317105.1_ASM31710v1,NA,soil
GCF_006970545.1_ASM697054v1,NA,soil
GCF_037799595.1_ASM3779959v1,Homo sapiens,NA
GCF_026247965.1_ASM2624796v1,Homo sapiens,urine
GCF_037514805.1_ASM3751480v1,Cat,NA
GCF_019056415.1_ASM1905641v1,Homo sapiens,stool
GCF_038178705.1_ASM3817870v1,NA,sewage
GCF_000783815.2_ASM78381v2,Homo sapiens,abscess
GCF_000462975.1_ASM46297v1,Paralichthys olivaceus (flounder),NA
GCF_021398505.1_ASM2139850v1,Apis mellifera,apiaries
GCF_037482255.1_BSN155_contigs,Homo sapiens,blood
GCF_006442795.2_ASM644279v2,NA,soil
GCF_024331585.2_ASM2433158v2,Homo sapiens,stool sample
GCF_018623335.1_ASM1862333v1,Homo sapiens,Pus
GCF_027944615.1_ASM2794461v1,NA,ICU staff rectal swab
GCF_001908295.1_ASM190829v1,NA,NA
GCF_037572835.1_ASM3757283v1,Chicken,NA
GCF_009664025.1_ASM966402v1,Homo sapiens,stool
GCF_001448665.2_ASM144866v2,Lacertilia,blood
GCF_021513095.1_ASM2151309v1,Homo sapiens,NA
GCF_023611785.1_ASM2361178v1,Homo sapiens,urethra
GCF_000300295.4_ASM30029v4,NA,Coho salmon
GCF_030271995.1_ASM3027199v1,pig,pork
GCF_900039485.1_DEMHIR,NA,NA
GCF_025560305.1_ASM2556030v1,walnut,crown gall
GCF_007106885.1_ASM710688v1,NA,soil
GCF_035201625.1_ASM3520162v1,Homo sapiens,abdominal drainage
GCF_024362525.1_ASM2436252v1,NA,sediment
GCF_023360995.1_ASM2336099v1,Homo sapiens,tracheal aspirate
GCF_002218045.2_ASM221804v2,NA,waste water
GCF_000239195.1_ASM23919v1,NA,NA
GCF_025560165.1_ASM2556016v1,walnut,crown gall
GCF_000950575.1_ASM95057v1,NA,water from surface of lake
GCF_004006545.1_ASM400654v1,NA,feces
GCF_020904955.2_ASM2090495v2,Homo sapiens,urethal swab
GCF_032924845.1_ASM3292484v1,Macrocystis pyrifera gametophyte,Laboratory
GCF_038441215.1_ASM3844121v1,Homo sapiens,Abs/pus/wd
GCF_002893825.1_ASM289382v1,Homo sapiens,NA
GCF_025765855.1_ASM2576585v1,Oryza sativa,NA
GCF_036630125.1_cd221108_barcode08,Homo sapiens,stool sample
GCF_003986605.1_ASM398660v1,NA,Lava
GCF_000470655.1_HATI1,NA,NA
GCF_000304415.1_RM41,NA,NA
GCF_024917935.1_ASM2491793v1,Homo sapiens,blood
GCF_020702515.2_ASM2070251v2,Homo sapiens,NA
GCF_020827555.1_ASM2082755v1,Homo sapiens,blood
GCF_008330045.1_ASM833004v1,Homo sapiens,blood
GCF_003855215.1_ASM385521v1,Homo sapiens,urethra
GCF_037021625.1_ASM3702162v1,Sus scrofa domesticus,NA
GCF_014217295.1_ASM1421729v1,Penaeus vannamei,hepatopancreas
GCF_000522985.1_ASM52298v1,NA,NA
GCF_021655435.1_ASM2165543v1,Homo sapiens,human feces
GCF_032595075.1_ASM3259507v1,Sus scrofa domesticus,NA
GCF_904067005.1_Strain_008,Canis lupus familiaris,Recovered dog
GCF_039909535.1_ASM3990953v1,Sus scrofa domesticus,culture
GCF_018075305.1_ASM1807530v1,Homo sapiens,sputum
GCF_016067215.1_ASM1606721v1,duck,viscera
GCF_030845655.1_ASM3084565v1,Homo sapiens,blood
GCF_018279085.1_ASM1827908v1,chicken,intestinal and liver
GCF_904863375.1_MINF_1A,Homo sapiens,swab
GCF_003020765.1_ASM302076v1,Homo sapiens,blood
GCF_034125425.1_ASM3412542v1,Homo sapiens,Puncturesolution
GCF_021137895.1_ASM2113789v1,Homo sapiens,NA
GCF_000283655.1_ASM28365v1,NA,NA
GCF_004117135.1_ASM411713v1,NA,Leaf from Rome apple cultivar
GCF_001663195.1_ASM166319v1,Homo sapiens,NA
GCF_000876675.2_ASM87667v2,NA,podzolic fallow soil sampled from the ARRIAM experimental field
GCF_017910955.1_ASM1791095v1,NA,Concrete
GCF_016454545.1_ASM1645454v1,NA,bovine
GCF_037157685.1_ASM3715768v1,Homo sapiens,bronchoalveolar lavage fluid
GCF_002953435.1_ASM295343v1,Homo sapiens,faecal sample
GCF_009952125.1_ASM995212v1,NA,goat
GCF_026506375.1_ASM2650637v1,NA,Chicken heart (Gallus gallus)
GCF_030506155.1_ASM3050615v1,NA,stool
GCF_019355455.1_ASM1935545v1,Homo sapiens,NA
GCF_030162195.2_ASM3016219v2,NA,NA
GCF_002224565.1_ASM222456v1,NA,food
GCF_023238205.1_ASM2323820v1,NA,saline soil
GCF_000009485.1_ASM948v1,NA,cystic fibrosis patient
GCF_023299545.1_ASM2329954v1,NA,pet food (BARF)
GCF_031021005.1_ASM3102100v1,NA,raw almonds
GCF_024662455.1_ASM2466245v1,NA,NA
GCF_009892325.1_ASM989232v1,Homo sapiens,Peritoneal dialysis liquid
GCF_901827185.1_ASM90182718v1,NA,linuron-contaminated soil
GCF_022353905.1_ASM2235390v1,NA,Shek Wu Hui WWTPs_69 WWTPs effluent
GCF_016802355.1_ASM1680235v1,Homo sapiens,urine
GCF_000695235.1_ASM69523v1,NA,environment
GCF_016027775.1_ASM1602777v1,NA,NA
GCF_964059165.1_Catheobaldi-2779_v1.0,Cavariella theobaldi,NA
GCF_018741145.1_ASM1874114v1,NA,soil
GCF_012849215.1_ASM1284921v1,NA,Flower of Shittah tree
GCF_020035515.1_ASM2003551v1,NA,soil
GCF_022559285.1_ASM2255928v1,Homo sapiens,wound
GCF_036363445.1_ASM3636344v1,NA,nitrile contaminated soil
GCF_008086325.1_ASM808632v1,NA,Surface sea water
GCF_028749785.1_ASM2874978v1,Brassica oleracea var. capitata,Symptomatic leaf tissue
GCF_905329885.2_AI2826v1_cpp,Homo sapiens,Hospital Universitario Gregorio Maranon (Madrid)
GCF_028747785.1_ASM2874778v1,NA,solar salterns
GCF_019720855.1_ASM1972085v1,Homo sapiens,NA
GCF_023734815.1_ASM2373481v1,Homo sapiens,NA
GCF_003717675.1_ASM371767v1,NA,NA
GCF_025583585.2_ASM2558358v2,chicken,feces
GCF_000189515.1_ASM18951v1,NA,NA
GCF_013167335.1_ASM1316733v1,cattle,cattle feces
GCF_000967365.1_ASM96736v1,NA,NA
GCF_025558185.1_ASM2555818v1,Camel,Pus swab
GCF_008118345.1_ASM811834v1,Triticum aestivum,NA
GCF_013394515.1_ASM1339451v1,Homo sapiens,stool
GCF_016889845.1_ASM1688984v1,Homo sapiens,NA
GCF_013488205.1_ASM1348820v1,Homo sapiens,NA
GCF_949786365.1_EC0880B_R2,NA,Derived from parental isolate EC0880B in laboratory.
GCF_036884935.1_ASM3688493v1,NA,culture
GCF_024298645.1_ASM2429864v1,Raphanus sativus longipinnatus,NA
GCF_009937995.1_ASM993799v1,NA,snow
GCF_019973775.1_ASM1997377v1,NA,NA
GCF_013328855.1_ASM1332885v1,Homo sapiens,urine
GCF_018884865.1_ASM1888486v1,Homo sapiens,feces
GCF_030035325.1_ASM3003532v1,Ursus americanus,Piedmont
GCF_021733125.1_ASM2173312v1,Silurus asotus (catfish),NA
GCF_023374975.1_ASM2337497v1,Corylus avellana,leaf
GCF_018223765.1_ASM1822376v1,Homo sapiens,blood
GCF_900639495.1_E7471_hybrid_assembly,NA,NA
GCF_002250905.2_ASM225090v2,NA,Mashed potatoes
GCF_028335305.1_ASM2833530v1,Bos taurus,fecal sample
GCF_016066695.1_ASM1606669v1,Homo sapiens,urine
GCF_040285035.1_Xcm_TX4-attenuated_assembly,cotton,NA
GCF_015074805.1_ASM1507480v1,NA,NA
GCF_018085225.1_ASM1808522v1,NA,Cattle slaughter plant
GCF_029691775.1_ASM2969177v1,Homo sapiens,Forehead
GCF_006274405.1_ASM627440v1,Potato,Soil
GCF_000724485.1_ASM72448v1,NA,soil sample; enrichment culture methanol as carbon source
GCF_001922205.1_ASM192220v1,Homo sapiens,BAL
GCF_036345115.1_ASM3634511v1,NA,soil
GCF_022759805.1_ASM2275980v1,Homo sapiens,stool
GCF_900087715.2_WHOZ,NA,NA
GCF_001766295.1_ASM176629v1,NA,industrial building air scrubber liquid
GCF_040763075.1_ASM4076307v1,Homo sapiens,Gut
GCF_024138815.1_ASM2413881v1,NA,fresh-cut fruits
GCF_039640435.1_YP_5M,Oropsylla silantiewi,NA
GCF_017638965.1_ASM1763896v1,NA,surface water
GCF_009937785.1_ASM993778v1,Homo sapiens,NA
GCF_016598695.1_ASM1659869v1,NA,activated sludge
GCF_035610345.1_ASM3561034v1,alfalfa,NA
GCF_031174645.1_ASM3117464v1,NA,Swine intestine
GCF_002220465.1_ASM222046v1,Tobacco,NA
GCF_003855195.1_ASM385519v1,Homo sapiens,urethra
GCF_019890975.1_ASM1989097v1,Canis lupus familiaris,NA
GCF_020042625.1_ASM2004262v1,NA,cucumber rhizosphere
GCF_030013675.1_ASM3001367v1,Sus scrofa,feces
GCF_014489335.1_ASM1448933v1,Cat,NA
GCF_000021445.1_ASM2144v1,NA,NA
GCF_000022725.1_ASM2272v1,NA,NA
GCF_022354185.1_ASM2235418v1,NA,Shek Wu Hui WWTPs_97 WWTPs influent
GCF_019107705.1_ASM1910770v1,Homo sapiens,NA
GCF_040448705.1_ASM4044870v1,NA,food
GCF_040267455.1_ASM4026745v1,Chicken,NA
GCF_030297155.1_ASM3029715v1,Apostichopus japonicus,fertilized egg
GCF_013724765.1_ASM1372476v1,NA,Freshwater sample from upstream of wastewater treatment plant
GCF_003018455.1_ASM301845v1,Homo sapiens,stool
GCF_025142755.1_ASM2514275v1,NA,ENVO:00002034
GCF_025490535.1_ASM2549053v1,NA,Food-waste compost
GCF_013735435.1_ASM1373543v1,NA,Freshwater sample from downstream of wastewater treatment plant
GCF_034085295.1_ASM3408529v1,NA,soil
GCF_900497025.1_ASM90049702v1,NA,NA
GCF_024498895.1_ASM2449889v1,Homo sapiens,blood
GCF_030020745.1_ASM3002074v1,Homo sapiens,urine
GCF_027595025.1_ASM2759502v1,Homo sapiens,NA
GCF_022655645.1_ASM2265564v1,Homo sapiens,feces
GCF_020783495.1_ASM2078349v1,Humulus lupulus,NA
GCF_001183825.1_ASM118382v1,Homo sapiens,NA
GCF_022788695.1_ASM2278869v1,NA,Seawater from the North Sea by Helgoland
GCF_018351295.1_ASM1835129v1,Homo sapiens,healthy infant feces
GCF_008931185.1_ASM893118v1,NA,water
GCF_030585425.1_ASM3058542v1,NA,Natural product
GCF_025258845.1_ASM2525884v1,Homo sapiens,Wound/Abscess
GCF_903993215.2_AI3065v1_cp,Homo sapiens,Hospital Univeristario de Bellvitge (Barcelona)
GCF_900660585.1_51342_E01-3,canine,throat
GCF_022162985.1_ASM2216298v1,NA,Tahini
GCF_002180235.1_ASM218023v1,NA,NA
GCF_001983995.1_ASM198399v1,NA,Western North Pacific Station S1
GCF_015169775.1_ASM1516977v1,NA,activated sludge
GCF_001952875.1_ASM195287v1,Homo sapiens,NA
GCF_030179805.1_ASM3017980v1,Homo sapiens,swab
GCF_021233055.1_ASM2123305v1,NA,Surface layer of rice grains
GCF_024585585.1_ASM2458558v1,Poultry,Cloacal sample
GCF_037503705.1_ASM3750370v1,Homo sapiens,NA
GCF_002393265.1_ASM239326v1,Homo sapiens,Tissue grind
GCF_005518035.1_ASM551803v1,Homo sapiens,sputum
GCF_003944565.2_ASM394456v2,chicken,feces
GCF_016313165.1_ASM1631316v1,NA,Galchi-Kimchi
GCF_030295805.1_ASM3029580v1,pig,excrement
GCF_003324795.1_ASM332479v1,NA,NA
GCF_964053065.1_30859_5_287,NA,NA
GCF_025369735.1_ASM2536973v1,NA,NA
GCF_013694465.1_ASM1369446v1,NA,water
GCF_028335165.1_ASM2833516v1,Bos taurus,fecal sample
GCF_023066805.1_ASM2306680v1,Homo sapiens,NA
GCF_029277985.1_ASM2927798v1,Homo sapiens,human
GCF_007814725.1_ASM781472v1,NA,Buffalo milk
GCF_030408615.1_ASM3040861v1,Bos taurus,milk
GCF_030489805.1_ASM3048980v1,Homo sapiens,NA
GCF_003194005.1_ASM319400v1,NA,NA
GCF_001886915.1_ASM188691v1,NA,Kimchi
GCF_006741505.1_ASM674150v1,NA,NA
GCF_002763655.1_ASM276365v1,Actinidia chinensis,NA
GCF_028892975.1_ASM2889297v1,Bos taurus,Manila ropes placed above water tanks and feed bunks used as sampling devices
GCF_025723165.1_ASM2572316v1,NA,the feces of breast-fed infants
GCF_033863175.1_ASM3386317v1,Homo sapiens,patient
GCF_009661415.2_ASM966141v2,Homo sapiens,Gall bladder
GCF_029625455.1_ASM2962545v1,bovine,NA
GCF_006742565.1_ASM674256v1,NA,bone powder
GCF_013731305.1_ASM1373130v1,NA,Wastewater influent sample
GCF_035763005.1_ASM3576300v1,NA,NA
GCF_003934185.1_ASM393418v1,NA,NA
GCF_001908895.1_ASM190889v1,Homo sapiens,anal swab
GCF_023362095.1_ASM2336209v1,Homo sapiens,blood
GCF_013167155.1_ASM1316715v1,cattle,cattle feces
GCF_022922015.1_ASM2292201v1,Homo sapiens,gastric biopsy
GCF_012272955.1_ASM1227295v1,NA,activated sludge in our lab
GCF_039703215.1_ASM3970321v1,Marmot,NA
GCF_006228425.1_ASM622842v1,Punica granatum,NA
GCF_008931805.1_ASM893180v1,NA,seawater
GCF_030490535.1_ASM3049053v1,Homo sapiens,NA
GCF_037492985.1_ASM3749298v1,Homo sapiens,NA
GCF_020702545.2_ASM2070254v2,Homo sapiens,nasal cavity
GCF_019915525.1_ASM1991552v1,Homo sapiens,Swab from Wound
GCF_018972205.1_ASM1897220v1,Homo sapiens,NA
GCF_021398735.1_ASM2139873v1,NA,soil
GCF_002688565.1_ASM268856v1,white stork,pellet
GCF_017909435.1_ASM1790943v1,NA,Potato flake
GCF_030053175.1_ASM3005317v1,Phaseolus vulgaris,NA
GCF_036833795.1_ASM3683379v1,NA,soy sauce fermentation
GCF_019552205.1_ASM1955220v1,goose,Epidemic materials
GCF_021228655.1_ASM2122865v1,Homo sapiens,urine
GCF_030062915.1_ASM3006291v1,Meles meles,Feces
GCF_012050385.1_ASM1205038v1,Homo sapiens,Diarrheal patient
GCF_034642955.1_ASM3464295v1,Homo sapiens,Infected Human Urine
GCF_027286185.1_ASM2728618v1,Ixodes scapularis,Ixodes scapularis tick isolate by feeding on SCID mouse and isolated from blood sample in MKP-F culture
GCF_017164975.1_ASM1716497v1,NA,Bovine Faeces
GCF_016026195.1_ASM1602619v1,NA,NA
GCF_017352315.1_ASM1735231v1,NA,Hypersaline environment
GCF_014189245.1_ASM1418924v1,Homo sapiens,Rectum
GCF_038441245.1_ASM3844124v1,Homo sapiens,respiratory
GCF_036227365.1_ASM3622736v1,NA,NA
GCF_011466775.1_ASM1146677v1,Homo sapiens,clinical
GCF_024599935.1_ASM2459993v1,Canis lupus familiaris,healthy golden retriever
GCF_026559775.1_ASM2655977v1,NA,NA
GCF_037932795.1_ASM3793279v1,Homo sapiens,NA
GCF_002009155.1_ASM200915v1,NA,White-crowned sparrow
GCF_002892005.1_ASM289200v1,NA,zooplankton aquaculture
GCF_036263135.1_ASM3626313v1,Homo sapiens,NA
GCF_002097715.1_ASM209771v1,NA,soil
GCF_000816845.1_ASM81684v1,Phaseolus vulgaris,Agricultural field (no beans grown in the 5 previous years)
GCF_040267615.1_MRSN116333,Homo sapiens,Abscess
GCF_028222915.1_ASM2822291v1,Homo sapiens,sputum
GCF_004015145.1_ASM401514v1,NA,Korean adult feces
GCF_003018255.1_ASM301825v1,Homo sapiens,stool
GCF_021655635.1_ASM2165563v1,NA,grass silage
GCF_027944675.1_ASM2794467v1,NA,ICU staff rectal swab
GCF_030996485.1_ASM3099648v1,dog,Prostatic abscess
GCF_015355875.1_ASM1535587v1,NA,blood
GCF_019287035.1_ASM1928703v1,Homo sapiens,urine
GCF_904863365.1_INF049,Homo sapiens,urine
GCF_015138175.1_ASM1513817v1,NA,sewage
GCF_020883195.1_ASM2088319v1,Homo sapiens,NA
GCF_024652885.1_ASM2465288v1,Homo sapiens,Breast milk
GCF_030845455.1_ASM3084545v1,Homo sapiens,respiratory
GCF_000196515.1_ASM19651v1,NA,NA
GCF_000961495.1_ASM96149v1,citrus spp.,citrus infected tissue
GCF_013731155.1_ASM1373115v1,NA,Wastewater influent sample
GCF_001513615.1_ASM151361v1,cat,NA
GCF_011040475.1_ASM1104047v1,Apostichopus japonicus,Intestine content
GCF_026247905.1_ASM2624790v1,Homo sapiens,bronchoaspirate
GCF_040372575.1_ASM4037257v1,NA,hot spring water
GCF_014718535.1_ASM1471853v1,Homo sapiens,blood
GCF_002220265.1_ASM222026v1,Homo sapiens,Stool
GCF_000783435.2_ASM78343v2,Homo sapiens,endotracheal aspirate
GCF_036419355.1_ASM3641935v1,Homo sapiens,fecal sample
GCF_928375135.1_BB1542_assembly_hybrid,NA,NA
GCF_000155735.2_ASM15573v2,NA,150 km offshore
GCF_005490965.1_ASM549096v1,NA,air
GCF_001664165.1_ASM166416v1,Phaseolus vulgaris,legume-root nodule
GCF_001922405.1_ASM192240v1,Homo sapiens,NA
GCF_002853115.2_ASM285311v2,Homo sapiens,NA
GCF_001019255.2_ASM101925v2,Homo sapiens,child - hospital pneumology ward
GCF_038441015.1_ASM3844101v1,Homo sapiens,blood
GCF_900634805.1_E0139_hybrid_assembly,NA,NA
GCF_000817935.1_ASM81793v1,Homo sapiens,stool (infant)
GCF_000697965.2_ASM69796v2,NA,silty clay loam soil (pH 6.1)
GCF_038096295.1_BSN157,Homo sapiens,blood
GCF_020079945.1_ASM2007994v1,NA,cucumber rhizosphere
GCF_023299745.1_ASM2329974v1,NA,pet food (BARF)
GCF_000583775.1_ASM58377v1,turkey,NA
GCF_900607305.1_BPH2056,NA,Unknown
GCF_000830005.1_ASM83000v1,NA,soil
GCF_040142445.1_MDR_U01,Homo sapiens,Abdominal abscess
GCF_033247905.1_ASM3324790v1,Duck,NA
GCF_024364945.1_ASM2436494v1,Homo sapiens,NA
GCF_025452195.1_ASM2545219v1,Vicia costata,root nodule
GCF_030732205.1_ASM3073220v1,NA,soil
GCF_002080415.1_ASM208041v1,Skeletonema marinoi strain RO5AC,Top-layer sediments
GCF_004684305.1_ASM468430v1,NA,diarrheal snake diarrheal snake in Hunan
GCF_009832885.1_ASM983288v1,NA,NA
GCF_033869415.1_ASM3386941v1,Homo sapiens,patient
GCF_029961305.1_ASM2996130v1,Homo sapiens,Wound/Abscess
GCF_900520325.1_ASM90052032v1,NA,NA
GCF_002196515.1_ASM219651v1,NA,Water
GCF_016027575.1_ASM1602757v1,NA,NA
GCF_029011355.1_ASM2901135v1,Homo sapiens,vagina
GCF_001183725.2_ASM118372v2,Homo sapiens,Purulent abscess
GCF_000733715.2_ASM73371v2,NA,rhizosphere soil
GCF_001606135.1_ASM160613v1,Homo sapiens,Cord blood
GCF_016617715.1_ASM1661771v1,NA,river bed soil
GCF_003606405.1_ASM360640v1,NA,Maotai Daqu
GCF_000747315.1_ASM74731v1,Homo sapiens,blood culture
GCF_016728865.1_ASM1672886v1,NA,combined sewer effluent
GCF_003717075.1_ASM371707v1,NA,NA
GCF_039954855.1_ASM3995485v1,NA,dairy products
GCF_018140945.1_ASM1814094v1,Homo sapiens,urine
GCF_029691745.1_ASM2969174v1,Homo sapiens,Driveline
GCF_002055965.1_ASM205596v1,NA,NA
GCF_002918585.2_ASM291858v2,NA,NA
GCF_004535885.1_ASM453588v1,NA,Marine Biofilm
GCF_024266565.1_ASM2426656v1,Homo sapiens,stool
GCF_004768545.1_ASM476854v1,NA,sewage sludge
GCF_000972785.3_ASM97278v3,NA,soil litter close to Oxalis sp.
GCF_020541885.1_ASM2054188v1,Homo sapiens,fecal material [ENVO:00002003]
GCF_000218565.1_ASM21856v1,NA,NA
GCF_014931695.1_ASM1493169v1,Homo sapiens,Transtracheal aspirate
GCF_040869025.1_ASM4086902v1,Paralichthys olivaceus,NA
GCF_032708865.1_ASM3270886v1,Homo sapiens,NA
GCF_025559705.1_ASM2555970v1,Camel,NA
GCF_022923695.1_ASM2292369v1,Homo sapiens,gastric biopsy
GCF_028994255.1_ASM2899425v1,NA,Fermented cherry juice
GCF_030179835.1_ASM3017983v1,NA,Hopper
GCF_005160365.1_ASM516036v1,Homo sapiens,NA
GCF_025559565.1_ASM2555956v1,Camel,milk
GCF_026314315.1_ASM2631431v1,NA,crude oil contaminated soil
GCF_000264765.2_ASM26476v2,Anguilla japonica,NA
GCF_016454525.1_ASM1645452v1,NA,bovine
GCF_024266705.1_ASM2426670v1,NA,sediment
GCF_003324815.1_ASM332481v1,NA,NA
GCF_026506315.1_ASM2650631v1,NA,Chicken blood (Gallus gallus)
GCF_021474305.1_ASM2147430v1,Homo sapiens,patient
GCF_004010675.1_ASM401067v1,NA,Stool
GCF_009856605.1_ASM985660v1,NA,thermal spring
GCF_001610995.1_ASM161099v1,NA,activated sludge
GCF_016027715.1_ASM1602771v1,NA,NA
GCF_928376025.1_BB1539_assembly_hybrid,NA,NA
GCF_022353965.1_ASM2235396v1,NA,Shek Wu Hui WWTPs_64 WWTPs effluent
GCF_000219415.3_ASM21941v3,Phaseolus vulgaris,NA
GCF_016802335.1_ASM1680233v1,Homo sapiens,urine
GCF_024181685.1_ASM2418168v1,NA,Sour porridge
GCF_018741125.1_ASM1874112v1,NA,soil
GCF_037782195.1_ASM3778219v1,Chicken,NA
GCF_006228225.1_ASM622822v1,NA,NA
GCF_013624225.1_ASM1362422v1,NA,Freshwater sample from downstream of wastewater treatment plant
GCF_011765565.1_ASM1176556v1,NA,Fermented shrimp paste
GCF_021491615.1_ASM2149161v1,Homo sapiens,blood
GCF_003589865.1_ASM358986v1,cattle,NA
GCF_023299525.1_ASM2329952v1,NA,pet food (BARF)
GCF_024662435.1_ASM2466243v1,NA,NA
GCF_037914955.1_pKPC_NDMdeltaNDM,NA,Laboratory
GCF_020424045.1_ASM2042404v1,Homo sapiens,NA
GCF_000009585.1_ASM958v1,NA,NA
GCF_020341655.1_ASM2034165v1,Homo sapiens,mitral valve
GCF_003296225.1_ASM329622v1,Homo sapiens,Tracheal secretion
GCF_001617565.1_ASM161756v1,Homo sapiens,NA
GCF_012975085.1_ASM1297508v1,Homo sapiens,tissue
GCF_023094015.1_ASM2309401v1,NA,dry soil
GCF_024917955.1_ASM2491795v1,Homo sapiens,blood
GCF_035223645.1_ASM3522364v1,Homo sapiens,Blood culture
GCF_001895905.1_ASM189590v1,Homo sapiens,Blood
GCF_016903295.1_ASM1690329v1,Homo sapiens,NA
GCF_011045795.1_ASM1104579v1,NA,a feces sample of swine origin
GCF_003665675.1_ASM366567v1,Homo sapiens,NA
GCF_023716825.1_ASM2371682v1,NA,beehive
GCF_002393465.1_ASM239346v1,Homo sapiens,Stool
GCF_030845635.1_ASM3084563v1,Homo sapiens,respiratory
GCF_002240075.1_ASM224007v1,NA,hospitalized patients
GCF_021766015.1_ASM2176601v1,Seriola lalandi,fish
GCF_025200695.1_ASM2520069v1,Trigonella foenum-graecum,NA
GCF_001908715.1_ASM190871v1,Homo sapiens,Urine
GCF_013349085.1_ASM1334908v1,Homo sapiens,sputum
GCF_039640445.1_YP_2,fleas,NA
GCF_904866235.1_INF122,Homo sapiens,urine
GCF_014858565.1_ASM1485856v1,Homo sapiens,stool
GCF_014718755.1_ASM1471875v1,Homo sapiens,blood
GCF_008931785.1_ASM893178v1,Homo sapiens,rectal swab
GCF_037575085.1_ASM3757508v1,Chicken,NA
GCF_030490505.1_ASM3049050v1,Homo sapiens,NA
GCF_029718025.1_ASM2971802v1,NA,Pooled sediment sample collected from floor of pig farm
GCF_020702575.2_ASM2070257v2,Homo sapiens,NA
GCF_000347615.1_ASM34761v1,NA,NA
GCF_013748235.1_ASM1374823v1,NA,Freshwater sample from downstream of wastewater treatment plant
GCF_003019075.1_ASM301907v1,NA,NA
GCF_023516095.1_ASM2351609v1,Homo sapiens,Human feces
GCF_015136315.1_ASM1513631v1,NA,sewage
GCF_021655455.1_ASM2165545v1,Homo sapiens,human blood
GCF_005305005.1_ASM530500v1,Homo sapiens,feces
GCF_015290145.1_ASM1529014v1,NA,Human fecal samples
GCF_002891665.1_ASM289166v1,NA,cleaning system aquaculture
GCF_021513295.1_ASM2151329v1,Homo sapiens,sputum
GCF_002356175.1_ASM235617v1,Homo sapiens,NA
GCF_001806385.1_ASM180638v1,Homo sapiens,Sputum
GCF_904859905.1_MSB1_1H,Homo sapiens,rectal swab
GCF_000967135.1_CFV,NA,NA
GCF_033688105.1_ASM3368810v1,NA,hospital
GCF_008727415.1_ASM872741v1,NA,NA
GCF_027570015.1_ASM2757001v1,Homo sapiens,Unstimulated saliva
GCF_002215195.1_ASM221519v1,Medicago arborea,NA
GCF_002116715.2_ASM211671v2,chicken,intestine
GCF_003860465.1_ASM386046v1,NA,R2A medium
GCF_028335445.1_ASM2833544v1,Bos taurus,fecal sample
GCF_019048485.1_ASM1904848v1,NA,NA
GCF_014490685.2_ASM1449068v2,Homo sapiens,urine
GCF_025677685.1_ASM2567768v1,NA,spicy squid salad
GCF_036232045.1_ASM3623204v1,NA,NA
GCF_020882055.1_ASM2088205v1,NA,swine
GCF_022570415.1_ASM2257041v1,NA,Intubated patient
GCF_000344335.2_ASM34433v2,Actinidia,NA
GCF_900620235.1_BPH2900,Homo sapiens,blood
GCF_001929095.2_ASM192909v2,Oryza sativa,NA
GCF_003812245.1_ASM381224v1,Homo sapiens,UCC isolate
GCF_022648965.1_ASM2264896v1,Homo sapiens,NA
GCF_025854215.1_ASM2585421v1,NA,ENVIRONMENT
GCF_002117225.1_ASM211722v1,NA,wheat beer
GCF_000009945.1_ASM994v1,NA,NA
GCF_002812485.1_ASM281248v1,Pyrus pyrifolia,NA
GCF_014904175.2_ASM1490417v2,pig,pig farm
GCF_020172765.2_ASM2017276v2,NA,fresh water [ENVO:00002011]
GCF_036142455.1_ASM3614245v1,NA,soil
GCF_004324145.2_ASM432414v2,NA,feces
GCF_003590145.2_ASM359014v2,NA,marine macroalga Fucus spiralis
GCF_024800665.1_ASM2480066v1,NA,vegetable fermented food
GCF_023361835.1_ASM2336183v1,Homo sapiens,sputum
GCF_024363485.1_ASM2436348v1,NA,Brain-Heart-Infusion
GCF_000019685.1_ASM1968v1,NA,NA
GCF_004124095.2_ASM412409v2,NA,food
GCF_027595505.1_ASM2759550v1,Homo sapiens,BAL
GCF_022369595.1_ASM2236959v1,Homo sapiens,NA
GCF_017821355.1_ASM1782135v1,Homo sapiens,Biopsy
GCF_029774235.1_ASM2977423v1,Homo sapiens,NA
GCF_035200785.1_ASM3520078v1,Homo sapiens,gastrointestinal tract
GCF_025142275.1_ASM2514227v1,NA,ENVO:00002034
GCF_016127515.1_ASM1612751v1,NA,NA
GCF_002216875.1_ASM221687v1,Homo sapiens,NA
GCF_900183975.1_PD885.1,NA,NA
GCF_018406445.1_ASM1840644v1,Oryza sativa,soil
GCF_015476075.1_ASM1547607v1,NA,kimchi
GCF_028220555.1_ASM2822055v1,Homo sapiens,sputum
GCF_037023865.1_ASM3702386v1,NA,Rhizopheric soil of canola
GCF_001277235.1_ASM127723v1,NA,milk powder production facility
GCF_038436665.1_ASM3843666v1,Homo sapiens,blood
GCF_001646605.1_ASM164660v1,NA,probiotics
GCF_014705845.1_ASM1470584v1,Homo sapiens,blood
GCF_002848465.1_ASM284846v1,NA,meat processing facility
GCF_013371745.1_ASM1337174v1,chicken,chaohu
GCF_024759965.1_ASM2475996v1,Homo sapiens,NA
GCF_009859915.1_ASM985991v1,NA,bacterial consortium
GCF_031184215.1_ASM3118421v1,NA,Human feces
GCF_018739385.1_ASM1873938v1,NA,soil
GCF_030012785.1_ASM3001278v1,Sus scrofa,feces
GCF_023546765.1_ASM2354676v1,NA,freshwater
GCF_002310895.1_ASM231089v1,Homo sapiens,urine
GCF_013425935.1_ASM1342593v1,NA,chicken meat
GCF_001652565.1_ASM165256v1,NA,NA
GCF_008632575.1_ASM863257v1,dog,Rectal swab
GCF_002970375.3_ASM297037v3,Homo sapiens,miscellaneous body fluid
GCF_018255795.1_ASM1825579v1,NA,water
GCF_013167475.1_ASM1316747v1,cattle,cattle feces
GCF_020540945.1_ASM2054094v1,Homo sapiens,rectal swab
GCF_019431185.1_ASM1943118v1,NA,Chicken fecal
GCF_001683315.1_ASM168331v1,NA,Myeolchi-jeotgal; salted fermented food
GCF_021441945.1_ASM2144194v1,NA,surface marine water
GCF_030035465.1_ASM3003546v1,Homo sapiens,sputum
GCF_017190875.1_ASM1719087v1,Homo sapiens,Clinical patient
GCF_036266595.1_ASM3626659v1,Pig,NA
GCF_038116975.1_SEA37,Homo sapiens,Nasal cavity
GCF_029625175.1_ASM2962517v1,bovine,NA
GCF_025169565.2_ASM2516956v2,Homo sapiens,urethal swab
GCF_001484025.1_ASM148402v1,NA,NA
GCF_020905735.1_ASM2090573v1,Thalassiosira tenera,estuarine water [ENVO:01000301]
GCF_003967135.1_ASM396713v1,Seriola dumerili,water
GCF_003203675.1_ASM320367v1,NA,NA
GCF_035932355.1_ASM3593235v1,Homo sapiens,NA
GCF_028551195.1_ASM2855119v1,Sus scrofa,NA
GCF_903993165.2_AI2830v1_cp,Homo sapiens,Hospital Universitario Lucus Augusti (Lugo)
GCF_016942635.1_ASM1694263v1,NA,chicken meat
GCF_021049325.1_ASM2104932v1,NA,NA
GCF_020388655.1_ASM2038865v1,Homo sapiens,Skin swab
GCF_001580515.1_ASM158051v1,Homo sapiens,USA: Dallas Texas
GCF_032345195.1_ASM3234519v1,Homo sapiens,NA
GCF_037287475.1_ASM3728747v1,Homo sapiens,bloodstream
GCF_024584475.1_ASM2458447v1,Homo sapiens,NA
GCF_014840995.1_ASM1484099v1,NA,kimchi
GCF_037253905.1_ASM3725390v1,Homo sapiens,pus
GCF_026967615.1_ASM2696761v1,Sus scrofa,semen
GCF_015708605.1_ASM1570860v1,NA,culture maintained in Leon; missing plasmid pSCL3
GCF_013167615.1_ASM1316761v1,NA,NA
GCF_031432915.1_ASM3143291v1,Homo sapiens,rectal swab
GCF_017656075.1_ASM1765607v1,NA,soil
GCF_001593305.1_ASM159330v1,Botryllus sp.,NA
GCF_034016775.1_ASM3401677v1,Canis lupus familiaris,nasal swab
GCF_003425915.1_ASM342591v1,Homo sapiens,blood
GCF_001901145.1_ASM190114v1,mouse,feces
GCF_036320985.1_ASM3632098v1,NA,seawater
GCF_040235185.1_Vibrio_metschnikovii_21,shrimp,NA
GCF_030718975.1_ASM3071897v1,Homo sapiens,Wound/Abscess
GCF_000271325.1_ASM27132v1,NA,NA
GCF_019443365.1_ASM1944336v1,Homo sapiens,NA
GCF_003432405.1_ASM343240v1,pig,NA
GCF_000237975.1_ASM23797v1,NA,coal spoil heap
GCF_020181455.1_ASM2018145v1,Homo sapiens,human feces
GCF_021869685.1_ASM2186968v1,NA,sputum
GCF_014169195.1_ASM1416919v1,NA,wastewater
GCF_037683745.1_ASM3768374v1,Chicken,NA
GCF_036227425.1_ASM3622742v1,NA,soil
GCF_014189505.1_ASM1418950v1,Oxytropis pumilio,root nodule
GCF_018417715.1_ASM1841771v1,NA,NA
GCF_009913835.1_ASM991383v1,NA,young radish kimchi
GCF_028898905.1_ASM2889890v1,Homo sapiens,blood
GCF_016802445.1_ASM1680244v1,Homo sapiens,urine
GCF_034644215.1_ASM3464421v1,Homo sapiens,Infected Human Urine
GCF_016127775.1_ASM1612777v1,NA,NA
GCF_013820225.1_ASM1382022v1,NA,Pooled sheep faecal samples collected from floor of farm
GCF_003288775.1_ASM328877v1,Homo sapiens,NA
GCF_004124015.1_ASM412401v1,Homo sapiens,Abscess (lymph node)
GCF_009740225.1_ASM974022v1,Homo sapiens,NA
GCF_029721335.1_ASM2972133v1,NA,Pooled soil sample collected from floor of poultry farm
GCF_016593235.1_ASM1659323v1,NA,marine hydrothermal vent chimney
GCF_025854075.1_ASM2585407v1,Homo sapiens,wound
GCF_014489615.1_ASM1448961v1,NA,leaf
GCF_007567665.1_ASM756766v1,Soybean (Glycine max (L.) Merrill),NA
GCF_016864475.1_ASM1686447v1,NA,NA
GCF_017607425.1_ASM1760742v1,NA,Wastewater treatment of pharmaceutical company
GCF_024918895.1_ASM2491889v1,Homo sapiens,blood
GCF_005221785.1_ASM522178v1,NA,cattle
GCF_014904315.2_ASM1490431v2,pig,pig farm
GCF_017280235.1_ASM1728023v1,Swine,Rectal swab
GCF_036967215.1_ASM3696721v1,NA,acidic mud
GCF_030585365.1_ASM3058536v1,Homo sapiens,Skin/Wound
GCF_023100865.1_ASM2310086v1,NA,activated sludge
GCF_014216335.1_ASM1421633v1,NA,soil
GCF_023517155.1_ASM2351715v1,NA,Bedside table_P53_BU18
GCF_008693765.1_ASM869376v1,Homo sapiens,clinical isolate
GCF_021654595.1_ASM2165459v1,Tetragnatha maxillosa,spider
GCF_000760905.2_ASM76090v2,Oenothera speciosa,NA
GCF_000277755.1_ASM27775v1,NA,fermenting Elaeis palm sap
GCF_000212735.1_ASM21273v1,NA,activated sludge
GCF_000406765.2_ASM40676v2,NA,NA
GCF_019249725.2_ASM1924972v2,Homo sapiens,NA
GCF_002999235.1_ASM299923v1,Homo sapiens,Supragingival dental plaque
GCF_014717695.1_ASM1471769v1,Homo sapiens,blood
GCF_017795725.1_ASM1779572v1,NA,carbendazim contaminated soil
GCF_023703955.1_ASM2370395v1,Pteropus poliocephalus,NA
GCF_030419065.1_ASM3041906v1,Bos taurus,feces
GCF_028335625.1_ASM2833562v1,Bos taurus,fecal sample
GCF_013694325.1_ASM1369432v1,NA,water
GCF_028743595.1_ASM2874359v1,Homo sapiens,NA
GCF_014904145.2_ASM1490414v2,pig,pig farm
GCF_003627295.1_ASM362729v1,NA,Fermented vegetables
GCF_022828525.1_ASM2282852v1,Homo sapiens,secretion
GCF_021496985.1_ASM2149698v1,Fish,feces
GCF_030013105.1_ASM3001310v1,Sus scrofa,feces
GCF_009017335.1_ASM901733v1,Homo sapiens,NA
GCF_023573805.1_ASM2357380v1,Homo sapiens,NA
GCF_029909475.1_ASM2990947v1,NA,Feedlot Water bowl
GCF_030863645.1_ASM3086364v1,dog,Kidney stone
GCF_000961435.1_ASM96143v1,Citrus x aurantiifolia,citrus infected tissue
GCF_000494915.1_ASM49491v1,NA,NA
GCF_903978215.1_CFBP_2533,NA,NA
GCF_029011415.1_ASM2901141v1,Homo sapiens,vagina
GCF_039851985.1_ASM3985198v1,Homo sapiens,drainage fluid
GCF_019977735.1_ASM1997773v1,NA,NA
GCF_003795125.1_ASM379512v1,NA,degraded sugar thick juice
GCF_030064005.1_ASM3006400v1,Homo sapiens,skin
GCF_000151105.2_ASM15110v2,NA,NA
GCF_002742645.2_ASM274264v2,NA,isolated from activated sludge collected at the Gold Bar wastewater treatment facility
GCF_014168575.1_ASM1416857v1,NA,wastewater
GCF_001593585.2_ASM159358v2,Homo sapiens,Rectal swab
GCF_025853895.1_ASM2585389v1,Homo sapiens,Cervical
GCF_030020255.1_ASM3002025v1,Homo sapiens,urine
GCF_026020075.1_ASM2602007v1,NA,ENVO_00005750 (grassland soil)
GCF_024266225.1_ASM2426622v1,Homo sapiens,stool
GCF_036287785.1_ASM3628778v1,NA,seawater
GCF_016756495.1_ASM1675649v1,Lotus japonicus,NA
GCF_023205415.1_ASM2320541v1,NA,WWTPs effluent Shatin WWTPs_1
GCF_000007885.1_ASM788v1,NA,NA
GCF_011691375.1_ASM1169137v1,NA,root of Codonopsis pilosula
GCF_016888985.1_ASM1688898v1,NA,NA
GCF_022212885.1_ASM2221288v1,Homo sapiens,fecal sample
GCF_032164495.1_ASM3216449v1,NA,chicken
GCF_000417085.2_ASM41708v2,NA,NA
GCF_025559045.1_ASM2555904v1,Camel,nasal swab
GCF_001433515.1_ASM143351v1,Homo sapiens,Gastric biopsy
GCF_036420075.1_ASM3642007v1,Homo sapiens,skin
GCF_019222705.1_ASM1922270v1,NA,water
GCF_003312485.2_ASM331248v2,NA,NA
GCF_018310455.1_ASM1831045v1,NA,NA
GCF_026435275.1_ASM2643527v1,Salmo salar,tissue
GCF_022023855.1_ASM2202385v1,NA,soil
GCF_016599755.1_ASM1659975v1,NA,NA
GCF_001889605.1_ASM188960v1,seawater,NA
GCF_021655175.1_ASM2165517v1,Homo sapiens,human blood of bacteremia patient
GCF_040369685.1_WHO_V_2024,Homo sapiens,Urogenital
GCF_040822385.1_ASM4082238v1,Homo sapiens,NA
GCF_012934675.1_ASM1293467v1,Homo sapiens,rectal swab from healthy college student
GCF_030490025.1_ASM3049002v1,Homo sapiens,NA
GCF_013394265.1_ASM1339426v1,duck,feces
GCF_024584625.1_ASM2458462v1,NA,soil
GCF_025399135.1_ASM2539913v1,Bull,bull manure
GCF_963575775.1_GENOMIC21-002,NA,NA
GCF_016806125.1_ASM1680612v1,NA,shallow sea; symbosis with harmful algal bloom algae
GCF_016919705.1_ASM1691970v1,NA,grassland soil
GCF_025946985.1_ASM2594698v1,Homo sapiens,NA
GCF_002310715.1_ASM231071v1,canine,NA
GCF_025311595.1_ASM2531159v1,Homo sapiens,NA
GCF_030845315.1_ASM3084531v1,Homo sapiens,fingertip
GCF_019047205.1_ASM1904720v1,NA,NA
GCF_024362205.1_ASM2436220v1,NA,poultry farm
GCF_007833775.1_ASM783377v1,NA,Plant
GCF_030296095.1_ASM3029609v1,Sus scrofa,feces
GCF_009708975.1_ASM970897v1,Salmo salar,NA
GCF_034377005.1_ASM3437700v1,NA,hydrothermal vent plume
GCF_000025945.1_ASM2594v1,NA,NA
GCF_036417415.1_ASM3641741v1,NA,wastewater
GCF_000176835.2_ASM17683v2,NA,NA
GCF_030520145.1_ASM3052014v1,Glycine max,NA
GCF_026210615.1_ASM2621061v1,Amazona aestiva,feces
GCF_014522325.1_ASM1452232v1,Microtus ochrogaster,intestinal content
GCF_037507525.1_ASM3750752v1,Chicken,NA
GCF_001750885.1_ASM175088v1,Homo sapiens,organic material
GCF_037477985.1_ASM3747798v1,chicken,NA
GCF_036884305.1_kcgeb_sa,NA,sabkha (salt flat) environment
GCF_030847825.1_ASM3084782v1,Homo sapiens,lower respiratory tract
GCF_030505995.1_ASM3050599v1,NA,Chicken Wings
GCF_022494095.1_ASM2249409v1,NA,Stanley WWTPs_33 WWTPs effluent
GCF_021586915.1_ASM2158691v1,Homo sapiens,feces
GCF_001578185.1_ASM157818v1,NA,sugar beet rhizosphere
GCF_003719555.1_ASM371955v1,NA,NA
GCF_003999565.1_ASM399956v1,common bean,leaves of Phaseolus vulgaris
GCF_002073415.2_ASM207341v2,Homo sapiens,Blood
GCF_003445395.2_ASM344539v2,NA,NA
GCF_000183745.1_ASM18374v1,NA,deep sea hot vent
GCF_038444445.1_Kp067-M2,Homo sapiens,NA
GCF_030707875.1_ASM3070787v1,NA,human
GCF_024204745.1_ASM2420474v1,Homo sapiens,blood
GCF_001305235.1_ASM130523v1,NA,steamed conch
GCF_036542205.1_ASM3654220v1,Homo sapiens,blood
GCF_035993425.1_ASM3599342v1,NA,NA
GCF_014189535.1_ASM1418953v1,Oxytropis pumilio,root nodule
GCF_964047955.1_30224_1_291,NA,NA
GCF_010320365.1_ASM1032036v1,Homo sapiens,NA
GCF_036419675.1_ASM3641967v1,Homo sapiens,fecal sample
GCF_019434255.1_ASM1943425v1,Homo sapiens,NA
GCF_030413765.1_ASM3041376v1,Homo sapiens,NA
GCF_013004085.1_ASM1300408v1,chicken,NA
GCF_019076805.1_ASM1907680v1,NA,wine
GCF_019602835.1_ASM1960283v1,NA,waste water
GCF_003590055.1_ASM359005v1,NA,Tattoo ink
GCF_034120285.1_ASM3412028v1,Homo sapiens,swab
GCF_004345065.1_ASM434506v1,NA,NA
GCF_004296475.1_ASM429647v1,Sipalinus gigas,bacteriome
GCF_022453585.1_ASM2245358v1,Homo sapiens,urine
GCF_025451935.1_ASM2545193v1,Euphorbia pulcherrima,PO_0009002
GCF_018588665.2_ASM1858866v2,NA,Motal cheese
GCF_007923125.1_ASM792312v1,NA,Raw duck meat
GCF_030060555.1_ASM3006055v1,NA,Fish tissue
GCF_029592045.1_ASM2959204v1,Homo sapiens,NA
GCF_021655315.1_ASM2165531v1,Homo sapiens,human blood of bacteremia patient
GCF_026240695.1_ASM2624069v1,NA,no
GCF_022833145.1_ASM2283314v1,Homo sapiens,fecal sample from infant botulism case
GCF_037287445.1_ASM3728744v1,Homo sapiens,bloodstream
GCF_029541785.1_ASM2954178v1,Milk,NA
GCF_002000705.1_ASM200070v1,Homo sapiens,Perineum
GCF_030490245.1_ASM3049024v1,Homo sapiens,NA
GCF_013394005.1_ASM1339400v1,NA,swine's gut
GCF_015708635.1_ASM1570863v1,Pan troglodytes verus (Western chimpanzee),brain
GCF_025232435.1_ASM2523243v1,Homo sapiens,Rectal swab
GCF_023238525.1_ASM2323852v1,NA,NA
GCF_001654435.1_ASM165443v1,NA,Sludge
GCF_019456555.1_ASM1945655v1,NA,stream surface water
GCF_025559225.1_ASM2555922v1,Camel,Pus swab
GCF_016774495.1_ASM1677449v1,NA,soil
GCF_003432205.1_ASM343220v1,Homo sapiens,rectal swab
GCF_013168095.1_ASM1316809v1,Homo sapiens,NA
GCF_035338015.1_ASM3533801v1,NA,fermented food
GCF_024300765.1_ASM2430076v1,Homo sapiens,NA
GCF_003691385.1_ASM369138v1,Homo sapiens,feces
GCF_023272775.1_ASM2327277v1,NA,cecum
GCF_003425885.1_ASM342588v1,Homo sapiens,nares
GCF_013364315.1_ASM1336431v1,NA,soil
GCF_035988225.1_ASM3598822v1,NA,NA
GCF_000008105.1_ASM810v1,NA,NA
GCF_037717875.1_ASM3771787v1,Chicken,NA
GCF_016454265.1_ASM1645426v1,NA,swine
GCF_009792235.1_ASM979223v1,NA,freshwater
GCF_004355185.1_ASM435518v1,NA,soil
GCF_012933165.2_ASM1293316v2,Homo sapiens,blood
GCF_021535085.1_ASM2153508v1,Homo sapiens,sputum
GCF_005221805.1_ASM522180v1,NA,cattle
GCF_003048595.2_ASM304859v2,Homo sapiens,saliva
GCF_036237395.1_ASM3623739v1,NA,NA
GCF_003017555.1_ASM301755v1,Homo sapiens,stool
GCF_024442295.1_ASM2444229v1,NA,Blueberry fermentation broth
GCF_003112245.1_ASM311224v1,NA,Creek
GCF_003173275.1_ASM317327v1,NA,soil
GCF_029961625.1_ASM2996162v1,Homo sapiens,Wound/Abscess
GCF_019703995.1_ASM1970399v1,Homo sapiens,NA
GCF_019739075.1_ASM1973907v1,Homo sapiens,skin
GCF_016027055.1_ASM1602705v1,NA,NA
GCF_021018745.1_ASM2101874v1,NA,cave
GCF_037997095.1_ASM3799709v1,NA,MICRO:0000554
GCF_000013825.1_ASM1382v1,NA,NA
GCF_012051245.1_ASM1205124v1,Homo sapiens,Diarrheal patient
GCF_004295385.1_ASM429538v1,Homo sapiens,blood
GCF_036967225.1_ASM3696722v1,Homo sapiens,sputum
GCF_030013365.1_ASM3001336v1,Sus scrofa,feces
GCF_000024605.1_ASM2460v1,NA,NA
GCF_024662375.1_ASM2466237v1,NA,actived sludge
GCF_000148365.1_ASM14836v1,Homo sapiens,isolate from a young female with long term asymptomatic bacteriuria (ABU)
GCF_018736765.1_ASM1873676v1,NA,soil
GCF_028891385.1_ASM2889138v1,Homo sapiens,NA
GCF_002865785.1_ASM286578v1,NA,NA
GCF_015284485.1_ASM1528448v1,NA,Human fecal samples
GCF_011067085.1_ASM1106708v1,Chicken,NA
GCF_007292115.1_ASM729211v1,Homo sapiens,human-fecal
GCF_014705825.1_ASM1470582v1,NA,urine
GCF_030345015.1_ASM3034501v1,NA,Pine shavings
GCF_013371725.1_ASM1337172v1,chicken,hefei
GCF_003432185.1_ASM343218v1,Homo sapiens,urine
GCF_024746835.1_ASM2474683v1,Oxytropis sp.,root nodule
GCF_005155285.1_ASM515528v1,NA,soil
GCF_037516445.1_ASM3751644v1,Dog,NA
GCF_015476015.1_ASM1547601v1,Vitis vinifera,NA
GCF_002173735.1_ASM217373v1,NA,food
GCF_009709155.1_ASM970915v1,Oncorhynchus kisutch,NA
GCF_005222265.1_ASM522226v1,NA,cattle
GCF_012225445.1_ASM1222544v1,NA,broiler chicken
GCF_014169395.1_ASM1416939v1,NA,wastewater
GCF_036233695.1_ASM3623369v1,Homo sapiens,Cystic fibrosis human lung
GCF_005885955.1_ASM588595v1,Homo sapiens,NA
GCF_030035405.1_ASM3003540v1,Ursus americanus,Piedmont
GCF_002214825.1_ASM221482v1,Homo sapiens,necrotic tissue
GCF_023923245.1_ASM2392324v1,NA,soil
GCF_004564075.1_ASM456407v1,NA,deep-sea sediment
GCF_023657995.1_ASM2365799v1,Canis lupus familiaris,NA
GCF_029625115.1_ASM2962511v1,chicken,NA
GCF_003071405.1_ASM307140v1,NA,NA
GCF_037287675.1_ASM3728767v1,Homo sapiens,bloodstream
GCF_003204115.1_ASM320411v1,NA,NA
GCF_040571355.1_ASM4057135v1,Homo sapiens,NA
GCF_017088485.1_ASM1708848v1,Homo sapiens,feces
GCF_013425955.1_ASM1342595v1,Homo sapiens,blood
GCF_009913435.1_ASM991343v1,NA,Fresh water
GCF_031170655.1_ASM3117065v1,Tenebrio molitor,NA
GCF_017086485.1_ASM1708648v1,Homo sapiens,NA
GCF_020906775.2_ASM2090677v2,Homo sapiens,urethal swab
GCF_013167415.1_ASM1316741v1,bovine,NA
GCF_001865475.1_ASM186547v1,NA,chicken liver
GCF_003431865.1_ASM343186v1,NA,NA
GCF_024137985.1_ASM2413798v1,pickle,NA
GCF_016834495.1_ASM1683449v1,sofa,NA
GCF_020882035.1_ASM2088203v1,NA,swab samples of pig
GCF_024029915.1_ASM2402991v1,Ixora coccinea L.,Culture Collection Sample
GCF_000438585.1_ASM43858v1,NA,food
GCF_000487035.2_ASM48703v2,Bos taurus,Fecal Sample from Dairy Farm
GCF_001902335.1_ASM190233v1,Homo sapiens,wound swab
GCF_012980765.1_ASM1298076v1,Pear,NA
GCF_013375015.1_ASM1337501v1,Pyrus pyrifolia var. culta,NA
GCF_013177395.1_ASM1317739v1,NA,food
GCF_031326005.1_ASM3132600v1,NA,soil sample
GCF_008694005.1_ASM869400v1,Homo sapiens,clinical isolate
GCF_033688165.1_ASM3368816v1,NA,hospital
GCF_020459305.1_ASM2045930v1,Homo sapiens,sputum
GCF_000300235.2_ASM30023v2,NA,NA
GCF_039720385.1_ASM3972038v1,Homo sapiens,urine
GCF_002006355.2_ASM200635v2,NA,NA
GCF_028743795.1_ASM2874379v1,Homo sapiens,NA
GCF_028335425.1_ASM2833542v1,Bos taurus,fecal sample
GCF_000583875.1_ASM58387v1,Polytelis,spleen tissue from parrot (Polytelis)
GCF_002238275.1_ASM223827v1,NA,Chicken skin
GCF_013811845.1_ASM1381184v1,NA,Pooled cattle faecal samples collected from floor of farm
GCF_036232025.1_ASM3623202v1,NA,NA
GCF_003721175.2_ASM372117v2,NA,solar salt
GCF_004168345.2_ASM416834v2,NA,NA
GCF_001635995.1_ASM163599v1,NA,vomit of food poisoning patient
GCF_019843995.1_ASM1984399v1,Homo sapiens,rectal swab from HIV infected patient
GCF_023361855.1_ASM2336185v1,Homo sapiens,sputum
GCF_023515865.1_ASM2351586v1,NA,hazelnut
GCF_002865995.1_ASM286599v1,NA,NA
GCF_016127575.1_ASM1612757v1,NA,NA
GCF_001718655.1_ASM171865v1,NA,soil
GCF_029774255.1_ASM2977425v1,Callosobruchus maculatus,Digestive tract
GCF_016415385.1_ASM1641538v1,Homo sapiens,rectal swab
GCF_002948655.1_ASM294865v1,NA,NA
GCF_024022895.1_ASM2402289v1,NA,kimchi
GCF_014489415.1_ASM1448941v1,NA,Water for algae observation
GCF_017301935.1_ASM1730193v1,Scophthalmus maximus,NA
GCF_001692555.1_ASM169255v1,NA,food
GCF_022828575.1_ASM2282857v1,Homo sapiens,sputum
GCF_020736625.1_ASM2073662v1,Homo sapiens,NA
GCF_008370065.2_ASM837006v2,NA,cucumber
GCF_025854015.1_ASM2585401v1,Homo sapiens,skin
GCF_016458905.1_ASM1645890v1,NA,NA
GCF_000763325.2_ASM76332v2,NA,oil-polluted soil
GCF_033024575.1_ASM3302457v1,kiwifruit,NA
GCF_000007245.1_ASM724v1,NA,NA
GCF_030063885.1_ASM3006388v1,NA,wastewater
GCF_025349945.1_ASM2534994v1,NA,wastewater
GCF_000185905.1_ASM18590v1,Astragalus pelecinus,NA
GCF_002949475.1_ASM294947v1,NA,NA
GCF_016802425.1_ASM1680242v1,Homo sapiens,urine
GCF_027595705.1_ASM2759570v1,Homo sapiens,Lt groin wound
GCF_002215385.1_ASM221538v1,NA,Sediment around river
GCF_900087725.2_WHON,NA,NA
GCF_038086615.1_ASM3808661v1,Penaeus japonicus,shrimp farm
GCF_000284075.1_ASM28407v1,NA,NA
GCF_032075085.1_ASM3207508v1,NA,plant
GCF_002211885.1_ASM221188v1,NA,mustard pickles
GCF_005890195.1_ASM589019v1,NA,Salt
GCF_030419005.1_ASM3041900v1,NA,soil
GCF_028335645.1_ASM2833564v1,Bos taurus,fecal sample
GCF_013694345.1_ASM1369434v1,NA,chicken meat
GCF_023822185.1_ASM2382218v1,NA,Raw cow milk
GCF_008370775.1_ASM837077v1,Homo sapiens,NA
GCF_023703935.1_ASM2370393v1,Pteropus poliocephalus,NA
GCF_024582815.1_ASM2458281v1,Homo sapiens,Faecal
GCF_000724805.2_ASM72480v2,Homo sapiens,blood
GCF_040362785.1_ASM4036278v1,NA,breast puncture fluid
GCF_032379415.1_ASM3237941v1,NA,NA
GCF_009363035.1_ASM936303v1,Homo sapiens,NA
GCF_017748085.1_ASM1774808v1,Ixodes scapularis,blood of infected SCID mice
GCF_900128735.1_BCiconfinis_v1.0,NA,whole body
GCF_024494485.1_ASM2449448v1,NA,poultry farm
GCF_001578205.1_ASM157820v1,NA,sugar beet rhizosphere
GCF_031326265.1_ASM3132626v1,Homo sapiens,rectal swab
GCF_037493815.1_ASM3749381v1,Homo sapiens,NA
GCF_029719185.1_ASM2971918v1,NA,Pooled sediment sample collected from floor of cattle farm
GCF_008727195.1_ASM872719v1,NA,NA
GCF_002258145.4_ASM225814v4,Homo sapiens,NA
GCF_017068275.1_ASM1706827v1,NA,fermented cabbage (Food)
GCF_003966695.1_ASM396669v1,Lemna minor,water
GCF_031665995.1_ASM3166599v1,Homo sapiens,feces
GCF_013167675.1_ASM1316767v1,NA,NA
GCF_009730455.1_ASM973045v1,NA,sedimentation pond in a zinc factory
GCF_005954685.1_ASM595468v1,Homo sapiens,NA
GCF_002812885.1_ASM281288v1,Homo sapiens,urine
GCF_020905755.1_ASM2090575v1,Thalassiosira tenera,estuarine water [ENVO:01000301]
GCF_000283575.1_ASM28357v1,NA,NA
GCF_032367395.1_ASM3236739v1,Homo sapiens,stool
GCF_028753275.1_ASM2875327v1,Homo sapiens,NA
GCF_029625375.1_ASM2962537v1,Homo sapiens,eccrine
GCF_016942655.1_ASM1694265v1,NA,chicken meat
GCF_015476275.1_ASM1547627v1,NA,soil
GCF_000732965.1_ASM73296v1,NA,NA
GCF_018517065.1_ASM1851706v1,Homo sapiens,Digestive
GCF_001620155.1_ASM162015v1,Homo sapiens,stool
GCF_029203225.1_ASM2920322v1,NA,Takifugu ocellatus
GCF_019613955.1_ASM1961395v1,NA,soil
GCF_036227445.1_ASM3622744v1,NA,NA
GCF_012562255.1_ASM1256225v1,Homo sapiens,clinical
GCF_002863745.1_ASM286374v1,Homo sapiens (female),sputum
GCF_020843925.1_ASM2084392v1,NA,agricultural soil
GCF_029167685.1_ASM2916768v1,swine,pork
GCF_030012585.1_ASM3001258v1,NA,Sewage
GCF_014720295.1_ASM1472029v1,Homo sapiens,blood
GCF_001975225.1_ASM197522v1,NA,NA
GCF_034013695.1_ASM3401369v1,Canis lupus familiaris,nasal swab
GCF_022453785.1_ASM2245378v1,Philodendron erubescens,Aerial roots
GCF_016806145.1_ASM1680614v1,NA,Outdoor Built Environment
GCF_000175215.2_ASM17521v2,NA,pond water
GCF_000266905.1_ASM26690v1,NA,creosote-contaminated soil
GCF_030845375.1_ASM3084537v1,Homo sapiens,NA
GCF_029634015.1_ASM2963401v1,NA,Channel catfish
GCF_002258175.2_ASM225817v2,Homo sapiens,NA
GCF_022637435.1_ASM2263743v1,NA,grassland soil
GCF_001718055.1_ASM171805v1,Homo sapiens,Human urine
GCF_016599735.1_ASM1659973v1,soil,NA
GCF_001999245.1_ASM199924v1,Rhodosorus marinus,NA
GCF_000317435.1_ASM31743v1,NA,unialgal culture in lake water
GCF_019930885.1_ASM1993088v1,NA,NA
GCF_003017955.1_ASM301795v1,NA,Stool
GCF_005082585.1_ASM508258v1,Sitobion avenae,air
GCF_033439925.1_ASM3343992v1,Homo sapiens,urine
GCF_005221405.1_ASM522140v1,NA,NA
GCF_029541585.1_ASM2954158v1,NA,Hospital wastewater
GCF_040571365.1_ASM4057136v1,Homo sapiens,NA
GCF_032147025.1_ASM3214702v1,Homo sapiens,blood
GCF_012934615.1_ASM1293461v1,Homo sapiens,rectal swab from healthy college student
GCF_030490045.1_ASM3049004v1,Homo sapiens,NA
GCF_024584645.1_ASM2458464v1,Homo sapiens,NA
GCF_030534195.1_ASM3053419v1,Homo sapiens,purulent fluid
GCF_002165095.2_ASM216509v2,Homo sapiens,NA
GCF_014522345.1_ASM1452234v1,Microtus ochrogaster,intestinal content
GCF_033238325.1_ASM3323832v1,Homo sapiens,rectal swab
GCF_009858135.1_ASM985813v1,Sablefish,NA
GCF_025263265.1_ASM2526326v1,Homo sapiens,sputum
GCF_030847845.1_ASM3084784v1,Homo sapiens,tissue
GCF_004323735.1_ASM432373v1,NA,beach sand
GCF_025583295.2_ASM2558329v2,chicken,feces
GCF_003597735.1_ASM359773v1,Homo sapiens,sputum
GCF_026873385.1_ASM2687338v1,Homo sapiens,feces
GCF_030161935.2_ASM3016193v2,NA,NA
GCF_003443655.1_ASM344365v1,NA,water
GCF_001902535.1_ASM190253v1,Homo sapiens,Urine/Genitourinary
GCF_017309505.1_ASM1730950v1,Homo sapiens,Human feces
GCF_000010725.1_ASM1072v1,NA,NA
GCF_902705295.2_Combinated_assembly_ONT-Illumina_-_2022_update,Gallus gallus,chicken trachea
GCF_002865805.1_ASM286580v1,NA,NA
GCF_025560445.1_ASM2556044v1,walnut,crown gall
GCF_001077965.2_ASM107796v2,Homo sapiens,blood
GCF_038442565.1_CIRI-F15-02,cat,urine
GCF_031038815.1_ASM3103881v1,Homo sapiens,stool
GCF_029011475.1_ASM2901147v1,Homo sapiens,vagina
GCF_018741465.1_ASM1874146v1,NA,soil
GCF_000444405.1_ASM44440v1,NA,NA
GCF_000292705.1_ASM29270v1,NA,NA
GCF_036237195.1_ASM3623719v1,NA,NA
GCF_000191905.1_ASM19190v1,NA,NA
GCF_030064065.1_ASM3006406v1,Canis lupus,Nasal cavity
GCF_019977755.1_ASM1997775v1,Penaeus japonicus,NA
GCF_000020705.1_ASM2070v1,NA,NA
GCF_036452095.1_ASM3645209v1,Homo sapiens,blood
GCF_900660485.1_50648_E01-3,Mouse,Brain
GCF_001482365.1_ASM148236v1,NA,air
GCF_010365585.1_ASM1036558v1,NA,environment
GCF_019968665.1_ASM1996866v1,NA,mangrove sediment
GCF_038439085.1_ASM3843908v1,Homo sapiens,blood
GCF_022058205.1_ASM2205820v1,Equus ferus caballus (Thoroughbred),feces
GCF_037061665.1_ASM3706166v1,Procyon lotor,intestine
GCF_030013165.1_ASM3001316v1,Sus scrofa,feces
GCF_024662175.1_ASM2466217v1,Homo sapiens,skin
GCF_023573865.1_ASM2357386v1,Homo sapiens,NA
GCF_002163955.1_ASM216395v1,NA,porcine
GCF_033557205.1_ASM3355720v1,chicken,carcass
GCF_964063405.1_Leuconostoc_mesenteroides_FLEC04,NA,NA
GCF_018310435.1_ASM1831043v1,NA,NA
GCF_001479685.2_ASM147968v2,NA,chicken breast
GCF_013168295.1_ASM1316829v1,Homo sapiens,human blood
GCF_005281435.1_ASM528143v1,NA,soil
GCF_026435215.1_ASM2643521v1,Salmo salar,tissue
GCF_013364115.1_ASM1336411v1,Homo sapiens,clinical isolate
GCF_033130085.1_ASM3313008v1,Homo sapiens,Necrosectomy
GCF_025254605.1_ASM2525460v1,dog,transconjugant from Escherichia coli strain HB42
GCF_024266245.1_ASM2426624v1,Homo sapiens,stool
GCF_000172715.2_ASM17271v2,Phaseolus vulgaris,NA
GCF_002073815.2_ASM207381v2,Homo sapiens,Peripheral blood
GCF_004120115.1_ASM412011v1,Homo sapiens,sputum
GCF_029537235.1_ASM2953723v1,Vicia cracca,root nodule
GCF_009938305.1_ASM993830v1,NA,water
GCF_014163495.1_ASM1416349v1,Homo sapiens,feces
GCF_028752695.1_ASM2875269v1,chicken,Tissue
GCF_026970915.1_ASM2697091v1,Penaeus vannamei,Shrimp farm
GCF_036287585.1_ASM3628758v1,NA,Hospital sewage
GCF_025254465.1_ASM2525446v1,NA,transconjugant from Escherichia coli strain HB42
GCF_037565025.1_ASM3756502v1,Chicken,NA
GCF_028607085.1_ASM2860708v1,NA,Oil contaminated soil
GCF_001633145.1_ASM163314v1,NA,laboratory
GCF_001690115.1_ASM169011v1,NA,Chicken Meat
GCF_030406105.1_ASM3040610v1,Sheep,Feces of diarrheic fleece sheep
GCF_015353135.1_ASM1535313v1,Homo sapiens,NA
GCF_028622855.1_ASM2862285v1,Pig,feces
GCF_019787665.1_ASM1978766v1,Homo sapiens,NA
GCF_016454205.1_ASM1645420v1,NA,turkey
GCF_002211705.1_ASM221170v1,NA,wastewater
GCF_016890005.1_ASM1689000v1,Homo sapiens,NA
GCF_009708575.1_ASM970857v1,Oncorhynchus mykiss,NA
GCF_025232455.1_ASM2523245v1,Homo sapiens,Rectal swab
GCF_003812845.1_ASM381284v1,Homo sapiens,Endotracheal aspirate
GCF_021397695.1_ASM2139769v1,Homo sapiens,sputum
GCF_013364375.1_ASM1336437v1,NA,marine sediment
GCF_003264295.1_ASM326429v1,Homo sapiens,sputum
GCF_024300705.1_ASM2430070v1,Homo sapiens,NA
GCF_039912475.1_ASM3991247v1,Bos taurus,culture
GCF_014721415.1_ASM1472141v1,Homo sapiens,blood
GCF_030013305.1_ASM3001330v1,Sus scrofa,feces
GCF_017743135.1_ASM1774313v1,Homo sapiens,sputum
GCF_002176815.1_ASM217681v1,NA,sludge
GCF_018736705.1_ASM1873670v1,NA,soil
GCF_000025525.1_ASM2552v1,NA,NA
GCF_009912015.1_ASM991201v1,Homo sapiens,NA
GCF_032202905.1_ASM3220290v1,Homo sapiens,urine
GCF_001542675.2_ASM154267v2,NA,NA
GCF_012849555.1_ASM1284955v1,NA,Flower of Forsythia koreana
GCF_018741605.1_ASM1874160v1,NA,soil
GCF_020810675.1_ASM2081067v1,Canis,Pus
GCF_001900775.1_ASM190077v1,NA,river water
GCF_014168775.1_ASM1416877v1,NA,wastewater
GCF_032363495.1_ASM3236349v1,Homo sapiens,NA
GCF_020229655.1_ASM2022965v1,NA,raw fermented sausage
GCF_037917855.1_ASM3791785v1,Dog,NA
GCF_000021245.2_ASM2124v2,NA,NA
GCF_000015505.1_ASM1550v1,NA,NA
GCF_002012125.1_ASM201212v1,Homo sapiens,NA
GCF_008727795.1_ASM872779v1,NA,sediment collected at a cold seep field
GCF_030296295.1_ASM3029629v1,Sus scrofa,feces
GCF_013427035.1_ASM1342703v1,Vitis vinifera,sterilized root of grapevine nursary stock
GCF_030413705.1_ASM3041370v1,Homo sapiens,urine
GCF_016128195.1_ASM1612819v1,NA,NA
GCF_036419615.1_ASM3641961v1,NA,NA
GCF_013734595.1_ASM1373459v1,NA,Wastewater influent sample
GCF_019434235.1_ASM1943423v1,Homo sapiens,feces
GCF_000253255.1_ASM25325v1,NA,NA
GCF_040745055.1_ASM4074505v1,Tremella fuciformis,NA
GCF_001010995.2_ASM101099v2,Homo sapiens,feces
GCF_036417615.1_ASM3641761v1,NA,wastewater
GCF_019602855.1_ASM1960285v1,NA,soil
GCF_028220765.1_ASM2822076v1,Homo sapiens,lavage fluid
GCF_016865295.1_ASM1686529v1,NA,hot spring water
GCF_001874625.1_ASM187462v1,NA,NA
GCF_000021845.1_ASM2184v1,NA,NA
GCF_000935025.1_ASM93502v1,NA,soil of Hengshui Lake
GCF_010523235.1_ASM1052323v1,NA,sediment
GCF_009720425.1_ASM972042v1,Homo sapiens,adult male sputum
GCF_020535145.1_ASM2053514v1,Homo sapiens,blood
GCF_904866495.1_MSB1_6C,Homo sapiens,rectal swab
GCF_027558775.1_ASM2755877v1,Homo sapiens,hospital
GCF_024204725.1_ASM2420472v1,Homo sapiens,blood
GCF_015052825.1_ASM1505282v1,NA,NA
GCF_036013525.1_ASM3601352v1,NA,soil
GCF_905337805.2_AN2353v1_cp,Homo sapiens,Hospital Universitario Lucus Augusti (Lugo)
GCF_003399795.2_ASM339979v2,NA,Raw milk cheese
GCF_002591135.1_ASM259113v1,Homo sapiens,Urine
GCF_030490225.1_ASM3049022v1,Homo sapiens,NA
GCF_016110345.1_ASM1611034v1,NA,surface water
GCF_012934475.1_ASM1293447v1,Homo sapiens,rectal swab from healthy college student
GCF_002443015.2_ASM244301v2,NA,air
GCF_032387735.1_ASM3238773v1,Homo sapiens,expectorate
GCF_018588605.2_ASM1858860v2,NA,Motal cheese
GCF_032298115.1_ASM3229811v1,Homo sapiens,NA
GCF_009861435.1_ASM986143v1,NA,NA
GCF_030060535.1_ASM3006053v1,NA,Fish tissue
GCF_003408575.1_ASM340857v1,Homo sapiens,Rectal swab
GCF_000478825.2_ASM47882v2,NA,NA
GCF_004759025.1_ASM475902v1,Homo sapiens,urine
GCF_000485885.1_ASM48588v1,Homo sapiens,blood
GCF_029167625.1_ASM2916762v1,Apis mellifera,Insects
GCF_001629775.1_ASM162977v1,Homo sapiens,NA
GCF_001677515.1_ASM167751v1,Homo sapiens,bagged lettuce
GCF_011067245.1_ASM1106724v1,Homo sapiens,NA
GCF_017753625.1_ASM1775362v1,NA,NA
GCF_001936295.1_ASM193629v1,Homo sapiens,Blood
GCF_036866375.1_ASM3686637v1,Triticum aestivum 'Sheriff',Flag leaf of wheat
GCF_002761075.1_ASM276107v1,NA,Human
GCF_036417685.1_ASM3641768v1,NA,wastewater
GCF_003343305.1_ASM334330v1,cow,milk
GCF_001664305.1_ASM166430v1,Phaseolus vulgaris,legume-root nodule
GCF_007998085.1_ASM799808v1,Sus scrofa domesticus,NA
GCF_025143665.1_ASM2514366v1,NA,ENVO:00002034
GCF_002968495.1_ASM296849v1,NA,NA
GCF_018604565.1_ASM1860456v1,NA,litchi pericarp
GCF_021869645.1_ASM2186964v1,NA,bronchoalveolar lavage fluid
GCF_014169155.1_ASM1416915v1,NA,wastewater
GCF_020911745.1_ASM2091174v1,Homo sapiens,adenocarcinoma in cecum
GCF_016026615.1_ASM1602661v1,NA,NA
GCF_019823765.1_ASM1982376v1,Homo sapiens,blood
GCF_013402875.1_ASM1340287v1,NA,saline soil sample
GCF_900660755.1_57792_F01-3,Horse,Lung of aborted horse fetus
GCF_012225685.1_ASM1222568v1,NA,broiler chicken
GCF_038096135.1_ASM3809613v1,Gallus gallus,NA
GCF_023823795.1_ASM2382379v1,NA,soil
GCF_001890245.1_ASM189024v1,Homo sapiens,NA
GCF_029536675.1_ASM2953667v1,Homo sapiens,feces
GCF_020388695.1_ASM2038869v1,Homo sapiens,Skin swab
GCF_001714745.1_ASM171474v1,Homo sapiens,homemade yoghurt
GCF_003429405.1_ASM342940v1,Homo sapiens,Korean adult feces
GCF_027571405.1_ASM2757140v1,NA,Mud; soil or sediment
GCF_023923085.1_ASM2392308v1,food,NA
GCF_014840955.1_ASM1484095v1,chicken,feces
GCF_004328555.1_ASM432855v1,NA,human skin swab
GCF_001663675.1_ASM166367v1,NA,beer
GCF_003018035.1_ASM301803v1,NA,NA
GCF_903886645.1_Streptococcus_thermophilus_CIRM_368,NA,milk after contact with traditional sicilian wooden vat (Tina)
GCF_002055515.1_ASM205551v1,NA,Canola Roots
GCF_008124285.1_ASM812428v1,NA,mouse gut
GCF_021559775.1_ASM2155977v1,Vitis vinifera,NA
GCF_037094605.1_ASM3709460v1,Homo sapiens,Colon
GCF_003986675.1_ASM398667v1,Homo sapiens,NA
GCF_002935105.1_ASM293510v1,NA,NA
GCF_023517195.1_ASM2351719v1,NA,Bed controller_P22_BU23
GCF_024585205.1_ASM2458520v1,Homo sapiens,feces
GCF_001548635.2_ASM154863v2,NA,cheese
GCF_003856595.1_ASM385659v1,Homo sapiens,feces
GCF_022605325.1_ASM2260532v1,straw,soil sample from experimental farm at Northeast Agricultural University
GCF_037013415.1_ASM3701341v1,Homo sapiens,urine
GCF_014719655.1_ASM1471965v1,Homo sapiens,blood
GCF_003717215.1_ASM371721v1,NA,NA
GCF_040586835.1_ASM4058683v1,NA,SALMON (SA)
GCF_003344865.1_ASM334486v1,NA,sea water [ENVO:00002149]
GCF_013730235.1_ASM1373023v1,NA,Wastewater influent sample
GCF_019048625.1_ASM1904862v1,NA,NA
GCF_025962575.1_ASM2596257v1,NA,cell pellet of fermenting cultures
GCF_036287515.1_ASM3628751v1,Homo sapiens,blood
GCF_034479935.1_ASM3447993v1,Homo sapiens,feces
GCF_028743555.1_ASM2874355v1,Homo sapiens,NA
GCF_023822125.1_ASM2382212v1,NA,digestive tract of a Zophobas atratus larvae
GCF_963360705.1_RSTSDC17_v2,NA,NA
GCF_017298975.1_ASM1729897v1,NA,Clone isolated from the evolution experiment described in Ketola et al. 2013 (doi: 10.1111/evo.12148)
GCF_900233005.1_Vibrio_tapetis_CECT4600,NA,NA
GCF_001411805.1_ASM141180v1,NA,NA
GCF_017815815.1_ASM1781581v1,Homo sapiens,rectal swab from healthy college student
GCF_012933195.2_ASM1293319v2,Homo sapiens,blood
GCF_003571685.1_ASM357168v1,NA,NA
GCF_002287545.1_ASM228754v1,Dicentrarchus labrax,NA
GCF_024918855.1_ASM2491885v1,Homo sapiens,blood
GCF_000183725.1_ASM18372v1,NA,drain water from underground crude oil storage cavity
GCF_003030165.1_ASM303016v1,NA,smoked fish
GCF_028356755.1_ASM2835675v1,NA,soil sample
GCF_003031345.1_ASM303134v1,Homo sapiens,rectal swab
GCF_009762725.1_ASM976272v1,NA,cherry
GCF_036898205.1_ASM3689820v1,Homo sapiens,sputum
GCF_030036925.1_ASM3003692v1,NA,environmental: river near WWTP effluent
GCF_007917315.3_ASM791731v3,Homo sapiens,feces
GCF_024363445.1_ASM2436344v1,NA,Brain-Heart-Infusion
GCF_020091665.1_ASM2009166v1,NA,Pagrus major
GCF_000317875.1_ASM31787v1,Homo sapiens,NA
GCF_016415325.1_ASM1641532v1,Homo sapiens,rectal swab
GCF_039620435.1_ASM3962043v1,NA,Mahewu
GCF_002983785.1_ASM298378v1,Homo sapiens,Blood
GCF_014719435.1_ASM1471943v1,Homo sapiens,blood
GCF_011493005.1_ASM1149300v1,NA,soil
GCF_022477975.1_ASM2247797v1,Kale,NA
GCF_027627725.1_ASM2762772v1,NA,Bacillus thuringiensis ssp. tenebrionis (Btt)
GCF_028743735.1_ASM2874373v1,Homo sapiens,NA
GCF_028335485.1_ASM2833548v1,Bos taurus,fecal sample
GCF_022810705.1_ASM2281070v1,Caenorhabditis elegans,NA
GCF_021654735.1_ASM2165473v1,NA,honey
GCF_000725325.1_ASM72532v1,NA,soil
GCF_020882095.1_ASM2088209v1,NA,swine
GCF_016925215.1_ASM1692521v1,Homo sapiens,blood
GCF_004028335.1_ASM402833v1,NA,Tibet kefir
GCF_022117655.1_ASM2211765v1,Cattle,feces
GCF_013122055.1_ASM1312205v1,NA,NA
GCF_025319965.1_ASM2531996v1,dog,oral swab
GCF_000191545.1_ASM19154v1,NA,NA
GCF_017086425.1_ASM1708642v1,NA,human skin
GCF_034424435.1_ASM3442443v1,NA,NA
GCF_017088425.1_ASM1708842v1,Homo sapiens,feces
GCF_022693265.1_ASM2269326v1,Homo sapiens,urine
GCF_009909405.1_ASM990940v1,Homo sapiens,body fluid
GCF_904830935.1_P._agardhii_No.976,NA,NA
GCF_028473645.1_ASM2847364v1,Cichorium endivia var. crispum,PO_0009002
GCF_020540985.1_ASM2054098v1,Homo sapiens,NA
GCF_003019215.1_ASM301921v1,Homo sapiens,stool
GCF_000940915.1_ASM94091v1,NA,Greensboro; Alabama
GCF_003956225.1_ASM395622v1,Homo sapiens,stool
GCF_001045995.2_ASM104599v2,Homo sapiens,blood
GCF_021441985.1_ASM2144198v1,Homo sapiens,Pus
GCF_013393825.1_ASM1339382v1,Migratory bird,feces
GCF_001956715.1_ASM195671v1,Homo sapiens,male
GCF_019431145.1_ASM1943114v1,NA,pig fecal
GCF_003515185.1_ASM351518v1,Solanum tuberosum,Potato bacterial wilt
GCF_036233635.1_ASM3623363v1,Homo sapiens,Cystic fibrosis human lung
GCF_005014055.1_ASM501405v1,Homo sapiens,Clinical: Human (Homo sapiens)
GCF_023657935.1_ASM2365793v1,Canis lupus familiaris,NA
GCF_025143405.1_ASM2514340v1,NA,ENVO:00002034
GCF_018406485.1_ASM1840648v1,Vitis vinifera,plant matter
GCF_900497485.1_ASM90049748v1,NA,NA
GCF_000816885.1_ASM81688v1,NA,NA
GCF_014169335.1_ASM1416933v1,NA,wastewater
GCF_014076515.1_ASM1407651v1,NA,biofilm reactor
GCF_003665415.1_ASM366541v1,kiwifruit,canker of kiwifruit
GCF_014705885.1_ASM1470588v1,Homo sapiens,wound
GCF_037477975.1_ASM3747797v1,chicken,NA
GCF_033170575.1_ASM3317057v1,Homo sapiens,urine
GCF_030012745.1_ASM3001274v1,Sus scrofa,feces
GCF_900016785.1_BTsPazieg1.0,Tuberolachnus salignus,NA
GCF_036866115.1_ASM3686611v1,Triticum aestivum 'Rembrandt',Flag leaf of wheat
GCF_000961455.1_ASM96145v1,Citrus x limon,citrus infected tissue
GCF_003193685.1_ASM319368v1,NA,NA
GCF_904830925.1_P._pseudagardhii_No.713,NA,NA
GCF_028553805.1_ASM2855380v1,NA,saline-alkali soil
GCF_021135615.1_ASM2113561v1,Homo sapiens,NA
GCF_000005825.2_ASM582v2,NA,NA
GCF_900185485.1_BL60006,Homo sapiens,blood
GCF_038096105.1_ASM3809610v1,Cat,urine
GCF_002119565.1_ASM211956v1,Syngnathus typhle,Kiel Fjord
GCF_001932615.1_ASM193261v1,NA,Jogaejeotgal; a Traditional Korean Fermented Seafood
GCF_030060595.1_ASM3006059v1,NA,Fish tissue
GCF_034567995.1_ASM3456799v1,Hirudo nipponia,NA
GCF_019431315.1_ASM1943131v1,Sus scrofa domesticus,clinical sample
GCF_003710165.1_ASM371016v1,NA,raw almond
GCF_030998165.1_ASM3099816v1,dog,Endometrium
GCF_040822125.1_ASM4082212v1,Homo sapiens,NA
GCF_037094635.1_ASM3709463v1,Homo sapiens,Colon
GCF_011405175.1_ASM1140517v1,NA,sediment of hot spring
GCF_000186345.1_ASM18634v1,NA,algal mat from Kah-nee-tah hot spring
GCF_032595795.1_ASM3259579v1,NA,NA
GCF_018274525.2_ASM1827452v2,Homo sapiens,intestine
GCF_037287485.1_ASM3728748v1,Homo sapiens,bloodstream
GCF_025449275.1_ASM2544927v1,NA,feces of bat
GCF_023278085.1_ASM2327808v1,Prunus avium,NA
GCF_036866345.1_ASM3686634v1,Triticum aestivum 'Sheriff',Flag leaf of wheat
GCF_018966505.1_ASM1896650v1,Dongxiang wild rice,NA
GCF_020097835.1_ASM2009783v1,NA,salt lake
GCF_000968535.1_ASM96853v1,NA,NA
GCF_024204785.1_ASM2420478v1,Homo sapiens,blood
GCF_013201975.1_ASM1320197v1,NA,Canine oral plaque
GCF_003856395.1_ASM385639v1,Homo sapiens,skin
GCF_002504285.1_ASM250428v1,Pseudorca crassidens,blood
GCF_022494235.1_ASM2249423v1,NA,Stanley WWTPs_47 WWTPs effluent
GCF_030296235.1_ASM3029623v1,Sus scrofa,feces
GCF_003515915.2_ASM351591v2,Prunus avium,NA
GCF_025152765.1_ASM2515276v1,Homo sapiens,urine
GCF_013004045.1_ASM1300404v1,chicken,NA
GCF_016903515.1_ASM1690351v1,Homo sapiens,NA
GCF_000184435.1_ASM18443v1,NA,creosote contaminated soil
GCF_002776575.1_ASM277657v1,NA,West sea sediment in South Korea
GCF_019434295.1_ASM1943429v1,Homo sapiens,NA
GCF_025560685.1_ASM2556068v1,walnut,crown gall
GCF_003020685.1_ASM302068v1,Homo sapiens,not_blood
GCF_030503735.1_ASM3050373v1,Homo sapiens,skin
GCF_021535045.1_ASM2153504v1,Etmopterus lucifer,gut content
GCF_000403575.2_ASM40357v2,Brassica rapa subsp. chinensis,NA
GCF_015356015.1_ASM1535601v1,Homo sapiens,NA
GCF_023300025.1_ASM2330002v1,NA,pet food (BARF)
GCF_003018635.1_ASM301863v1,NA,NA
GCF_016027095.1_ASM1602709v1,NA,NA
GCF_013635495.1_ASM1363549v1,NA,Wastewater influent sample
GCF_001921985.1_ASM192198v1,NA,NA
GCF_900497145.1_ASM90049714v1,NA,NA
GCF_038397815.1_ASM3839781v1,Homo sapiens,sputum
GCF_028891345.1_ASM2889134v1,NA,Vitis vinifera
GCF_035222775.1_ASM3522277v1,Homo sapiens,Skin wound
GCF_004848885.1_ASM484888v1,Homo sapiens,NA
GCF_002996945.1_ASM299694v1,NA,NA
GCF_023212445.2_ASM2321244v2,Salmo salar,salmon tissue (head kidney)
GCF_009296025.1_ASM929602v1,NA,forest soil
GCF_003966365.1_Acetorien_assembly01,NA,isolated from commercially available Caspian Sea yogurt
GCF_019456595.1_ASM1945659v1,NA,stream surface water
GCF_030007315.1_ASM3000731v1,Homo sapiens,Human gut
GCF_009671085.1_ASM967108v1,swine,feces
GCF_013284055.1_ASM1328405v1,Odontobutis platycephala,NA
GCF_014931375.1_ASM1493137v1,Homo sapiens,cough swab
GCF_001922065.1_ASM192206v1,Citrus hystrix,citrus leaf
GCF_013305955.1_ASM1330595v1,Homo sapiens,NA
GCF_009649035.1_ASM964903v1,NA,chicken breast
GCF_000020685.1_ASM2068v1,NA,NA
GCF_000025325.1_ASM2532v1,NA,NA
GCF_016774455.1_ASM1677445v1,NA,conjugation assay
GCF_000026045.1_ASM2604v1,NA,NA
GCF_022832735.1_ASM2283273v1,NA,tailing mud
GCF_026016005.1_ASM2601600v1,Homo sapiens,puncture fluid
GCF_013168055.1_ASM1316805v1,cattle,cattle feces
GCF_028607025.1_ASM2860702v1,Homo sapiens,urine
GCF_003713105.1_ASM371310v1,NA,Fermented corn meal
GCF_001713435.1_ASM171343v1,NA,Algal phycosphere
GCF_024397235.1_ASM2439723v1,Homo sapiens,secretions
GCF_000754345.1_ASM75434v1,NA,NA
GCF_019551835.1_ASM1955183v1,NA,NA
GCF_024399055.1_ASM2439905v1,NA,Pavement of the street
GCF_036287745.1_ASM3628774v1,Homo sapiens,rectal swab
GCF_016756455.1_ASM1675645v1,Homo sapiens,feces
GCF_040801795.1_ASM4080179v1,Homo sapiens,feces
GCF_014706535.1_ASM1470653v1,NA,soil
GCF_009498715.2_ASM949871v2,Fresh water lake,Powai Lake; Mumbai; India
GCF_013704985.1_ASM1370498v1,NA,Freshwater sample from downstream of wastewater treatment plant
GCF_012029895.2_ASM1202989v2,Homo sapiens,NA
GCF_000196655.1_ASM19665v1,NA,mud from a salt lagoon
GCF_022212845.1_ASM2221284v1,Homo sapiens,fecal sample
GCF_025559085.1_ASM2555908v1,Camel,nasal swab
GCF_024732425.1_ASM2473242v1,Homo sapiens,NA
GCF_012935005.1_ASM1293500v1,Homo sapiens,sputum
GCF_003665215.1_ASM366521v1,NA,Cheonggukjang
GCF_000789395.1_ASM78939v1,Homo sapiens,Stool (adult)
GCF_020149705.1_ASM2014970v1,Homo sapiens,urine
GCF_026626005.1_ASM2662600v1,NA,sea mud
GCF_025232695.1_ASM2523269v1,Homo sapiens,stool
GCF_033130025.1_ASM3313002v1,Homo sapiens,feces
GCF_022023895.1_ASM2202389v1,NA,surface water
GCF_000012085.2_ASM1208v2,NA,Ornithodoros turicata
GCF_000020105.1_ASM2010v1,NA,NA
GCF_013168235.1_ASM1316823v1,bovine,NA
GCF_018310495.1_ASM1831049v1,Homo sapiens,Surveillance
GCF_004088295.1_ASM408829v1,Homo sapiens,urine
GCF_029866925.1_ASM2986692v1,NA,NA
GCF_021765875.1_ASM2176587v1,Seriola lalandi,fish
GCF_030038915.1_ASM3003891v1,NA,environmental: river/lake
GCF_023735915.1_ASM2373591v1,Homo sapiens,NA
GCF_022982435.1_ASM2298243v1,NA,bacteria culture
GCF_014904185.2_ASM1490418v2,pig,pig farm
GCF_022699565.1_ASM2269956v1,Homo sapiens,sanies
GCF_004102605.1_ASM410260v1,NA,food
GCF_003956425.1_ASM395642v1,Homo sapiens,stool
GCF_001908375.1_ASM190837v1,Phaseolus vulgaris,NA
GCF_030863685.1_ASM3086368v1,cat,abdominal fluid
GCF_001448785.2_ASM144878v2,NA,NA
GCF_001969345.1_ASM196934v1,NA,seawater
GCF_902459475.1_pb_189-1_HGAP3_CTR,NA,Borehole HDN1; spa
GCF_023547125.1_ASM2354712v1,Homo sapiens,pertoneal cavity
GCF_009707405.1_ASM970740v1,Homo sapiens,sputum
GCF_002180055.1_ASM218005v1,NA,NA
GCF_013343255.1_ASM1334325v1,Homosapiens,stool
GCF_002951795.1_ASM295179v1,chicken,stool
GCF_004358925.1_ASM435892v1,Homo sapiens,stool
GCF_010365525.1_ASM1036552v1,NA,environment
GCF_022459015.1_ASM2245901v1,NA,Polistes dominula wasp
GCF_000143085.1_ASM14308v1,NA,NA
GCF_036452035.1_ASM3645203v1,Homo sapiens,blood
GCF_002291265.1_ASM229126v1,Oncorhynchus kisutch,U.S. Pacific Ocean coast
GCF_030296055.1_ASM3029605v1,NA,deep-sea hydrothermal vent fluid; hydrothermal fluid
GCF_002892265.1_ASM289226v1,NA,fish larvae aquaculture
GCF_016903775.1_ASM1690377v1,Homo sapiens,NA
GCF_002355575.1_ASM235557v1,NA,water
GCF_008728175.1_ASM872817v1,Lettuce,lettuce production field
GCF_036866125.1_ASM3686612v1,Triticum aestivum 'Rembrandt',Flag leaf of wheat
GCF_016725265.1_ASM1672526v1,NA,NA
GCF_026873325.1_ASM2687332v1,Homo sapiens,feces
GCF_030126985.1_ASM3012698v1,NA,Coastal seawater
GCF_022494055.1_ASM2249405v1,WWTPs effluent,Stanley WWTPs_28 WWTPs effluent
GCF_030505955.1_ASM3050595v1,NA,chicken breast
GCF_020535385.1_ASM2053538v1,Periplaneta americana,intestinal tract
GCF_033170545.1_ASM3317054v1,Homo sapiens,NA
GCF_005158025.1_ASM515802v1,dairy cattle,milk
GCF_025914095.1_ASM2591409v1,NA,leaves
GCF_000344355.2_ASM34435v2,Actinidia,NA
GCF_016599795.1_ASM1659979v1,NA,NA
GCF_000015485.1_ASM1548v1,NA,NA
GCF_000010125.1_ASM1012v1,NA,NA
GCF_000013245.1_ASM1324v1,NA,NA
GCF_017357745.1_ASM1735774v1,Crow,cloacal swab
GCF_022453725.1_ASM2245372v1,Homo sapiens,blood
GCF_002844165.1_ASM284416v1,Homo sapiens,NA
GCF_025311555.1_ASM2531155v1,Homo sapiens,NA
GCF_000013845.2_ASM1384v2,NA,NA
GCF_003031545.1_ASM303154v1,Homo sapiens,sputum
GCF_037776265.1_ASM3777626v1,Chicken,NA
GCF_019738995.2_ASM1973899v2,Homo sapiens,burn wound
GCF_001022275.1_ASM102227v1,Homo sapiens,Respiratory
GCF_035747985.1_ASM3574798v1,Homo sapiens,Rectal Swab
GCF_022605345.1_ASM2260534v1,Homo sapiens,sputum
GCF_020546785.1_ASM2054678v1,NA,NA
GCF_036232285.1_ASM3623228v1,Homo sapiens,Cystic fibrosis human lung
GCF_900639645.1_E8440_hybrid_assembly,NA,NA
GCF_000237325.1_ASM23732v1,NA,NA
GCF_028335685.1_ASM2833568v1,Bos taurus,fecal sample
GCF_033679665.1_ASM3367966v1,NA,hospital
GCF_023822145.1_ASM2382214v1,NA,faecal sample of a Golden lion tamarin
GCF_013305905.1_ASM1330590v1,Homo sapiens,NA
GCF_001050455.1_ASM105045v1,NA,NA
GCF_038442825.1_ASM3844282v1,NA,Sink drain
GCF_015697825.1_ASM1569782v1,Homo sapiens,stool
GCF_029717145.1_ASM2971714v1,NA,Pooled soil sample collected from floor of pig farm
GCF_000019705.1_ASM1970v1,NA,NA
GCF_900639635.1_E8927_hybrid_assembly,NA,NA
GCF_024918835.1_ASM2491883v1,Homo sapiens,blood
GCF_019329365.1_ASM1932936v1,Homo sapiens,NA
GCF_023547315.1_ASM2354731v1,Homo sapiens,shunt fluid
GCF_020736485.1_ASM2073648v1,NA,Canadian salted buffalo hide
GCF_904864625.1_INF171,Homo sapiens,urine
GCF_023159095.1_ASM2315909v1,NA,milking environment
GCF_020091465.1_ASM2009146v1,Homo sapiens,Peritoneal Fluid
GCF_017298915.1_ASM1729891v1,NA,Clone isolated from the evolution experiment described in Ketola et al. 2013 (doi: 10.1111/evo.12148)
GCF_000178395.2_ASM17839v2,NA,not provided; submitted under MIGS 2.1
GCF_028221125.1_ASM2822112v1,Homo sapiens,lavage fluid
GCF_002946715.1_ASM294671v1,Homo sapiens,feces
GCF_002407145.1_ASM240714v1,NA,chicken breast
GCF_022313415.2_ASM2231341v2,NA,Foot panel of ARED on ISS
GCF_021193625.2_ASM2119362v2,Homo sapiens,urethal swab
GCF_018409035.1_ASM1840903v1,NA,NA
GCF_003346835.1_ASM334683v1,Homo sapiens,rectal swab
GCF_003184985.1_ASM318498v1,Homo sapiens,left-sided endocarditis
GCF_020911725.1_ASM2091172v1,Homo sapiens,adenocarcinoma in distal colon
GCF_021869625.1_ASM2186962v1,NA,Drainage
GCF_014169135.1_ASM1416913v1,NA,wastewater
GCF_037887095.1_ASM3788709v1,Chicken,NA
GCF_003054475.1_ASM305447v1,NA,Gulf of Finland
GCF_014304835.1_ASM1430483v1,Homo sapiens,Rectal Swab
GCF_035666175.1_ASM3566617v1,goose,NA
GCF_016026675.1_ASM1602667v1,NA,NA
GCF_000022645.2_ASM2264v1,NA,NA
GCF_029167645.1_ASM2916764v1,Apis mellifera,Insects
GCF_029917105.1_ASM2991710v1,Homo sapiens,oral
GCF_001952995.1_ASM195299v1,Homo sapiens,stool
GCF_030012545.1_ASM3001254v1,Danio rerio,NA
GCF_008386335.1_ASM838633v1,NA,chicken
GCF_029224105.1_ASM2922410v1,bovine,NA
GCF_002285515.1_ASM228551v1,Lactuca sativa L. var. longifolia,NA
GCF_009664245.1_ASM966424v1,Medicago sativa L. subsp. ambigua,NA
GCF_037094665.1_ASM3709466v1,NA,food_industry_fermented yak dairy products
GCF_004102585.1_ASM410258v1,NA,food
GCF_013365535.1_ASM1336553v1,Panulirus ornatus,NA
GCF_018388585.1_ASM1838858v1,NA,Human faeces
GCF_038096155.1_ASM3809615v1,NA,Elymus nutan
GCF_002156745.1_ASM215674v1,Homo sapiens,respiratory
GCF_009931135.1_ASM993113v1,NA,hospital
GCF_020905795.1_ASM2090579v1,Trieres chinensis,estuarine water [ENVO:01000301]
GCF_022406675.1_ASM2240667v1,NA,frozen dumplings
GCF_029536615.1_ASM2953661v1,Homo sapiens,feces
GCF_012220765.1_ASM1222076v1,NA,duck meat
GCF_002843985.1_ASM284398v1,NA,Retail Chicken
GCF_963378085.1_MU0050_Flye_MinION,Homo sapiens,Gastric lavage
GCF_005519465.1_ASM551946v1,NA,NA
GCF_000277895.2_ASM27789v2,NA,NA
GCF_023657955.1_ASM2365795v1,Canis lupus familiaris,NA
GCF_016917795.1_ASM1691779v1,Bombyx mori,NA
GCF_034424455.1_ASM3442445v1,NA,NA
GCF_022693205.1_ASM2269320v1,Homo sapiens,urine
GCF_017897985.1_ASM1789798v1,NA,noduls from roots of Medicago sativa
GCF_017088445.1_ASM1708844v1,Homo sapiens,feces
GCF_011193375.1_ASM1119337v1,pig,feces
GCF_000723785.1_AP1,NA,NA
GCF_018474465.1_ASM1847446v1,goose,Epidemic materials
GCF_024137945.1_ASM2413794v1,NA,chicken
GCF_014217745.1_ASM1421774v1,NA,pork
GCF_025583265.2_ASM2558326v2,chicken,feces
GCF_003344465.1_ASM334446v1,Homo sapiens,CSF
GCF_032878355.1_ASM3287835v1,Homo sapiens,clinical isolate
GCF_004328745.1_ASM432874v1,NA,NA
GCF_003856995.1_ASM385699v1,Homo sapiens,urine
GCF_002833465.1_ASM283346v1,Homo sapiens,blood
GCF_036866175.1_ASM3686617v1,Triticum aestivum 'Kvium',Flag leaf of wheat
GCF_007726545.1_ASM772654v1,NA,retail chicken gizzard
GCF_030012725.1_ASM3001272v1,Sus scrofa,feces
GCF_037024275.1_ASM3702427v1,Homo sapiens,NA
GCF_003368025.1_ASM336802v1,Homo sapiens,NA
GCF_034120075.1_ASM3412007v1,Homo sapiens,urine
GCF_029010235.1_ASM2901023v1,Homo sapiens,vagina
GCF_018292045.1_ASM1829204v1,Homo sapiens,feces
GCF_018604765.1_ASM1860476v1,Homo sapiens,feces
GCF_014169355.1_ASM1416935v1,NA,wastewater
GCF_035666315.1_ASM3566631v1,Homo sapiens,bile
GCF_022369535.1_ASM2236953v1,Homo sapiens,NA
GCF_023361895.1_ASM2336189v1,Homo sapiens,blood
GCF_905331345.2_AI3010v1_cpp,Homo sapiens,Hospital Vall d'Hebron (Barcelona)
GCF_003391095.1_ASM339109v1,Crocodile lizard,NA
GCF_016415345.1_ASM1641534v1,Homo sapiens,rectal swab
GCF_021899755.1_ASM2189975v1,Homo sapiens,NA
GCF_009763085.1_ASM976308v1,NA,wound
GCF_021560115.1_ASM2156011v1,Homo sapiens,NA
GCF_040790905.1_ASM4079090v1,NA,breast milk from healthy nursing mother
GCF_902827215.1_SB5881,Homo sapiens,blood
GCF_001932595.1_ASM193259v1,Salmo salar,Liver
GCF_029774295.1_ASM2977429v1,Homo sapiens,NA
GCF_020614395.1_ASM2061439v1,NA,commercial salt
GCF_022354665.1_ASM2235466v1,NA,Shek Wu Hui WWTPs_106 WWTPs influent
GCF_023184535.1_ASM2318453v1,Homo sapiens,bronchial aspirate
GCF_015500075.1_ASM1550007v1,NA,nutrient broth
GCF_028356555.1_ASM2835655v1,NA,soil sample
GCF_902509485.1_Se_BPH0697,NA,clinical
GCF_009676865.1_ASM967686v1,NA,Surface of a polyethylene microplastic particle present in tank 6 of a marine aquarium containing stony-coral fragments and water maintained at 26 degree C
GCF_001953235.1_ASM195323v1,Homo sapiens,blood
GCF_022869665.1_ASM2286966v1,NA,NA
GCF_016925275.1_ASM1692527v1,Homo sapiens,blood
GCF_013122035.1_ASM1312203v1,NA,NA
GCF_022117635.1_ASM2211763v1,Feral pig,feces
GCF_002504105.1_ASM250410v1,Canis latrans,feces
GCF_013177355.1_ASM1317735v1,sugarcane,NA
GCF_025398715.1_ASM2539871v1,Homo sapiens,NA
GCF_024585005.1_ASM2458500v1,Homo sapiens,adult
GCF_032386315.1_ASM3238631v1,NA,NA
GCF_026248865.1_ASM2624886v1,Homo sapiens,urine
GCF_027627745.1_ASM2762774v1,NA,Bacillus thuringiensis ssp. tenebrionis (Btt)
GCF_028743755.1_ASM2874375v1,Homo sapiens,NA
GCF_027285985.1_ASM2728598v1,Ixodes persulcatus,Ixodes persulcatus cultured in BSK-II media
GCF_021329025.1_ASM2132902v1,bovine,NA
GCF_002356095.1_ASM235609v1,NA,soil
GCF_904863305.1_MSB1_3B,Homo sapiens,rectal swab
GCF_003019195.1_ASM301919v1,Homo sapiens,stool
GCF_023212425.2_ASM2321242v2,Salmo salar,salmon egg fluid
GCF_030503755.1_ASM3050375v1,patient,sputum
GCF_905330865.2_AI2946v1_cpp,Homo sapiens,Hospital Universitario Central de Asturias (Oviedo)
GCF_013343055.1_ASM1334305v1,Homo sapiens,urine specimens
GCF_022559505.1_ASM2255950v1,Dryococelus australis,hemocoel swab
GCF_024442235.1_ASM2444223v1,NA,seawater
GCF_021535025.1_ASM2153502v1,NA,pork
GCF_001854165.1_ASM185416v1,pepper plant,infected pepper plant
GCF_003574235.1_ASM357423v1,Homo sapiens,NA
GCF_008931665.1_ASM893166v1,Homo sapiens,clinical sample
GCF_025946485.2_ASM2594648v2,NA,pepper
GCF_001638925.1_ASM163892v1,tobacco,leaves
GCF_023300045.1_ASM2330004v1,NA,pet food (BARF)
GCF_028607045.1_ASM2860704v1,NA,deep marine sediment [ENVO:00002113]
GCF_000283515.1_ASM28351v1,NA,NA
GCF_016756655.1_ASM1675665v1,Homo sapiens,human bile
GCF_000334875.3_ASM33487v3,NA,contaminated soil
GCF_014211915.1_ASM1421191v1,NA,Soil
GCF_009648795.1_ASM964879v1,Homo sapiens,stool
GCF_902459535.1_Paraburkholderia_sp_Msb3,NA,leaf
GCF_037776255.1_ASM3777625v1,Chicken,NA
GCF_019551855.1_ASM1955185v1,NA,NA
GCF_016591995.1_ASM1659199v1,Homo sapiens,blood
GCF_025837155.1_ASM2583715v1,NA,soil of paddy field
GCF_029689945.1_ASM2968994v1,NA,peat soil samples
GCF_029225785.1_ASM2922578v1,NA,ENVO:01001050
GCF_001308105.1_ASM130810v1,Soil,NA
GCF_026626205.1_ASM2662620v1,NA,environment
GCF_013822985.1_ASM1382298v1,Homo sapiens,oral
GCF_020149505.1_ASM2014950v1,NA,activated sludge
GCF_003994655.1_ASM399465v1,Sus scrofa domesticus,Farm
GCF_022832755.1_ASM2283275v1,Homo sapiens,blood
GCF_013168035.1_ASM1316803v1,Homo sapiens,NA
GCF_034017155.1_ASM3401715v1,Canis lupus familiaris,nasal swab
GCF_964054695.1_30821_1_335,NA,NA
GCF_016774435.1_ASM1677443v1,Homo sapiens,blood
GCF_000148935.1_ASM14893v1,NA,NA
GCF_020883415.1_ASM2088341v1,NA,cecal contents
GCF_014353055.1_ASM1435305v1,NA,Water
GCF_000006805.1_ASM680v1,NA,NA
GCF_003231115.1_ASM323111v1,Homo sapiens,fecal sample
GCF_030294965.1_ASM3029496v1,NA,Brain-Heart-Infusion
GCF_900635995.1_38273_C01,NA,not available: to be reported later
GCF_016599595.1_ASM1659959v1,NA,NA
GCF_928376045.1_BB1502_assembly_hybrid,NA,NA
GCF_904865785.1_INF142,Homo sapiens,urine
GCF_002222655.1_ASM222265v1,NA,Mud
GCF_006542355.1_ASM654235v1,Allamanda cathartica,Plant
GCF_029541725.1_ASM2954172v1,NA,raw milk
GCF_029633805.1_ASM2963380v1,NA,pharmaceutical solution
GCF_001499655.1_PNK1,Naegleria,NA
GCF_017357545.1_ASM1735754v1,Homo sapiens,feces
GCF_002850015.1_ASM285001v1,NA,olive fermentation
GCF_030296255.1_ASM3029625v1,Sus scrofa,feces
GCF_021729425.1_ASM2172942v1,NA,South Sea
GCF_020229695.1_ASM2022969v1,NA,raw fermented sausage
GCF_025152705.1_ASM2515270v1,Homo sapiens,lung
GCF_007751255.1_ASM775125v1,NA,polystyrene
GCF_002043025.1_ASM204302v1,Apis mellifera,NA
GCF_002844375.1_ASM284437v1,NA,surface seawater
GCF_016903575.1_ASM1690357v1,NA,NA
GCF_000055945.1_ASM5594v1,Sus scrofa,NA
GCF_024347815.1_ASM2434781v1,NA,NA
GCF_002197145.1_ASM219714v1,Medicago truncatula,NA
GCF_007106565.1_ASM710656v1,NA,NA
GCF_013391125.1_ASM1339112v1,NA,environmental
GCF_030550835.1_ASM3055083v1,NA,Rough variant of Nocardia corallina No. 724; Presque Isle Cultures; Presque Isle; Pa.
GCF_002868735.1_ASM286873v1,NA,cyanobacterial aggregates
GCF_022494255.1_ASM2249425v1,NA,Stanley WWTPs_10 WWTPs influent
GCF_020535185.1_ASM2053518v1,Homo sapiens,NA
GCF_001886775.1_ASM188677v1,NA,NA
GCF_036866145.1_ASM3686614v1,Triticum aestivum 'Kvium',Flag leaf of wheat
GCF_028621775.1_ASM2862177v1,NA,feces
GCF_002943835.1_ASM294383v1,Medicago sativa,from a crown gall tumor on a field-grown alfalfa
GCF_016725205.1_ASM1672520v1,NA,NA
GCF_037024245.1_ASM3702424v1,Homo sapiens,NA
GCF_026873345.1_ASM2687334v1,Homo sapiens,feces
GCF_014054725.1_ASM1405472v1,dog,NA
GCF_033170525.1_ASM3317052v1,Homo sapiens,sputum
GCF_022494035.1_ASM2249403v1,NA,Stanley WWTPs_27 WWTPs effluent
GCF_030505935.1_ASM3050593v1,NA,chicken breast
GCF_024579815.1_ASM2457981v1,Homo sapiens,NA
GCF_003856615.1_ASM385661v1,Homo sapiens,UTI
GCF_011045215.1_ASM1104521v1,Papio papio,stool
GCF_016903715.1_ASM1690371v1,Homo sapiens,NA
GCF_025560485.1_ASM2556048v1,walnut,crown gall
GCF_013625115.1_ASM1362511v1,NA,Freshwater sample from downstream of wastewater treatment plant
GCF_017357725.1_ASM1735772v1,Crow,cloacal swab
GCF_008253865.1_ASM825386v1,soybean,rhizosphere soil
GCF_019056395.1_ASM1905639v1,Kimchi,NA
GCF_022453745.1_ASM2245374v1,Homo sapiens,blood
GCF_038096215.1_BSN165,Homo sapiens,blood
GCF_000280315.2_ASM28031v2,Homo sapiens,Clinical
GCF_023008185.1_ASM2300818v1,Salmo salar,NA
GCF_025311535.1_ASM2531153v1,Homo sapiens,NA
GCF_022682305.1_ASM2268230v1,NA,sluge
GCF_000009185.1_ASM918v1,NA,NA
GCF_000023985.1_ASM2398v1,NA,NA
GCF_018127825.1_ASM1812782v1,Homo sapiens,human oral cavity
GCF_030490085.1_ASM3049008v1,Homo sapiens,NA
GCF_012935065.1_ASM1293506v1,Homo sapiens,sputum
GCF_002187935.3_ASM218793v3,Homo sapiens,Blood
GCF_009498215.1_ASM949821v1,Prosopis cineraria,nodule
GCF_020149765.1_ASM2014976v1,Eucalyptus grandis,Plant tissue
GCF_026626065.1_ASM2662606v1,NA,chicken
GCF_003957415.1_ASM395741v1,Homo sapiens,adult feces
GCF_033130045.1_ASM3313004v1,Homo sapiens,feces
GCF_013168255.1_ASM1316825v1,bovine,NA
GCF_001664085.1_ASM166408v1,Phaseolus vulgaris,legume-root nodule
GCF_000024785.1_ASM2478v1,NA,NA
GCF_002968715.1_ASM296871v1,NA,NA
GCF_024266285.1_ASM2426628v1,Homo sapiens,stool
GCF_036287725.1_ASM3628772v1,Homo sapiens,rectal swab
GCF_003181135.1_ASM318113v1,Homo sapiens,NA
GCF_003325255.1_ASM332525v1,NA,NA
GCF_003717815.1_ASM371781v1,NA,NA
GCF_013800985.1_ASM1380098v1,NA,Pooled sheep faecal samples collected from floor of farm
GCF_016888925.1_ASM1688892v1,Homo sapiens,NA
GCF_022559765.1_ASM2255976v1,chicken,stool
GCF_019977795.1_ASM1997779v1,Penaeus japonicus,NA
GCF_037897545.1_ASM3789754v1,Homo sapiens,resected colorectal tumor
GCF_009729995.1_ASM972999v1,Homo sapiens,clinical isolate
GCF_010365545.1_ASM1036554v1,NA,environment
GCF_013307065.1_ASM1330706v1,Homo sapiens,NA
GCF_900087625.2_WHOO,NA,NA
GCF_002846135.1_ASM284613v1,Homo sapiens,Respiratory secretions
GCF_025853835.1_ASM2585383v1,Brassica oleracea,NA
GCF_036452055.1_ASM3645205v1,Homo sapiens,blood
GCF_023735975.1_ASM2373597v1,Homo sapiens,NA
GCF_029866945.1_ASM2986694v1,NA,sediment
GCF_002950035.1_ASM295003v1,Homo sapiens,Feces of patient with dysentery
GCF_021496925.1_ASM2149692v1,NA,waste water
GCF_012051085.1_ASM1205108v1,Homo sapiens,Diarrheal patient
GCF_008124105.1_ASM812410v1,NA,mouse gut
GCF_023547145.1_ASM2354714v1,Homo sapiens,Splenic fine needle aspirate
GCF_021545725.1_ASM2154572v1,Homo sapiens,blood
GCF_963855485.1_PS13962019,Homo sapiens,human wound
GCF_037099765.1_ASM3709976v1,NA,soil
GCF_009730355.1_ASM973035v1,Homo sapiens,inflamed biopsy tissue from sigmoid colon
GCF_020695365.1_ASM2069536v1,Homo sapiens,tracheal aspirate
GCF_030316155.1_ASM3031615v1,Homo sapiens,blood
GCF_025908295.1_ASM2590829v1,Homo sapiens,Majorca stay with severe diarrhea bloody
GCF_004771075.1_ASM477107v1,NA,cabbage
GCF_024532225.1_ASM2453222v1,TBG,Poyang Lake
GCF_001900675.1_ASM190067v1,dog,NA
GCF_003568645.1_ASM356864v1,Homo sapiens,NA
GCF_037911825.1_ASM3791182v1,Homo sapiens,resected colorectal tumor
GCF_001709295.1_ASM170929v1,Homo sapiens,Tracheal Aspirate
GCF_001708035.2_ASM170803v2,NA,Turbot fish farm
GCF_015534775.1_ASM1553477v1,NA,Chicken meat
GCF_019357455.1_ASM1935745v1,Phyla canescens,NA
GCF_022869885.1_ASM2286988v1,female,catheter
GCF_000272755.4_ASM27275v4,Gallus gallus,chicken (Gallus gallus)
GCF_019931025.1_ASM1993102v1,NA,NA
GCF_038070545.1_ASM3807054v1,Homo sapiens,NA
GCF_005280715.1_ASM528071v1,Homosapiens,blood
GCF_900143135.1_ErCipseudotaxifoliae_v1.0,Cinara pseudotaxifoliae,host's whole body
GCF_003427055.1_ASM342705v1,Oryza sativa,rice leaves
GCF_003812945.1_ASM381294v1,Homo sapiens,UCC isolate
GCF_002073995.1_ASM207399v1,Crassostrea gigas (Pacific oyster),oyster larvae
GCF_001592435.1_ASM159243v1,NA,hydrothermal fluid
GCF_023182815.2_ASM2318281v2,piglet,NA
GCF_026248685.1_ASM2624868v1,NA,sediment
GCF_013373785.3_ASM1337378v3,Glycine max cv. AC Glengarry,Root nodule from soybean plant inoculated with root zone soil from Desmodium canadense
GCF_023658105.1_ASM2365810v1,Homo sapiens,NA
GCF_015219805.1_ASM1521980v1,Homo sapiens,NA
GCF_023612355.1_ASM2361235v1,NA,weever
GCF_003399885.2_ASM339988v2,NA,Raw milk cheese
GCF_001455345.1_ASM145534v1,invertebrates,soil
GCF_001420995.1_ASM142099v1,Apterostigma dentigerum,exoskeleton of ant
GCF_009912895.1_ASM991289v1,Homo sapiens,NA
GCF_024396855.1_ASM2439685v1,Homo sapiens,urine
GCF_003948085.2_ASM394808v2,Homo sapiens,trach asp
GCF_030533535.1_ASM3053353v1,Homo sapiens,secretion
GCF_035989885.1_ASM3598988v1,NA,NA
GCF_964059175.1_BuBrtragopogonis_B_tra_v1.0,Brachycaudus tragopogonis,NA
GCF_016889145.1_ASM1688914v1,NA,NA
GCF_004124215.2_ASM412421v2,NA,food
GCF_037201955.1_BSN139,Homo sapiens,blood
GCF_031188765.1_ASM3118876v1,Homo sapiens,feces
GCF_005707215.1_ASM570721v1,Homo sapiens,NA
GCF_039639785.1_ASM3963978v1,NA,NA
GCF_019900785.2_ASM1990078v2,Bovine,Mastitis-milk
GCF_029873195.1_ASM2987319v1,Homo sapiens,NA
GCF_023734115.1_ASM2373411v1,NA,NA
GCF_000196255.1_ASM19625v1,NA,NA
GCF_009363735.1_ASM936373v1,NA,Surface of a polyethylene microplastic particle present in tank 6 of a marine aquarium containing stony-coral fragments and water maintained at 26 degree C
GCF_037101355.1_ASM3710135v1,Nicotiana tabacum,NA
GCF_036346595.1_ASM3634659v1,NA,NA
GCF_004136135.1_ASM413613v1,Bovine,bovine peripheral lymph node
GCF_029714045.1_ASM2971404v1,Homo sapiens,NA
GCF_029854275.1_ASM2985427v1,fish,spleen
GCF_011801265.1_ASM1180126v1,Pepper,Stem of infected pepper plant
GCF_008727695.1_ASM872769v1,Homo sapiens,rectal swab
GCF_025809335.1_ASM2580933v1,Homo sapiens,human nose
GCF_002012025.1_ASM201202v1,Homo sapiens,NA
GCF_013389615.1_ASM1338961v1,Giant Panda,fece
GCF_002814155.1_ASM281415v1,NA,surface seawater
GCF_029714225.1_ASM2971422v1,Chamaecytisus prolifer var. palmensis,NA
GCF_015034605.1_ASM1503460v1,NA,Saratov Oil Refinery
GCF_021534845.1_ASM2153484v1,NA,mutton
GCF_003443755.1_ASM344375v1,Homo sapiens,hospital
GCF_027857035.1_ASM2785703v1,NA,stem
GCF_001902435.1_ASM190243v1,Homo sapiens,wound swab
GCF_033807375.1_ASM3380737v1,NA,urine
GCF_008642395.1_ASM864239v1,Bivalve mollusk,marine environment
GCF_024971055.1_ASM2497105v1,NA,marine sediment
GCF_030039375.1_ASM3003937v1,NA,environmental: river near WWTP effluent
GCF_900520365.1_ASM90052036v1,NA,NA
GCF_004323635.1_ASM432363v1,Psoroma sp.,Lichen
GCF_016904115.1_ASM1690411v1,Homo sapiens,NA
GCF_033870275.1_ASM3387027v1,NA,NA
GCF_003814005.1_ASM381400v1,Geronticus eremita,choana
GCF_003597635.1_ASM359763v1,NA,kimchi
GCF_011996285.1_ASM1199628v1,Homo sapiens,NA
GCF_025984365.1_ASM2598436v1,Bovine,NA
GCF_030053875.1_ASM3005387v1,Homo sapiens,Ascitic fluid
GCF_022922915.1_ASM2292291v1,Homo sapiens,gastric biopsy
GCF_021165815.1_ASM2116581v1,Homo sapiens,rectal swab
GCF_005221505.1_ASM522150v1,NA,cattle
GCF_019263705.2_ASM1926370v2,NA,marine sediment
GCF_020905975.1_ASM2090597v1,Skeletonema costatum,estuarine water [ENVO:01000301]
GCF_037966485.2_ASM3796648v2,NA,feces
GCF_018884305.1_ASM1888430v1,Homo sapiens,stool
GCF_023823915.1_ASM2382391v1,NA,soil
GCF_016727585.1_ASM1672758v1,NA,NA
GCF_016889325.1_ASM1688932v1,Homo sapiens,NA
GCF_022924515.1_ASM2292451v1,Homo sapiens,gastric biopsy
GCF_004120015.1_ASM412001v1,Homo sapiens,sputum
GCF_014723135.1_ASM1472313v1,Homo sapiens,blood
GCF_001989535.1_ASM198953v1,NA,riverwater
GCF_009938205.1_ASM993820v1,NA,NA
GCF_023658365.1_ASM2365836v1,Canis lupus familiaris,NA
GCF_002787755.1_ASM278775v1,Homo sapiens,Peritoneal fluid
GCF_000968135.1_ASM96813v1,NA,NA
GCF_016350085.1_ASM1635008v1,Homo sapiens,blood
GCF_033245965.1_ASM3324596v1,Homo sapiens,rectal swab
GCF_040256755.1_ASM4025675v1,Homo sapiens,rectal swab
GCF_019857565.1_ASM1985756v1,Homo sapiens,NA
GCF_015289545.1_ASM1528954v1,NA,Human fecal samples
GCF_024735245.1_ASM2473524v1,Homo sapiens,urine
GCF_001787335.1_ASM178733v1,NA,palm brown sugar
GCF_030384725.1_ASM3038472v1,NA,farm environment
GCF_949361515.1_GENOMIC20-001,NA,NA
GCF_013886195.1_ASM1388619v1,NA,Pooled sheep faecal samples collected from floor of farm
GCF_031599035.1_ASM3159903v1,NA,soil
GCF_005222565.1_ASM522256v1,Homo sapiens,blood
GCF_014075475.1_ASM1407547v1,broiler chicken,NA
GCF_032390415.1_ASM3239041v1,NA,ENVO:00005774
GCF_037671125.1_ASM3767112v1,Chicken,NA
GCF_022405515.1_ASM2240551v1,Homo sapiens,NA
GCF_904865795.1_KSB2_10B,Homo sapiens,rectal swab
GCF_038445195.1_Kp067-M1,Homo sapiens,NA
GCF_017310445.1_ASM1731044v1,Homo sapiens,NA
GCF_032375105.1_ASM3237510v1,NA,NA
GCF_003071305.1_ASM307130v1,NA,NA
GCF_030439775.1_ASM3043977v1,NA,NA
GCF_002276165.1_ASM227616v1,Drosophila melanogaster Oregon-R modENCODE,NA
GCF_015910385.1_ASM1591038v1,NA,Rectal
GCF_037231045.1_ASM3723104v1,Homo sapiens,bloodstream
GCF_029011805.1_ASM2901180v1,Homo sapiens,vagina
GCF_016127935.1_ASM1612793v1,NA,NA
GCF_030252675.1_ASM3025267v1,Cucumis sativus,NA
GCF_005844045.1_ASM584404v1,NA,cattle slurry
GCF_017815695.1_ASM1781569v1,Homo sapiens,blood
GCF_038070575.1_ASM3807057v1,Homo sapiens,NA
GCF_013737455.1_ASM1373745v1,NA,Wastewater influent sample
GCF_022819305.1_ASM2281930v1,NA,river sand
GCF_002753015.1_ASM275301v1,NA,NA
GCF_002128365.1_ASM212836v1,NA,egg raw whole
GCF_020162155.1_ASM2016215v1,Homo sapiens,Hospitalized patient
GCF_000239975.1_ASM23997v1,NA,NA
GCF_027924345.1_ASM2792434v1,Homo sapiens,clinical sample of a patient suspected with bacterial infection
GCF_024138125.1_ASM2413812v1,NA,Substrate
GCF_037914995.1_ASM3791499v1,Homo sapiens,NA
GCF_020139235.1_ASM2013923v1,NA,feces
GCF_001874125.1_ASM187412v1,NA,pit mud
GCF_025643115.1_ASM2564311v1,NA,NA
GCF_037281465.1_ASM3728146v1,Homo sapiens,bloodstream
GCF_009363135.1_ASM936313v1,NA,soil
GCF_035658315.1_ASM3565831v1,Oryctolagus cuniculus subsp. domesticus,feces
GCF_025137635.1_ASM2513763v1,NA,ENVO:00002034
GCF_904866365.1_MSB1_9C,Homo sapiens,rectal swab
GCF_028622415.1_ASM2862241v1,Grus grus,NA
GCF_005890095.1_ASM589009v1,Homo sapiens,NA
GCF_029542625.1_ASM2954262v1,NA,marine hydrothermal vent chimney ENVO:01000129
GCF_002796505.1_ASM279650v1,NA,NA
GCF_002949575.1_ASM294957v1,NA,NA
GCF_002310595.1_ASM231059v1,canine,NA
GCF_019968845.1_ASM1996884v1,NA,lake water
GCF_030440425.1_ASM3044042v1,NA,sponge
GCF_001693675.1_ASM169367v1,NA,soil
GCF_000192745.1_ASM19274v1,NA,NA
GCF_030036795.1_ASM3003679v1,NA,wastewater
GCF_038096245.1_BSN151,Homo sapiens,blood
GCF_023735795.1_ASM2373579v1,Homo sapiens,NA
GCF_033249005.1_ASM3324900v1,Chicken,NA
GCF_021432105.1_ASM2143210v1,Homo sapiens,sputum
GCF_023573645.1_ASM2357364v1,Homo sapiens,NA
GCF_001655495.1_ASM165549v1,Homo sapiens,Patient sample
GCF_027105055.1_ASM2710505v1,pufferfish,the gut of pufferfish
GCF_007954525.1_ASM795452v1,NA,kimchi
GCF_033100075.1_ASM3310007v1,NA,water
GCF_004798725.1_ASM479872v1,NA,sludge
GCF_024917235.1_ASM2491723v1,Homo sapiens,blood
GCF_002900385.1_ASM290038v1,Paralichthys olivaceus,NA
GCF_030062245.1_ASM3006224v1,Homo sapiens,urine
GCF_036320595.1_ASM3632059v1,pig,throat swab
GCF_013284375.2_ASM1328437v2,NA,soil of tomato plants
GCF_030847665.1_ASM3084766v1,Dog,wound swab
GCF_013112035.1_ASM1311203v1,mouse,NA
GCF_002005525.1_ASM200552v1,Helicobacter pylori,gastric
GCF_009708275.1_ASM970827v1,Oncorhynchus kisutch,NA
GCF_000967425.1_ASM96742v1,NA,NA
GCF_036630105.1_ASM3663010v1,NA,NA
GCF_017299315.1_ASM1729931v1,NA,Clone isolated from the evolution experiment described in Ketola et al. 2013 (doi: 10.1111/evo.12148)
GCF_020990585.1_ASM2099058v1,NA,plant tissue
GCF_008065155.1_ASM806515v1,NA,polar sea water
GCF_026625305.1_ASM2662530v1,NA,environmental
GCF_018316615.1_ASM1831661v1,NA,ascites
GCF_000014765.1_ASM1476v1,NA,NA
GCF_000017405.1_ASM1740v1,NA,NA
GCF_007955015.2_ASM795501v2,Homo sapiens,NA
GCF_009911965.1_ASM991196v1,Homo sapiens,NA
GCF_014217995.1_ASM1421799v1,Vulpes vulpes,NA
GCF_019317105.1_ASM1931710v1,Homo sapiens,Pus
GCF_022220325.1_ASM2222032v1,NA,Turkey Cecum
GCF_003073955.1_ASM307395v1,NA,NA
GCF_949786345.1_EC0026B_R1,NA,Derived from parental isolate EC0026B in laboratory.
GCF_009556655.1_ASM955665v1,Homo sapiens,blood from patient with community-acquired emphysematous osteomyelitis
GCF_024584865.1_ASM2458486v1,Bubalus bubalis,NA
GCF_025252425.1_ASM2525242v1,Homo sapiens,Midpiece urine
GCF_003966795.1_ASM396679v1,Homo sapiens,NA
GCF_900639585.1_E7948_hybrid_assembly,NA,NA
GCF_016452025.1_ASM1645202v1,NA,swine
GCF_015689175.1_ASM1568917v1,NA,NA
GCF_032595915.1_ASM3259591v1,NA,Ixodes minor tick
GCF_034016905.1_ASM3401690v1,Canis lupus familiaris,nasal swab
GCF_033164915.1_ASM3316491v1,Homo sapiens,urine
GCF_024224055.1_ASM2422405v1,Gallus gallus domesticus,pooled poultry feces
GCF_009913535.1_ASM991353v1,NA,kimchi
GCF_004564175.1_ASM456417v1,Homo sapiens,urine
GCF_036243155.1_ASM3624315v1,NA,NA
GCF_034259265.1_ASM3425926v1,NA,human
GCF_029223565.1_ASM2922356v1,Homo sapiens,NA
GCF_030533765.1_ASM3053376v1,Homo sapiens,secretion
GCF_023374225.1_ASM2337422v1,Homo sapiens,urine
GCF_005885855.1_ASM588585v1,Homo sapiens,stool
GCF_017372375.1_ASM1737237v1,Homo sapiens,NA
GCF_024664135.1_ASM2466413v1,NA,NA
GCF_017299175.1_ASM1729917v1,NA,Clone isolated from the evolution experiment described in Ketola et al. 2013 (doi: 10.1111/evo.12148)
GCF_040114695.1_ASM4011469v1,Homo sapiens,feces
GCF_031036455.1_ASM3103645v1,Homo sapiens,stool
GCF_034064985.1_ASM3406498v1,Homo sapiens,wound
GCF_000981845.1_ASM98184v1,Homo sapiens,NA
GCF_002173635.1_ASM217363v1,NA,food
GCF_018408855.1_ASM1840885v1,NA,enriched soil
GCF_009497675.1_ASM949767v1,Mink,Mink raising farm
GCF_009709055.1_ASM970905v1,Oncorhynchus mykiss,NA
GCF_005222365.1_ASM522236v1,NA,cattle
GCF_030718705.1_ASM3071870v1,Coprinus comatus,NA
GCF_014854755.1_ASM1485475v1,pear,NA
GCF_040551675.1_ASM4055167v1,NA,hospital
GCF_033100215.1_ASM3310021v1,NA,Breeding Pond Sediment
GCF_030039345.1_ASM3003934v1,NA,environmental: river near WWTP effluent
GCF_029636765.1_ASM2963676v1,pig,NA
GCF_037497135.1_ASM3749713v1,Homo sapiens,NA
GCF_000270025.1_ASM27002v1,NA,NA
GCF_024204905.1_ASM2420490v1,Homo sapiens,blood
GCF_029590535.1_ASM2959053v1,NA,Infant feces
GCF_004123675.1_ASM412367v1,NA,Marine Biofilm
GCF_002000585.1_ASM200058v1,Homo sapiens,Nose
GCF_013146785.1_ASM1314678v1,Homo sapiens,stool
GCF_002007765.1_ASM200776v1,Apis mellifera,NA
GCF_030515235.1_ASM3051523v1,Homo sapiens,CSF
GCF_004026165.1_ASM402616v1,Homo sapiens,left hand
GCF_024532075.1_ASM2453207v1,EW,Poyang Lake
GCF_014168955.1_ASM1416895v1,NA,wastewater
GCF_003312895.1_ASM331289v1,NA,Marine-sediment
GCF_030439745.1_ASM3043974v1,NA,NA
GCF_004141835.1_ASM414183v1,NA,food
GCF_010748915.1_ASM1074891v1,NA,wastewater
GCF_017094445.1_ASM1709444v1,NA,Baskunchak hypersaline lake
GCF_000021565.1_ASM2156v1,NA,NA
GCF_034477785.1_ASM3447778v1,NA,pus
GCF_000412695.1_ASM41269v1,NA,NA
GCF_013423925.1_ASM1342392v1,NA,marine sediment
GCF_028622675.1_ASM2862267v1,Homo sapiens,skin
GCF_027942115.1_ASM2794211v1,NA,Egg white
GCF_040256765.1_ASM4025676v1,Homo sapiens,blood
GCF_035658175.1_ASM3565817v1,Homo sapiens,rectal swab
GCF_031889865.1_ASM3188986v1,NA,Water from creek adjacent to crop field
GCF_001902235.1_ASM190223v1,Homo sapiens,Wound
GCF_031312595.1_ASM3131259v1,NA,Mangrove sediments
GCF_030295135.1_ASM3029513v1,Mus musculus,feces
GCF_003546645.1_ASM354664v1,NA,vinegar
GCF_002000605.1_ASM200060v1,Homo sapiens,Perineum
GCF_003949725.2_ASM394972v2,Homo sapiens,blood
GCF_030285485.1_ASM3028548v1,Bos taurus,feces
GCF_014930975.1_ASM1493097v1,Delphinapterus leucas (Beluga whale),NA
GCF_020717785.1_ASM2071778v1,NA,Mactra veneriformis
GCF_964198865.1_Zagreb013_hybrid_assembly.fa.gz,Homo sapiens,clinical material
GCF_028355655.1_ASM2835565v1,NA,NA
GCF_001302645.1_ASM130264v1,NA,faecal sample
GCF_018884105.1_ASM1888410v1,NA,Soja milk
GCF_018243235.1_ASM1824323v1,tobacco,leaf veins (vascular strands)
GCF_001029105.3_ASM102910v3,NA,Chicken dung
GCF_037779835.1_ASM3777983v1,Chicken,NA
GCF_000091565.1_ASM9156v1,NA,NA
GCF_016889125.1_ASM1688912v1,Homo sapiens,NA
GCF_022213025.1_ASM2221302v1,Homo sapiens,fecal sample
GCF_000959545.1_ASM95954v1,NA,Pea Rhizosphere
GCF_964043575.1_30348_2_316,NA,NA
GCF_000832985.1_ASM83298v1,NA,environmental sample
GCF_000258025.1_ASM25802v1,NA,NA
GCF_000734975.2_ASM73497v2,NA,Nile Delta Mediterranean Sea surface water
GCF_903993065.2_AI3007v1_cp,Homo sapiens,Hospital Universitario Valencia Tres cruces (Valencia)
GCF_021713115.1_ASM2171311v1,Pelicanus rufescens,kidney
GCF_037477795.1_ASM3747779v1,NA,NA
GCF_016904315.1_ASM1690431v1,Homo sapiens,NA
GCF_024759745.1_ASM2475974v1,Homo sapiens,NA
GCF_003999465.1_ASM399946v1,Deinagkistrodon acutus,diarrheal snake
GCF_011996085.1_ASM1199608v1,swine,NA
GCF_027920425.1_ASM2792042v1,Homo sapiens,Genital tract
GCF_003049825.1_ASM304982v1,NA,Origanum marjorana
GCF_037101335.1_ASM3710133v1,Solanum tuberosum,NA
GCF_025665415.1_ASM2566541v1,Homo sapiens,skin
GCF_905337845.2_AN2351v1_cp,Homo sapiens,Hospital Universitario Lucus Augusti (Lugo)
GCF_009914455.1_ASM991445v1,Homo sapiens,blood
GCF_017301775.1_ASM1730177v1,Triticum aestivum,wheat
GCF_001545095.1_ASM154509v1,Trypoxylus dichotomus,larva
GCF_026723845.1_ASM2672384v1,rabbit,NA
GCF_023920185.1_ASM2392018v1,Sus scrofa,feces
GCF_028226775.1_ASM2822677v1,NA,sour bamboo shoots sample
GCF_907165365.1_USZ_VRE32_P32_hybrid_assembly,Homo sapiens,Inguinal/Rectal swab
GCF_030848085.1_ASM3084808v1,Homo sapiens,rectal swab
GCF_019357435.1_ASM1935743v1,chicken,food
GCF_002787545.1_ASM278754v1,Homo sapiens,urine
GCF_015910185.1_ASM1591018v1,NA,Rectal
GCF_005221905.1_ASM522190v1,NA,cattle
GCF_024532245.1_ASM2453224v1,TBG,Poyang Lake
GCF_022317005.1_ASM2231700v1,Homo sapiens,Hand Laceration
GCF_040790785.1_ASM4079078v1,Ixodes scapularis,NA
GCF_024498395.1_ASM2449839v1,marmot,NA
GCF_015239135.1_ASM1523913v1,Homo sapiens,sputum
GCF_003017455.1_ASM301745v1,Homo sapiens,stool
GCF_004379355.1_ASM437935v1,Homo sapiens (respiratory patient),NA
GCF_025139665.1_ASM2513966v1,NA,ENVO:00002034
GCF_023658165.1_ASM2365816v1,Homo sapiens,NA
GCF_009362915.1_ASM936291v1,Sus scrofa domestica,feces
GCF_024760325.1_ASM2476032v1,NA,Sediment samples were collected from a municipal wastewater treatment outlet located in the intertidal zone of Zhanjiang Bay; China.
GCF_009696685.2_ASM969668v2,NA,Lotus pond; a sulfur-borax hot spring
GCF_014623425.1_ASM1462342v1,cattle,feces
GCF_008274945.1_ASM827494v1,NA,Agricultural field
GCF_021390035.1_ASM2139003v1,NA,cow carcass
GCF_030295305.1_ASM3029530v1,Homo sapiens,Acne pustule
GCF_016944675.1_ASM1694467v1,Gallus gallus,chicken stool
GCF_900184875.1_Unitig,NA,fecal
GCF_019931045.1_ASM1993104v1,NA,NA
GCF_038070525.1_ASM3807052v1,NA,rice
GCF_004799685.1_ASM479968v1,NA,Taibei marine solar saltern near Lianyungang city
GCF_040365115.1_ASM4036511v1,Homo sapiens,skin epidermis
GCF_008635785.2_ASM863578v2,Homo sapiens,feces
GCF_002101395.1_ASM210139v1,Alhagi sparsifolia Shap.,NA
GCF_030384745.1_ASM3038474v1,NA,calf igloo
GCF_003697245.1_ASM369724v1,Homo sapiens,stool
GCF_018128245.1_ASM1812824v1,Homo sapiens,human oral cavity
GCF_011465395.1_ASM1146539v1,Homo sapiens,Sputum sample
GCF_001433415.1_ASM143341v1,NA,aquarium water
GCF_030758235.1_ASM3075823v1,swine,lungs
GCF_014723155.1_ASM1472315v1,Homo sapiens,blood
GCF_001618365.1_ASM161836v1,Homo sapiens,NA
GCF_004332075.1_ASM433207v1,Homo sapiens,rectal swab
GCF_023658305.1_ASM2365830v1,Canis lupus familiaris,NA
GCF_003966385.1_ASM396638v1,Homo sapiens,midstream urine
GCF_023703775.1_ASM2370377v1,NA,salt
GCF_024760145.1_ASM2476014v1,Homo sapiens,NA
GCF_023612155.1_ASM2361215v1,Homo sapiens,NA
GCF_019857505.1_ASM1985750v1,Homo sapiens,NA
GCF_037623895.1_ASM3762389v1,Homo sapiens,NA
GCF_028335805.1_ASM2833580v1,NA,animal feces
GCF_024735225.1_ASM2473522v1,Homo sapiens,urine
GCF_004135345.1_ASM413534v1,Japanese rhinoceros beetle larva,NA
GCF_013751655.1_ASM1375165v1,NA,Freshwater sample from downstream of wastewater treatment plant
GCF_017298795.1_ASM1729879v1,NA,Clone isolated from the evolution experiment described in Ketola et al. 2013 (doi: 10.1111/evo.12148)
GCF_020991105.1_ASM2099110v1,Homo sapiens,hydrothorax
GCF_011600955.2_ASM1160095v2,bovine,vaginal mucus
GCF_016127955.1_ASM1612795v1,NA,NA
GCF_007923925.2_ASM792392v2,NA,chicken
GCF_003641145.1_ASM364114v1,NA,beer contaminant
GCF_022405575.1_ASM2240557v1,Homo sapiens,NA
GCF_001543055.1_ASM154305v1,rice,environmental
GCF_900087645.2_WHOW,NA,NA
GCF_001307175.1_ASM130717v1,Homo sapiens,Burn Patient
GCF_016724865.1_ASM1672486v1,NA,NA
GCF_018069685.1_ASM1806968v1,Homo sapiens,NA
GCF_030440615.1_ASM3044061v1,Homo sapiens,stool
GCF_000145945.2_ASM14594v2,NA,NA
GCF_017310425.1_ASM1731042v1,Homo sapiens,sputum
GCF_032375165.1_ASM3237516v1,NA,NA
GCF_020906495.1_ASM2090649v1,Mediolabrus comicus,estuarine water [ENVO:01000301]
GCF_030062075.1_ASM3006207v1,Homo sapiens,blood
GCF_013147165.1_ASM1314716v1,Homo sapiens,stool
GCF_023734315.1_ASM2373431v1,NA,starter culture
GCF_001806485.1_ASM180648v1,Homo sapiens,Wound
GCF_033811895.1_ASM3381189v1,NA,Pig rectum feces
GCF_016904175.1_ASM1690417v1,Homo sapiens,NA
GCF_028751705.1_ASM2875170v1,Homo sapiens,NA
GCF_003860365.1_ASM386036v1,NA,urine
GCF_900639345.1_E6055_hybrid_assembly,NA,NA
GCF_030291655.1_ASM3029165v1,Homo sapiens,NA
GCF_009650375.1_ASM965037v1,NA,almond drupe
GCF_002633825.1_ASM263382v1,NA,environmental swab sponge bakery assembly production room
GCF_023822005.2_ASM2382200v2,NA,soil
GCF_001456135.1_ASM145613v1,Homo sapiens,Respiratory
GCF_014117405.1_ASM1411740v1,Paguma larvata,feces
GCF_029714245.1_ASM2971424v1,Trifolium ambiguum,NA
GCF_013267795.1_ASM1326779v1,NA,NA
GCF_964050955.1_30859_5_29,NA,NA
GCF_001484935.1_ASM148493v1,NA,NA
GCF_013389415.1_ASM1338941v1,sugarcane,NA
GCF_009708875.1_ASM970887v1,Salmo salar,NA
GCF_002753405.1_ASM275340v1,NA,NA
GCF_020905915.1_ASM2090591v1,Skeletonema costatum,estuarine water [ENVO:01000301]
GCF_002812385.1_ASM281238v1,Homo sapiens,urine
GCF_018884365.1_ASM1888436v1,Homo sapiens,stool
GCF_023823975.1_ASM2382397v1,NA,soil
GCF_029094145.1_ASM2909414v1,NA,EQA test strain
GCF_023374275.1_ASM2337427v1,NA,NA
GCF_001687105.1_ASM168710v1,NA,Mangrove soil
GCF_025913695.1_ASM2591369v1,NA,blood
GCF_029448435.1_ASM2944843v1,Homo sapiens,NA
GCF_036791365.1_ASM3679136v1,NA,Hospital waste water
GCF_016889345.1_ASM1688934v1,NA,NA
GCF_002310615.1_ASM231061v1,canine,NA
GCF_002104335.1_ASM210433v1,rabbit,Rabbit; caecal
GCF_031890505.1_ASM3189050v1,Allium cepa,NA
GCF_002903065.1_ASM290306v1,NA,NA
GCF_003015185.1_ASM301518v1,NA,Sandy soil near a stream
GCF_018798885.1_ASM1879888v1,NA,Anabaena culture
GCF_001457555.1_NCTC10562,Homo sapiens,inflamed gingiva
GCF_001753065.1_ASM175306v1,NA,Clinical
GCF_029873395.1_ASM2987339v1,NA,Blattella germanica
GCF_010728725.1_ASM1072872v1,NA,NA
GCF_009938185.1_ASM993818v1,NA,NA
GCF_026625365.1_ASM2662536v1,NA,environmental
GCF_016903995.1_ASM1690399v1,Homo sapiens,NA
GCF_003691485.1_ASM369148v1,Penaeus vannamei,AHPND infected shrimp
GCF_027105035.1_ASM2710503v1,pufferfish,the gut of pufferfish
GCF_034270385.1_ASM3427038v1,NA,horse faeces
GCF_024023055.1_ASM2402305v1,Homo sapiens,NA
GCF_024917255.1_ASM2491725v1,Homo sapiens,blood
GCF_037101305.1_ASM3710130v1,Mastacembelus,intestinal contents
GCF_039640465.1_YP_197_15,Marmota,NA
GCF_001901045.1_ASM190104v1,mouse,feces
GCF_030414195.1_ASM3041419v1,Homo sapiens,Leg pus
GCF_018454385.1_ASM1845438v1,Homo sapiens,hospital
GCF_024182005.1_ASM2418200v1,Homo sapiens,NA
GCF_029201505.1_ASM2920150v1,Homo sapiens,urine
GCF_019317165.1_ASM1931716v1,Homo sapiens,urine
GCF_011058695.1_ASM1105869v1,Homo sapiens,Mid-vagina
GCF_000016725.1_ASM1672v1,NA,NA
GCF_023824195.1_ASM2382419v1,NA,soil
GCF_025252445.1_ASM2525244v1,Homo sapiens,clinical isolate
GCF_000280495.2_ASM28049v2,winter wheat,phyllosphere
GCF_013154935.1_ASM1315493v1,Argopecten purpuratus,Shellfish hatchery
GCF_013318015.2_ASM1331801v2,willow,NA
GCF_017348895.1_ASM1734889v1,NA,lamb meat
GCF_025643175.1_ASM2564317v1,Homo sapiens,BALF from children
GCF_003718075.1_ASM371807v1,NA,NA
GCF_030665425.1_ASM3066542v1,NA,mining soil
GCF_000011925.1_ASM1192v1,NA,NA
GCF_028622475.1_ASM2862247v1,Anser,NA
GCF_900087685.2_WHOY,NA,NA
GCF_020616615.1_ASM2061661v1,Homo sapiens,NA
GCF_038070515.1_ASM3807051v1,NA,rice
GCF_018139125.1_ASM1813912v1,NA,Psittacus erithacus
GCF_035621275.1_ASM3562127v1,Homo sapiens,sputum
GCF_000203895.1_ASM20389v1,NA,NA
GCF_020139255.1_ASM2013925v1,NA,Antibiotic associated diarrhea; human
GCF_030168205.1_ASM3016820v1,Homo sapiens,human
GCF_020162135.1_ASM2016213v1,NA,Palm wine
GCF_003813165.1_ASM381316v1,NA,kimchi
GCF_003590755.1_ASM359075v1,Bos taurus,bovine lymph node
GCF_024138145.1_ASM2413814v1,NA,sediment
GCF_030440445.1_ASM3044044v1,NA,Cheese rind
GCF_010509075.1_ASM1050907v1,NA,human feces
GCF_013344605.1_ASM1334460v1,NA,air
GCF_022514105.1_ASM2251410v1,Sus scrofa,Feces
GCF_005221685.1_ASM522168v1,NA,cattle
GCF_903993035.2_AI2767v1_cp,Homo sapiens,Hospital Univeristario de Bellvitge (Barcelona)
GCF_030863865.1_ASM3086386v1,NA,soil
GCF_015326725.1_ASM1532672v1,NA,NEB433
GCF_001678965.1_ASM167896v1,NA,ground beef
GCF_030252445.1_ASM3025244v1,Homo sapiens,Shanghai East Hospital
GCF_002849955.1_ASM284995v1,NA,Whey culture
GCF_002741635.1_ASM274163v1,NA,NA
GCF_002105715.1_ASM210571v1,NA,wiener sausage
GCF_900659655.1_AUSMDU00008333,Homo sapiens,feces
GCF_009913935.1_ASM991393v1,NA,Soybean paste (Chonggugjang)
GCF_002000005.1_ASM200000v1,NA,Knife
GCF_031224255.1_ASM3122425v1,Homo sapiens,sputum
GCF_037099735.1_ASM3709973v1,Homo sapiens,human stool
GCF_019968825.1_ASM1996882v1,NA,lake water
GCF_015135595.1_ASM1513559v1,NA,sewage
GCF_032248775.1_ASM3224877v1,duck,NA
GCF_001889105.1_ASM188910v1,Vachellia farnesiana,NA
GCF_003815635.1_ASM381563v1,NA,Zimmer water bag
GCF_033230305.1_ASM3323030v1,Homo sapiens,NA
GCF_014673495.1_ASM1467349v1,NA,NA
GCF_040436785.1_ASM4043678v1,Homo sapiens,NA
GCF_019331655.1_ASM1933165v1,Homo sapiens,Urine
GCF_001272315.2_ASM127231v2,NA,cell culture
GCF_037888895.1_ASM3788889v1,Homo sapiens,NA
GCF_004324045.2_ASM432404v2,NA,feces
GCF_030439725.1_ASM3043972v1,NA,NA
GCF_014168935.1_ASM1416893v1,NA,wastewater
GCF_029961805.1_ASM2996180v1,NA,activated sludge
GCF_004124195.2_ASM412419v2,NA,food
GCF_017357405.2_ASM1735740v2,NA,Salt lake
GCF_030995205.1_ASM3099520v1,dog,urine
GCF_028488865.1_ASM2848886v1,NA,ascites of a male patient with complicated abdominal infection
GCF_029916905.1_ASM2991690v1,Homo sapiens,blood
GCF_004291115.2_ASM429111v2,Homo sapiens,implant-asscoiated infection
GCF_030515255.1_ASM3051525v1,Homo sapiens,CSF
GCF_020525885.1_ASM2052588v1,Homo sapiens,Blood/pneumoniae
GCF_020023795.1_ASM2002379v1,NA,chicken
GCF_002117325.1_ASM211732v1,NA,brewery-associated surface
GCF_012278735.1_ASM1227873v1,cow,NA
GCF_003812345.1_ASM381234v1,Homo sapiens,NA
GCF_015679205.1_ASM1567920v1,Homo sapiens,bile specimen of liver transplant patient
GCF_020616475.1_ASM2061647v1,Homo sapiens,NA
GCF_919654025.1_ASM91965402v1,NA,NA
GCF_030179155.1_ASM3017915v1,Homo sapiens,swab
GCF_020618475.1_ASM2061847v1,NA,saline soil
GCF_004322795.1_ASM432279v1,Homo sapiens,NA
GCF_030295155.1_ASM3029515v1,Homo sapiens,feces
GCF_025402875.1_ASM2540287v1,NA,soil
GCF_964059045.1_Ergrossulariae-3692_v1.0,Eriosoma grossulariae,NA
GCF_001469565.1_ASM146956v1,Homo sapiens,NA
GCF_034054735.1_ASM3405473v1,soild,NA
GCF_002215095.1_ASM221509v1,Gallus gallus domesticus,peritoneal cavity
GCF_001806285.1_ASM180628v1,NA,NA
GCF_027942175.1_ASM2794217v1,patient,sputum
GCF_028622615.1_ASM2862261v1,Sturnus vulgaris,NA
GCF_023809725.1_ASM2380972v1,NA,kimchi
GCF_016404165.2_ASM1640416v2,Homo sapiens,stool
GCF_001524625.2_ASM152462v2,NA,soil
GCF_020388845.1_ASM2038884v1,Homo sapiens,Skin swab
GCF_023221635.1_ASM2322163v1,wheat,NA
GCF_013318275.2_ASM1331827v2,Lavender,NA
GCF_037126285.1_ASM3712628v1,NA,grean algae
GCF_023374245.1_ASM2337424v1,Homo sapiens,urine
GCF_039784895.1_ST55_assembly,NA,Dairy
GCF_016452045.1_ASM1645204v1,NA,bovine
GCF_032595975.1_ASM3259597v1,NA,Ixodes dentatus tick
GCF_030544605.1_ASM3054460v1,Bovine,NA
GCF_029962585.1_ASM2996258v1,Homo sapiens,rectal swab
GCF_001652465.1_ASM165246v1,NA,NA
GCF_000010665.1_ASM1066v1,NA,NA
GCF_025171295.2_ASM2517129v2,Homo sapiens,urethal swab
GCF_033861315.1_ASM3386131v1,Homo sapiens,patient
GCF_009859815.1_ASM985981v1,NA,soil [BTO:0003809]
GCF_014854735.1_ASM1485473v1,NA,soil
GCF_022846555.1_ASM2284655v1,NA,NA
GCF_000688795.1_ASM68879v1,NA,soil
GCF_030039325.1_ASM3003932v1,NA,environmental: river near WWTP effluent
GCF_002211585.1_ASM221158v1,NA,NA
GCF_029636705.1_ASM2963670v1,Ovis aries,carcass
GCF_002848565.1_ASM284856v1,Homo sapiens,NA
GCF_029590555.1_ASM2959055v1,NA,soil
GCF_000006605.1_ASM660v1,NA,NA
GCF_024204965.1_ASM2420496v1,Homo sapiens,blood
GCF_024664155.1_ASM2466415v1,NA,NA
GCF_000063485.1_ASM6348v1,NA,NA
GCF_015774895.1_ASM1577489v1,NA,river
GCF_038420195.1_ASM3842019v1,Bovine,NA
GCF_008000875.1_ASM800087v1,Homo sapiens,NA
GCF_022820565.1_ASM2282056v1,Bos taurus,urine
GCF_025560865.1_ASM2556086v1,Camel,nasal swab
GCF_024347695.1_ASM2434769v1,NA,NA
GCF_034447935.1_ASM3444793v1,Chicken,Raw
GCF_022343785.1_ASM2234378v1,Homo sapiens,blood
GCF_002947235.1_ASM294723v1,NA,NA
GCF_024799845.1_ASM2479984v1,Homo sapiens,NA
GCF_031432795.1_ASM3143279v1,Homo sapiens,rectal swab
GCF_002150905.1_ASM215090v1,Homo sapiens,feces
GCF_020138615.1_ASM2013861v1,NA,Meatball soup; FP
GCF_034055115.1_ASM3405511v1,NA,Cheonggukjang
GCF_023702165.1_ASM2370216v1,Swine,feces
GCF_000827125.1_ASM82712v1,NA,oil production brine
GCF_022406855.1_ASM2240685v1,Mimosa,nodules
GCF_000158275.2_ASM15827v2,Homo sapiens,biological product [ENVO:02000043]
GCF_017161135.1_ASM1716113v1,Homo sapiens,fecal isolate from poultry farm worker
GCF_002056065.1_ASM205606v1,NA,NA
GCF_012220945.1_ASM1222094v1,NA,duck meat
GCF_025913635.1_ASM2591363v1,NA,pig
GCF_025143825.1_ASM2514382v1,NA,ENVO:00002034
GCF_021534885.1_ASM2153488v1,NA,mutton
GCF_013085025.1_ASM1308502v1,Homo sapiens,rectal swab from healthy college student
GCF_003932035.1_ASM393203v1,Solanum tuberosum,tuber
GCF_003717095.1_ASM371709v1,NA,NA
GCF_016026855.1_ASM1602685v1,NA,NA
GCF_002953155.1_ASM295315v1,NA,sewage & soil
GCF_013201705.1_ASM1320170v1,NA,Human septic tank
GCF_024759585.1_ASM2475958v1,Homo sapiens,NA
GCF_003147545.1_ASM314754v1,tomato,flower
GCF_000092785.1_ASM9278v1,NA,NA
GCF_017742955.1_ASM1774295v1,Homo sapiens,blood
GCF_028750115.1_ASM2875011v1,Capsella bursa-pastoris,leaf tissue
GCF_020906435.1_ASM2090643v1,Mediolabrus comicus,estuarine water [ENVO:01000301]
GCF_000270045.1_ASM27004v1,NA,NA
GCF_002950135.1_ASM295013v1,NA,NA
GCF_037055335.1_ASM3705533v1,Homo sapiens,whole blood/blood culture
GCF_031583045.1_ASM3158304v1,NA,cabbage
GCF_017310485.1_ASM1731048v1,Homo sapiens,NA
GCF_008124005.1_ASM812400v1,NA,chicken
GCF_019272935.1_ASM1927293v1,NA,Compost
GCF_002220285.1_ASM222028v1,NA,Salad
GCF_003940805.1_ASM394080v1,Tanakia koreensis,NA
GCF_015910345.1_ASM1591034v1,NA,surface water
GCF_017298735.1_ASM1729873v1,NA,Clone isolated from the evolution experiment described in Ketola et al. 2013 (doi: 10.1111/evo.12148)
GCF_017815655.1_ASM1781565v1,Homo sapiens,blood
GCF_040529135.1_ASM4052913v1,Milvus migrans,Wild birds
GCF_022670755.1_ASM2267075v1,Homo sapiens,stool
GCF_036871005.1_ASM3687100v1,NA,pig
GCF_040436715.1_ASM4043671v1,Homo sapiens,NA
GCF_003325355.1_ASM332535v1,NA,fresh water
GCF_003717915.1_ASM371791v1,NA,NA
GCF_038442405.1_CIRI-F19-02,cat,urine
GCF_000183345.1_ASM18334v1,NA,NA
GCF_001664185.1_ASM166418v1,Phaseolus vulgaris,legume-root nodule
GCF_020730965.2_ASM2073096v2,Melilotus albus,NA
GCF_034479775.1_ASM3447977v1,NA,Kefir grains
GCF_003181035.1_ASM318103v1,Homo sapiens,NA
GCF_023375465.1_ASM2337546v1,Homo sapiens,fecal sample
GCF_024029595.1_ASM2402959v1,Iridomyrmex purpureus,Meat Ant
GCF_013460135.1_ASM1346013v1,NA,Aphis craccivora (cowpea aphid) on Robinia pseudoacacia (locust)
GCF_002850695.3_ASM285069v3,NA,Sewage
GCF_009662215.1_ASM966221v1,NA,NA
GCF_001411495.1_ASM141149v1,Allium cepa (onion),NA
GCF_040285055.1_ASM4028505v1,cotton,NA
GCF_016406505.1_ASM1640650v1,Homo sapiens,rectal swab
GCF_018093205.1_ASM1809320v1,Homo sapiens,isolated from contaminated platelets
GCF_003290205.1_ASM329020v1,NA,NA
GCF_022221565.1_ASM2222156v1,NA,food
GCF_019316745.1_ASM1931674v1,NA,Palm wine
GCF_017570665.1_ASM1757066v1,Homo sapiens,wound
GCF_021654975.1_ASM2165497v1,Homo sapiens,human blood of bacteremia patient
GCF_001941885.1_ASM194188v1,NA,Air
GCF_022869845.1_ASM2286984v1,Homo sapiens,stool
GCF_013886335.1_ASM1388633v1,NA,Pooled sheep faecal samples collected from floor of farm
GCF_037528475.1_ASM3752847v1,Dog,NA
GCF_001617585.1_ASM161758v1,Bos taurus,ground beef
GCF_018093065.1_ASM1809306v1,Homo sapiens,isolated from contaminated platelets
GCF_020149975.1_ASM2014997v1,NA,soil
GCF_024172385.1_ASM2417238v1,NA,fermented fish
GCF_033253045.1_ASM3325304v1,Homo sapiens,urine
GCF_000009745.1_ASM974v1,NA,NA
GCF_025398935.1_ASM2539893v1,NA,Jiangshui
GCF_022433565.1_ASM2243356v1,Homo sapiens,wound
GCF_009648695.1_ASM964869v1,NA,green chili
GCF_000834235.1_ASM83423v1,NA,NA
GCF_000383005.1_ASM38300v1,NA,NA
GCF_001857985.1_ASM185798v1,NA,sediment sample from the Liaodong Bay of the Bohai Sea
GCF_023375605.1_ASM2337560v1,healthy dog,NA
GCF_036429475.1_ASM3642947v1,NA,sediment
GCF_023612395.1_ASM2361239v1,NA,Outdoors environment of a veterinary clinic
GCF_000835345.1_ASM83534v1,Homo sapiens,NA
GCF_001638825.1_ASM163882v1,NA,Irradiated ground pork and beef
GCF_034015615.1_ASM3401561v1,Canis lupus familiaris,nasal swab
GCF_022700995.1_ASM2270099v1,Soil in tiger area of zoo,NA
GCF_036326965.1_ASM3632696v1,NA,ND
GCF_001896005.1_ASM189600v1,Homo sapiens,Small Colon
GCF_003515305.1_ASM351530v1,Solanum tuberosum,Potato bacterial wilt
GCF_002240095.1_ASM224009v1,NA,hospitalized patients
GCF_024918475.1_ASM2491847v1,Homo sapiens,blood
GCF_028750375.1_ASM2875037v1,Brassica oleracea var. capitata,Symptomatic leaf tissue
GCF_019357495.1_ASM1935749v1,NA,from type material
GCF_000018565.1_ASM1856v1,NA,NA
GCF_039722655.1_ASM3972265v1,Homo sapiens,blood
GCF_030708215.1_ASM3070821v1,NA,human
GCF_030848025.1_ASM3084802v1,Homo sapiens,lower respiratory tract
GCF_017584245.1_ASM1758424v1,NA,cheese starter culture
GCF_013113675.1_ASM1311367v1,NA,fermented vegetable
GCF_002760955.1_ASM276095v1,NA,Human
GCF_013733395.1_ASM1373339v1,NA,Wastewater effluent sample
GCF_037477735.1_ASM3747773v1,NA,NA
GCF_005160385.1_ASM516038v1,Homo sapiens,NA
GCF_037101395.1_ASM3710139v1,NA,soil
GCF_030012905.1_ASM3001290v1,Camelus dromedarius,Nose
GCF_017098225.2_ASM1709822v2,Homo sapiens,abdominal fluid
GCF_002197045.1_ASM219704v1,Medicago sativa,NA
GCF_900620245.1_BPH2947,Homo sapiens,blood
GCF_029714085.1_ASM2971408v1,Homo sapiens,NA
GCF_013267555.1_ASM1326755v1,Homo sapiens,transverse colon
GCF_001548435.1_ASM154843v1,NA,NA
GCF_020423165.1_ASM2042316v1,NA,Rectal swab of live bovine cattle
GCF_001675245.1_ASM167524v1,Homo sapiens,blood sample
GCF_036346555.1_ASM3634655v1,NA,soil
GCF_904866375.1_INF242,Homo sapiens,urine
GCF_030438365.1_ASM3043836v1,NA,NA
GCF_003037615.2_ASM303761v2,Homo sapiens,NA
GCF_002286275.1_ASM228627v1,Homo sapiens,Commercial dietary supplements
GCF_024396895.1_ASM2439689v1,Homo sapiens,urine
GCF_024611995.1_ASM2461199v1,NA,soil
GCF_964198675.1_Zagreb021_hybrid_assembly.fa.gz,Homo sapiens,clinical material
GCF_018771465.1_ASM1877146v1,Homo sapiens,urine; catheter urine
GCF_033129365.1_ASM3312936v1,Homo sapiens,feces
GCF_006007925.1_ASM600792v1,Homo sapiens,urine
GCF_016889185.1_ASM1688918v1,Homo sapiens,NA
GCF_001281365.1_ASM128136v1,NA,NA
GCF_023657775.1_ASM2365777v1,Canis lupus familiaris,NA
GCF_001610975.1_ASM161097v1,NA,Kyoto
GCF_004010695.1_ASM401069v1,NA,Stool
GCF_018141605.1_ASM1814160v1,NA,feces
GCF_024707505.1_ASM2470750v1,NA,urban freshwater stream
GCF_022179425.1_ASM2217942v1,Homo sapiens,Homo sapiens
GCF_025141175.1_ASM2514117v1,NA,ENVO:00002034
GCF_003037185.2_ASM303718v2,Homo sapiens,NA
GCF_020138475.1_ASM2013847v1,NA,feces
GCF_037546845.1_ASM3754684v1,Homo sapiens,NA
GCF_019900745.2_ASM1990074v2,Bovine,Mastitis-milk
GCF_003290405.1_ASM329040v1,NA,NA
GCF_000695935.1_ASM69593v1,NA,groin
GCF_040735505.1_ASM4073550v1,Homo sapiens,Catheter
GCF_019823915.1_ASM1982391v1,Homo sapiens,Hydrothorax
GCF_004801575.1_ASM480157v1,pig,feces
GCF_022343725.1_ASM2234372v1,NA,skin of a horse
GCF_028220985.1_ASM2822098v1,Homo sapiens,sputum
GCF_016649195.2_ASM1664919v2,wheat,rhizosphere
GCF_019076685.1_ASM1907668v1,Homo sapiens,Faecal
GCF_002079245.1_ASM207924v1,Homo sapiens,stool
GCF_009662415.1_ASM966241v1,NA,NA
GCF_019330045.1_ASM1933004v1,Homo sapiens,NA
GCF_024347635.1_ASM2434763v1,NA,NA
GCF_000186725.1_ASM18672v1,Homo sapiens,NA
GCF_001558355.2_ASM155835v2,NA,Wild type strain isolated from a natural source
GCF_001766275.1_ASM176627v1,NA,clinical
GCF_029889725.1_ASM2988972v1,Homo sapiens,tracheal aspiration
GCF_006349345.1_ASM634934v1,Homo sapiens,feces
GCF_029713865.1_ASM2971386v1,Homo sapiens,NA
GCF_000318905.1_ASM31890v1,NA,NA
GCF_009671205.1_ASM967120v1,NA,NA
GCF_002576835.1_ASM257683v1,NA,Chinese fermented food-pickles
GCF_023101065.1_ASM2310106v1,Acmispon strigosus,root nodule
GCF_016801775.1_ASM1680177v1,Skeletonema costatum,estuarine water [ENVO:01000301]
GCF_003855175.1_ASM385517v1,Homo sapiens,pharynx
GCF_964059145.1_Prterricola-2569_v1.0,Protaphis terricola,NA
GCF_029541905.1_ASM2954190v1,Milk,NA
GCF_025946565.1_ASM2594656v1,Homo sapiens,feces
GCF_014722775.1_ASM1472277v1,Homo sapiens,blood
GCF_000968155.1_ASM96815v1,NA,NA
GCF_010669125.1_ASM1066912v1,NA,NA
GCF_031166165.1_ASM3116616v1,NA,hospital sample
GCF_013171325.1_ASM1317132v1,Gallus gallus,feces
GCF_963360665.1_BFTSDC17_v2,NA,NA
GCF_019803045.1_ASM1980304v1,Homo sapiens,anal swab
GCF_018831405.1_ASM1883140v1,Phaseolus vulgaris,NA
GCF_021391475.1_ASM2139147v1,sheep,Sheep outbreak - vaginal swab
GCF_003798285.1_ASM379828v1,Homo sapiens,NA
GCF_025137495.1_ASM2513749v1,NA,Sweet Potato Sour Liquid
GCF_015278015.1_ASM1527801v1,NA,Psittacus erithacus feces
GCF_016694995.1_ASM1669499v1,NA,in the nicotine environment
GCF_021537535.1_ASM2153753v1,NA,snow
GCF_003717695.1_ASM371769v1,NA,NA
GCF_013782105.1_ASM1378210v1,NA,Freshwater sample from downstream of wastewater treatment plant
GCF_002224605.1_ASM222460v1,Homo sapiens,NA
GCF_036541105.1_ASM3654110v1,NA,NA
GCF_020541325.1_ASM2054132v1,Adelges lariciatus,NA
GCF_001294425.1_ASM129442v1,Apterostigma dentigerum,exoskeleton of ant
GCF_012273615.1_ASM1227361v1,Homo sapiens,clinical isolate
GCF_022832975.1_ASM2283297v1,Avian,NA
GCF_037573545.1_ASM3757354v1,Chicken,NA
GCF_040271445.1_ASM4027144v1,Nippon ibis,mountain
GCF_013146745.1_ASM1314674v1,Homo sapiens,NA
GCF_023735535.1_ASM2373553v1,Homo sapiens,NA
GCF_030036535.1_ASM3003653v1,Cucumber,Cucumber hairy roots
GCF_019774615.1_ASM1977461v1,NA,plant soil
GCF_020525825.1_ASM2052582v1,Water (environment),NA
GCF_003182655.1_ASM318265v1,NA,air
GCF_036871035.1_ASM3687103v1,Homo sapiens,physical
GCF_000020045.1_ASM2004v1,NA,NA
GCF_031201845.1_ASM3120184v1,Homo sapiens,NA
GCF_024496165.1_ASM2449616v1,Homo sapiens,sputum
GCF_009937975.1_ASM993797v1,NA,water
GCF_036362965.1_ASM3636296v1,Ornithdoros turicata,Blood from experimentally infected mouse (BALB/c) by Ornithodoros turicata feeding
GCF_036010645.1_ASM3601064v1,NA,soil
GCF_022865125.1_ASM2286512v1,NA,seawater
GCF_014168995.1_ASM1416899v1,NA,wastewater
GCF_036599745.1_ASM3659974v1,Homo sapiens,sputum
GCF_037888835.1_ASM3788883v1,Chicken,NA
GCF_002022085.1_ASM202208v1,Homo sapiens,NA
GCF_040790715.1_ASM4079071v1,NA,NA
GCF_002853965.1_ASM285396v1,NA,clinical patient
GCF_002891905.1_ASM289190v1,NA,clam larvae aquaculture
GCF_036010425.1_ASM3601042v1,NA,NA
GCF_003268695.1_ASM326869v1,Sewage,NA
GCF_017165455.1_ASM1716545v1,NA,Bovine Faeces
GCF_019968885.1_ASM1996888v1,NA,lake water
GCF_004803735.1_ASM480373v1,NA,soil
GCF_003355135.1_ASM335513v1,NA,soil
GCF_023735755.1_ASM2373575v1,Homo sapiens,NA
GCF_000196235.1_ASM19623v1,NA,NA
GCF_030846015.1_ASM3084601v1,NA,hospital sewage
GCF_030036755.1_ASM3003675v1,NA,wastewater
GCF_032818175.1_ASM3281817v1,NA,pearl gentian grouper
GCF_013415955.1_ASM1341595v1,Homo sapiens,HA-MRSA blood clinical site
GCF_040550265.1_ASM4055026v1,NA,hospital
GCF_023573685.1_ASM2357368v1,Homo sapiens,NA
GCF_001908875.1_ASM190887v1,Homo sapiens,abdominal drain fluid
GCF_900622645.1_KPC2,Homo sapiens,NA
GCF_009648915.1_ASM964891v1,NA,Cilantro
GCF_904863285.1_INF231,Homo sapiens,urine
GCF_020162195.1_ASM2016219v1,NA,garden soil
GCF_002197645.1_ASM219764v1,Bos grunniens,fecal sample
GCF_031187125.1_ASM3118712v1,NA,Human feces
GCF_028893455.1_ASM2889345v1,Bos taurus,Pool of lung and small intestine
GCF_028752875.1_ASM2875287v1,Homo sapiens,Respiratory sample
GCF_018323985.1_ASM1832398v1,NA,NA
GCF_019551415.1_ASM1955141v1,Homo sapiens,blood
GCF_012889415.1_ASM1288941v1,Homo sapiens,NA
GCF_029624975.1_ASM2962497v1,Homo sapiens,Rectal swab
GCF_016772475.1_ASM1677247v1,NA,soil
GCF_034272815.1_ASM3427281v1,NA,horse faeces
GCF_017161365.1_ASM1716136v1,NA,ZC4 compost from a compost operation of Sao Paulo Zoo
GCF_031166305.1_ASM3116630v1,NA,hospital sample
GCF_039640675.1_ASM3964067v1,Homo sapiens,CVC
GCF_000221985.1_ASM22198v1,NA,NA
GCF_009931035.1_ASM993103v1,Homo sapiens,Physical
GCF_002082725.1_ASM208272v1,Homo sapiens,urine
GCF_039703985.1_ASM3970398v1,NA,Broncho-alveolar lavage
GCF_036669995.1_ASM3666999v1,NA,soil
GCF_001983975.1_ASM198397v1,NA,soil sample
GCF_003515505.1_ASM351550v1,Solanum tuberosum,Potato bacterial wilt
GCF_003032035.1_ASM303203v1,NA,NA
GCF_014217955.1_ASM1421795v1,Gallus,NA
GCF_000272735.4_ASM27273v4,Bos taurus,Cattle
GCF_002759355.2_ASM275935v2,Phaseolus vulgaris,NA
GCF_015992285.1_ASM1599228v1,Homo sapiens,Taichung Veterans General Hospital
GCF_011682835.2_ASM1168283v2,Homo sapiens,blood
GCF_001951175.1_ASM195117v1,koumiss,NA
GCF_000833125.1_ASM83312v1,NA,Bison
GCF_004010915.1_ASM401091v1,NA,NA
GCF_023824135.1_ASM2382413v1,NA,soil
GCF_000204255.1_ASM20425v1,NA,NA
GCF_039639775.1_ASM3963977v1,NA,NA
GCF_011058635.1_ASM1105863v1,Homo sapiens,Vaginal swab
GCF_020097415.1_ASM2009741v1,NA,NA
GCF_040047685.1_SAWL001,Homo sapiens,blood
GCF_032602185.1_ASM3260218v1,NA,Dadih (a traditional fermented buffalo milk Indonesian yogurt)
GCF_001047655.1_ASM104765v1,Mus musculus,Kidney
GCF_023206715.1_ASM2320671v1,NA,laboratory evolution
GCF_019356215.1_ASM1935621v1,Homo sapiens,NA
GCF_037784635.1_ASM3778463v1,Dog,NA
GCF_030584905.1_ASM3058490v1,Glycine max,root nodule
GCF_001952895.1_ASM195289v1,Homo sapiens,NA
GCF_000016125.1_ASM1612v1,NA,NA
GCF_003054575.1_ASM305457v1,NA,NA
GCF_030389835.1_ASM3038983v1,NA,NA
GCF_016903935.1_ASM1690393v1,Homo sapiens,NA
GCF_013734915.1_ASM1373491v1,NA,Wastewater influent sample
GCF_024347455.1_ASM2434745v1,NA,NA
GCF_030442015.2_ASM3044201v2,Homo sapiens,NA
GCF_019330225.1_ASM1933022v1,Homo sapiens,NA
GCF_015910325.1_ASM1591032v1,NA,surface water
GCF_011600995.2_ASM1160099v2,bovine,preputial wash
GCF_023796915.1_ASM2379691v1,Homo sapiens,secretions
GCF_022592735.1_ASM2259273v1,Homo sapiens,blood
GCF_017298755.1_ASM1729875v1,NA,Clone isolated from the evolution experiment described in Ketola et al. 2013 (doi: 10.1111/evo.12148)
GCF_037888865.1_ASM3788886v1,Chicken,NA
GCF_009909305.1_ASM990930v1,Homo sapiens,stool
GCF_002096055.1_ASM209605v1,Physcomitrium patens,NA
GCF_022670735.1_ASM2267073v1,Homo sapiens,stool
GCF_003226695.1_ASM322669v1,Cryptocercus punctulatus,NA
GCF_017815635.1_ASM1781563v1,Prunus dulcis,Inner leaf tissues of Prunus dulcis
GCF_002951695.1_ASM295169v1,Homo sapiens,urine
GCF_037816745.1_ASM3781674v1,NA,sedimnet
GCF_024081805.1_ASM2408180v1,Homo sapiens,blood
GCF_900087735.2_WHOP,NA,NA
GCF_023920325.1_ASM2392032v1,Homo sapiens,sputum culture
GCF_021165775.2_ASM2116577v2,Varanus salvator,Amblyomma varanense ex. Varanus salvator
GCF_013836745.1_ASM1383674v1,Homo sapiens,UBERON:0002067
GCF_001908275.1_ASM190827v1,NA,sediment
GCF_016458785.1_ASM1645878v1,NA,Baijiu fermentation starter
GCF_002180155.1_ASM218015v1,NA,NA
GCF_020906455.1_ASM2090645v1,Mediolabrus comicus,estuarine water [ENVO:01000301]
GCF_033001325.1_ASM3300132v1,NA,surface waters
GCF_019357695.1_ASM1935769v1,pig,nasal swab sample
GCF_005233495.2_CFBP13505pac,Raphanus sativus var. Flamboyant 5,Seed
GCF_030708015.1_ASM3070801v1,NA,human
GCF_020271605.1_ASM2027160v1,NA,a feces sample of chicken origin
GCF_016406565.1_ASM1640656v1,Homo sapiens,rectal swab
GCF_033611815.1_ASM3361181v1,Blueberry,Crown gall tissues
GCF_003665315.1_ASM366531v1,NA,Natto
GCF_034089005.1_ASM3408900v1,Homo sapiens,NA
GCF_014723195.1_ASM1472319v1,Homo sapiens,blood
GCF_019623905.1_ASM1962390v1,NA,biofilm; Nakabusa hotspring
GCF_009664755.1_ASM966475v1,Homo sapiens,NA
GCF_964065445.1_Lactiplantibacillus_plantarum_CIRM-BIA2453,NA,NA
GCF_017901195.1_ASM1790119v1,Bighead Carp,NA
GCF_023375405.1_ASM2337540v1,Homo sapiens,fecal sample
GCF_019048805.1_ASM1904880v1,NA,NA
GCF_034479715.1_ASM3447971v1,NA,garbage dump
GCF_037414485.1_ASM3741448v1,Homo sapiens,ENVO:01001029
GCF_020735745.1_ASM2073574v1,NA,NA
GCF_002946595.1_ASM294659v1,NA,hospital sewage
GCF_021484985.1_ASM2148498v1,Homo sapiens,blood
GCF_016889385.1_ASM1688938v1,NA,NA
GCF_023657575.1_ASM2365757v1,NA,NA
GCF_017161155.1_ASM1716115v1,cattle,feces from livestock farm
GCF_009588945.1_ASM958894v1,Homo sapiens,blood
GCF_025913655.1_ASM2591365v1,NA,pig
GCF_000661895.1_ASM66189v1,NA,NA
GCF_001705385.1_ASM170538v1,Homo sapiens,blood
GCF_002688605.1_ASM268860v1,NA,enriched culture of compost
GCF_018798845.1_ASM1879884v1,NA,river water
GCF_904866305.1_MINF_2E,Homo sapiens,blood
GCF_040364505.1_ASM4036450v1,NA,breast puncture fluid
GCF_021559955.1_ASM2155995v1,Fungi,perithecium
GCF_022809675.1_ASM2280967v1,Homo sapiens,hospital
GCF_020138675.1_ASM2013867v1,NA,Feces; FP
GCF_013590555.1_ASM1359055v1,NA,Wastewater effluent sample
GCF_035835015.1_ASM3583501v1,wild soybean,plant root
GCF_022059865.1_ASM2205986v1,NA,hydrocarbon-based environmental material [ENVO:2000045]|surface soil [ENVO:02000059]
GCF_022063185.1_ASM2206318v1,NA,Brackish water; Varlaxudden; Baltic Sea
GCF_038446155.1_ASM3844615v1,Homo sapiens,sputum
GCF_017355005.1_ASM1735500v1,Mouse,lung
GCF_017742935.1_ASM1774293v1,Homo sapiens,blood
GCF_036077095.1_ASM3607709v1,NA,soil
GCF_000717535.1_ASM71753v1,NA,Soil
GCF_030450155.1_ASM3045015v1,Homo sapiens,NA
GCF_001834965.2_ASM183496v2,NA,Environmental (Pond)
GCF_002355475.1_ASM235547v1,NA,soil
GCF_029714285.1_ASM2971428v1,Gliricidia sp.,NA
GCF_013378175.1_ASM1337817v1,dog,tracheal aspirate
GCF_016028835.1_ASM1602883v1,NA,NA
GCF_020911965.1_ASM2091196v1,NA,mangrove sediment
GCF_000294775.2_ASM29477v2,NA,seawater
GCF_016026835.1_ASM1602683v1,NA,NA
GCF_002934425.1_ASM293442v1,NA,NA
GCF_030436165.1_ASM3043616v1,NA,NA
GCF_013378315.1_ASM1337831v1,NA,Nosocomial environment
GCF_029543005.1_ASM2954300v1,NA,kimchi
GCF_006757745.1_ASM675774v1,NA,NA
GCF_003704305.1_ASM370430v1,NA,soil core
GCF_013201505.1_ASM1320150v1,Bird of prey,Bird of prey
GCF_000009645.1_ASM964v1,NA,NA
GCF_024759785.1_ASM2475978v1,Homo sapiens,NA
GCF_037477755.1_ASM3747775v1,NA,NA
GCF_036320505.1_ASM3632050v1,Homo sapiens,sputum
GCF_003717515.1_ASM371751v1,NA,NA
GCF_900636285.1_40400_C01,environmental,Ropy milk
GCF_023546985.1_ASM2354698v1,NA,dry soil
GCF_024663975.1_ASM2466397v1,NA,NA
GCF_040234295.1_ASM4023429v1,Homo sapiens,feces
GCF_017098245.2_ASM1709824v2,Homo sapiens,abdominal fluid
GCF_013629455.1_ASM1362945v1,NA,Wastewater effluent sample
GCF_028473865.1_ASM2847386v1,NA,feces
GCF_019670405.1_ASM1967040v1,NA,Bos taurus
GCF_020138415.1_ASM2013841v1,NA,sludge
GCF_904866355.1_KSB1_6F,Homo sapiens,rectal swab
GCF_033129305.1_ASM3312930v1,Homo sapiens,feces
GCF_005389605.2_ASM538960v2,Homo sapiens,feces
GCF_020735525.1_ASM2073552v1,NA,NA
GCF_023657715.1_ASM2365771v1,Canis lupus familiaris,NA
GCF_000218875.1_ASM21887v1,NA,sick cider
GCF_031663975.1_ASM3166397v1,Chicken,Brazilian imported chicken meats
GCF_002220095.1_ASM222009v1,NA,mine
GCF_040373345.1_WHO_M_2024,Homo sapiens,Urogenital
GCF_019334545.1_ASM1933454v1,Homo sapiens,urine
GCF_029635815.1_ASM2963581v1,Homo sapiens,bronchoalveolar lavage fluid
GCF_013372425.1_ASM1337242v1,Homo sapiens,urine
GCF_900660675.1_57141_A01-3,Bird (Pigeon),Oropharynx
GCF_017570605.1_ASM1757060v1,Homo sapiens,wound
GCF_004299805.1_ASM429980v1,Homo sapiens,urine
GCF_021654915.1_ASM2165491v1,Homo sapiens,human blood of bacteremia patient
GCF_001664405.1_ASM166440v1,Phaseolus vulgaris,legume-root nodule
GCF_006874705.1_ASM687470v1,rabbit,NA
GCF_009676365.1_ASM967636v1,NA,kimchi
GCF_009296125.1_ASM929612v1,NA,meat
GCF_007165405.1_ASM716540v1,NA,NA
GCF_002853475.2_ASM285347v2,Homo sapiens,NA
GCF_013836525.1_ASM1383652v1,Homo sapiens,UBERON:0002067
GCF_904866205.1_INF145,Homo sapiens,blood
GCF_000613085.1_R479A_18022011,NA,NA
GCF_000814225.1_ASM81422v1,Homo sapiens,Excreted bodily substance
GCF_033675175.1_ASM3367517v1,NA,hospital
GCF_029637325.1_ASM2963732v1,NA,Soy sauce
GCF_017584225.1_ASM1758422v1,NA,cheese starter culture
GCF_025960205.1_ASM2596020v1,Homo sapiens,soil
GCF_030708275.1_ASM3070827v1,NA,human
GCF_030848045.1_ASM3084804v1,Homo sapiens,rectal swab
GCF_000019645.1_ASM1964v1,NA,NA
GCF_013462805.1_ASM1346280v1,NA,NO
GCF_015910145.1_ASM1591014v1,NA,Rectal
GCF_964052815.1_30224_1_48,NA,NA
GCF_023972895.1_ASM2397289v1,Olives,NA
GCF_006971785.1_ASM697178v1,NA,urinary tract infection
GCF_024498355.1_ASM2449835v1,NA,soil
GCF_040790745.1_ASM4079074v1,Ixodes scapularis,NA
GCF_034376865.1_ASM3437686v1,NA,hydrothermal vent plume
GCF_031037015.1_ASM3103701v1,Homo sapiens,stool
GCF_031039015.1_ASM3103901v1,Homo sapiens,stool
GCF_003571805.1_ASM357180v1,NA,NA
GCF_040365385.1_ASM4036538v1,NA,breast puncture fluid
GCF_013897035.1_ASM1389703v1,NA,Pooled pig faecal samples collected from floor of farm
GCF_013737695.1_ASM1373769v1,NA,Freshwater sample from downstream of wastewater treatment plant
GCF_009883815.1_ASM988381v1,Penaeus vannamei,AHPND infected Litopenaeus vannamei
GCF_904864635.1_MSB2_1A,Homo sapiens,rectal swab
GCF_002355275.1_ASM235527v1,NA,NA
GCF_032361125.1_ASM3236112v1,Homo sapiens,NA
GCF_030295195.1_ASM3029519v1,Bos taurus,feces
GCF_000769655.1_ASM76965v1,NA,oil-immersed sample
GCF_022832915.1_ASM2283291v1,Homo sapiens,pertoneal cavity
GCF_949769195.1_strumpshaw02,NA,NA
GCF_023066195.1_ASM2306619v1,NA,phage resistant culture
GCF_032760395.1_ASM3276039v1,Pig,Rectal swab
GCF_015278075.1_ASM1527807v1,NA,Manis javanica
GCF_002983685.1_ASM298368v1,Homo sapiens,Blood culture from a patient in France
GCF_020885655.1_ASM2088565v1,NA,Soil
GCF_022376815.1_ASM2237681v1,NA,zoo environmental surface
GCF_001676825.1_ASM167682v1,NA,human fecal sample
GCF_002850295.1_ASM285029v1,NA,NA
GCF_022369925.1_ASM2236992v1,Homo sapiens,blood
GCF_036010625.1_ASM3601062v1,NA,NA
GCF_037888855.1_ASM3788885v1,Chicken,NA
GCF_002251055.2_ASM225105v2,NA,Mashed potatoes
GCF_007724385.1_ASM772438v1,Soybean (Glycine max (L.) Merrill),NA
GCF_020971565.1_ASM2097156v1,Solanum tuberosum,potato plant
GCF_904863335.2_ASM90486333v2,Homo sapiens,rectal swab
GCF_033675325.1_ASM3367532v1,Homo sapiens,sputum
GCF_002184245.1_ASM218424v1,NA,soil
GCF_003018835.2_ASM301883v2,NA,NA
GCF_000376545.2_ASM37654v2,NA,seawater
GCF_032809245.1_ASM3280924v1,Homo sapiens,University of Catania
GCF_002951915.1_ASM295191v1,honeybees,foul brood
GCF_031661015.1_ASM3166101v1,Homo sapiens,feces
GCF_000941635.2_ASM94163v2,Homo sapiens,Expectoration
GCF_020525845.1_ASM2052584v1,Homo sapiens,feces
GCF_015224665.2_ASM1522466v2,citrus,leaves
GCF_009884375.1_ASM988437v1,Homo sapiens,stool
GCF_001617605.1_ASM161760v1,NA,soil
GCF_029692105.1_ASM2969210v1,NA,mechanically deboned meat
GCF_003296145.1_ASM329614v1,Homo sapiens,Stools
GCF_023206515.1_ASM2320651v1,NA,seawater
GCF_029889745.1_ASM2988974v1,Sus scrofa,NCIT:C13234
GCF_002094405.3_ASM209440v3,Equus caballus,NA
GCF_000017585.1_ASM1758v1,NA,NA
GCF_000012025.1_ASM1202v1,NA,NA
GCF_019468565.1_ASM1946856v1,NA,Sand
GCF_003096095.1_ASM309609v1,NA,water
GCF_002852945.3_ASM285294v3,Homo sapiens,NA
GCF_032924185.1_ASM3292418v1,Macrocystis pyrifera gametophyte,Laboratory
GCF_024664195.1_ASM2466419v1,NA,NA
GCF_023158855.1_ASM2315885v1,broiler chickens,NA
GCF_022343745.1_ASM2234374v1,Homo sapiens,blood
GCF_036419895.1_ASM3641989v1,Homo sapiens,skin
GCF_010669145.1_ASM1066914v1,NA,the root of rice
GCF_020388885.1_ASM2038888v1,Homo sapiens,Skin swab
GCF_035187685.1_ASM3518768v1,NA,Medicago sativa
GCF_028623065.1_ASM2862306v1,Duck,NA
GCF_001908475.1_ASM190847v1,grape,NA
GCF_003956325.1_ASM395632v1,Homo sapiens,stool
GCF_024583015.1_ASM2458301v1,Pig,NA
GCF_013282275.1_ASM1328227v1,NA,surface water
GCF_009707305.1_ASM970730v1,NA,Chronically low temperature and dry polar region
GCF_002356215.1_ASM235621v1,NA,coastal sea water
GCF_016452085.1_ASM1645208v1,NA,turkey
GCF_006088735.1_ASM608873v1,NA,NA
GCF_023101005.1_ASM2310100v1,Acmispon strigosus,root nodule
GCF_002234575.2_ASM223457v2,NA,NA
GCF_026240875.1_ASM2624087v1,Homo sapiens,blood
GCF_036261395.1_ASM3626139v1,NA,Camel
GCF_039728355.1_ASM3972835v1,NA,sputum
GCF_000493535.2_DT2,NA,NA
GCF_009909505.1_ASM990950v1,NA,feces
GCF_008726475.3_Hybrid_Assembly,Homo sapiens,NA
GCF_040385865.1_WHO_beta_2024,Homo sapiens,Urogenital
GCF_001879585.1_ASM187958v1,NA,Crab Marinated in Soy Sauce
GCF_001932895.1_ASM193289v1,Oncorhynchus mykiss,Liver
GCF_016403975.2_ASM1640397v2,Homo sapiens,stool
GCF_019930605.1_ASM1993060v1,NA,NA
GCF_023101265.1_ASM2310126v1,Homo sapiens,rectal swab
GCF_029371965.1_ASM2937196v1,NA,environment
GCF_014217935.1_ASM1421793v1,Homo sapiens,NA
GCF_030169475.1_ASM3016947v1,NA,chicken feces
GCF_023824155.1_ASM2382415v1,NA,soil
GCF_003018135.1_ASM301813v1,NA,Stool
GCF_008124385.1_ASM812438v1,NA,mouse gut
GCF_011058655.1_ASM1105865v1,Homo sapiens,Urethral swab
GCF_010120755.1_ASM1012075v1,Homo sapiens,hospital
GCF_000007785.1_ASM778v1,NA,NA
GCF_020105775.1_ASM2010577v1,NA,feces
GCF_027943565.1_ASM2794356v1,Homo sapiens,urine
GCF_001611155.1_ASM161115v1,NA,winery environment
GCF_001890345.1_ASM189034v1,NA,Cattle faeces
GCF_017348855.1_ASM1734885v1,Homo sapiens,urine
GCF_017751165.1_ASM1775116v1,Sus scrofa domesticus,feces
GCF_021391675.1_ASM2139167v1,Galega,Plant nodule
GCF_018831605.1_ASM1883160v1,Heterostera chilensis,Current Humbolt system
GCF_030389855.1_ASM3038985v1,NA,NA
GCF_016903955.1_ASM1690395v1,Homo sapiens,NA
GCF_001664205.1_ASM166420v1,Phaseolus vulgaris,legume-root nodule
GCF_024347435.1_ASM2434743v1,NA,NA
GCF_003354885.1_ASM335488v1,Homo sapiens,nares
GCF_000025985.1_ASM2598v1,NA,NA
GCF_019330245.1_ASM1933024v1,Homo sapiens,NA
GCF_024917295.1_ASM2491729v1,Homo sapiens,blood
GCF_905333885.2_AI2918v1_cp,Homo sapiens,Hospital Universitario La Princesa (Madrid)
GCF_011742285.2_ASM1174228v2,Homo sapiens,blood
GCF_003667945.1_ASM366794v1,NA,NA
GCF_014854595.1_ASM1485459v1,Gentoo penguin,feces
GCF_020097475.1_ASM2009747v1,NA,NA
GCF_037477765.1_ASM3747776v1,NA,NA
GCF_030505775.1_ASM3050577v1,NA,Gallbladder
GCF_903886505.1_Streptococcus_thermophilus_CIRM_336,NA,milk after contact with traditional sicilian wooden vat (Tina)
GCF_023735735.1_ASM2373573v1,Homo sapiens,NA
GCF_003030065.1_ASM303006v1,NA,tissue and/or biological fluid swine
GCF_030846075.1_ASM3084607v1,NA,hospital sewage
GCF_014844215.1_ASM1484421v1,Gallus gallus domesticus,fecal matter
GCF_014170015.1_ASM1417001v1,Homo sapiens,Rectal swab
GCF_000981785.2_ASM98178v2,NA,NA
GCF_003571785.1_ASM357178v1,NA,NA
GCF_000024145.1_ASM2414v1,NA,NA
GCF_031885195.1_ASM3188519v1,NA,cattle feces
GCF_022429585.1_ASM2242958v1,Homo sapiens,sputum
GCF_040790775.1_ASM4079077v1,NA,NA
GCF_030252485.1_ASM3025248v1,NA,AGROSAVIA
GCF_029715665.1_ASM2971566v1,NA,Pooled soil sample collected from floor of pig farm
GCF_032359195.1_ASM3235919v1,Homo sapiens,NA
GCF_036010445.1_ASM3601044v1,NA,NA
GCF_017165435.1_ASM1716543v1,NA,Bovine Faeces
GCF_025169475.1_ASM2516947v1,Homo sapiens,urethal swab
GCF_019669905.1_ASM1966990v1,NA,flood water
GCF_013317665.2_ASM1331766v2,Raspberry,NA
GCF_025677855.1_ASM2567785v1,NA,Fresh water
GCF_033128585.1_ASM3312858v1,Homo sapiens,feces
GCF_028893435.1_ASM2889343v1,Bos taurus,feces
GCF_003856495.1_ASM385649v1,NA,marine hydrothermal environment
GCF_013794885.1_ASM1379488v1,NA,Freshwater sample from downstream of wastewater treatment plant
GCF_024218775.1_ASM2421877v1,NA,sediment
GCF_022577075.1_ASM2257707v1,Homo sapiens,NA
GCF_029624915.1_ASM2962491v1,Homo sapiens,Rectal swab
GCF_001717625.1_ASM171762v1,NA,Turkey feces
GCF_905071865.1_MSB1_1D,Homo sapiens,rectal swab
GCF_002056475.1_ASM205647v1,NA,NA
GCF_025170685.2_ASM2517068v2,Homo sapiens,urethal swab
GCF_020139295.1_ASM2013929v1,NA,Meatballs; FP
GCF_004768625.1_ASM476862v1,NA,food
GCF_019426265.1_ASM1942626v1,Gallus gallus domesticus,cecum of Ec-FL1-1X 2-week old broiler chicken on fresh pine shavings infected with Salmonella enterica serovar Heidelberg
GCF_019343475.1_ASM1934347v1,NA,rabbit
GCF_016653635.2_ASM1665363v2,Homo sapiens,skin
GCF_025138535.1_ASM2513853v1,NA,ENVO:00002034
GCF_019933155.2_ASM1993315v2,white elm,rhizosphere of white elm
GCF_907163255.1_AUS2001,Homo sapiens,blood
GCF_016727265.1_ASM1672726v1,NA,NA
GCF_001482385.1_ASM148238v1,NA,Sea water
GCF_023204955.1_ASM2320495v1,Homo sapiens,blood
GCF_001865295.1_ASM186529v1,NA,stool
GCF_009914035.1_ASM991403v1,NA,Soybean paste (Chonggugjang)
GCF_017726575.1_ASM1772657v1,Homo sapiens,Respiratory specimen
GCF_013636045.1_ASM1363604v1,NA,Pooled sheep faecal samples collected from floor of farm
GCF_021459905.1_ASM2145990v1,Quercus,NA
GCF_025984485.1_ASM2598448v1,Bovine,NA
GCF_002787125.1_ASM278712v1,Paralichthys olivaceus,spleen
GCF_035620115.1_ASM3562011v1,Homo sapiens,cerebrospinal fluid
GCF_015571615.1_ASM1557161v1,Sus scrofa domesticus,feces
GCF_017798305.1_ASM1779830v1,NA,NA
GCF_005886655.1_ASM588665v1,Homo sapiens,NA
GCF_034083075.1_ASM3408307v1,chicken,throat swab
GCF_000012045.1_ASM1204v1,NA,NA
GCF_964199125.1_Zagreb027_hybrid_assembly.fa.gz,Homo sapiens,clinical material
GCF_014169835.1_ASM1416983v1,NA,wastewater
GCF_017164795.1_ASM1716479v1,NA,Bovine Faeces
GCF_009684655.1_ASM968465v1,Homo sapiens,blood
GCF_000827835.1_ASM82783v1,NA,solar salt
GCF_018740945.1_ASM1874094v1,NA,soil
GCF_026427535.1_ASM2642753v1,Homo sapiens,postoperative incision
GCF_000772065.1_ASM77206v1,NA,Shellfish Hatchery
GCF_022964795.1_ASM2296479v1,Homo sapiens,Chronic wound
GCF_002741455.1_ASM274145v1,NA,NA
GCF_009740145.1_ASM974014v1,NA,cucumber rhizosphere
GCF_021952765.1_ASM2195276v1,NA,environmental swab veterinary clinic
GCF_031039535.1_ASM3103953v1,Homo sapiens,urine
GCF_029855145.1_ASM2985514v1,Homo sapiens,blood
GCF_003288415.1_ASM328841v1,NA,NA
GCF_000013885.1_ASM1388v1,NA,NA
GCF_019703005.1_ASM1970300v1,Homo sapiens,stool
GCF_001735655.2_ASM173565v2,Homo sapiens,purulent abscess
GCF_020906315.1_ASM2090631v1,Mediolabrus comicus,estuarine water [ENVO:01000301]
GCF_037081965.1_ASM3708196v1,NA,Hospital Wastewater
GCF_000203855.3_ASM20385v3,NA,NA
GCF_029773345.1_ASM2977334v1,Homo sapiens,plasma
GCF_004194535.1_ASM419453v1,NA,Glacial lake sediment
GCF_021730025.1_ASM2173002v1,Penaeus vannamei,NA
GCF_024205865.1_ASM2420586v1,cattle,nasal swab
GCF_035582475.1_ASM3558247v1,calf,Anal swab
GCF_015169995.1_ASM1516999v1,NA,Libyan oil-polluted soil
GCF_001644725.1_ASM164472v1,Homo sapiens,stool
GCF_024749525.1_ASM2474952v1,Homo sapiens,NA
GCF_014070215.1_ASM1407021v1,NA,chickens
GCF_017301295.1_ASM1730129v1,NA,Clone isolated from the evolution experiment described in Ketola et al. 2013 (doi: 10.1111/evo.12148)
GCF_024918135.1_ASM2491813v1,Homo sapiens,blood
GCF_000021305.1_ASM2130v1,NA,NA
GCF_003999795.1_ASM399979v1,NA,NA
GCF_002139955.1_ASM213995v1,Citrus x aurantiifolia,NA
GCF_000214845.1_ASM21484v1,NA,NA
GCF_030717665.1_ASM3071766v1,yak,stool
GCF_000803705.1_ASM80370v1,NA,Cattle feces
GCF_013341255.1_ASM1334125v1,NA,banana
GCF_002999155.1_ASM299915v1,Homo sapiens,Tooth root canal
GCF_029719845.1_ASM2971984v1,NA,Pooled sediment sample collected from floor of poultry farm
GCF_003111745.1_ASM311174v1,Sus scrofa domesticus,Pig nares
GCF_033815825.1_ASM3381582v1,NA,Pig rectum feces
GCF_022221025.1_ASM2222102v1,NA,soil
GCF_008693405.1_ASM869340v1,Homo sapiens,clinical isolate
GCF_038442125.1_ASM3844212v1,Homo sapiens,sputum
GCF_016406225.1_ASM1640622v1,Homo sapiens,NA
GCF_015291925.1_ASM1529192v1,NA,Eclectus roratus feces
GCF_036894235.1_ASM3689423v1,NA,water
GCF_019857285.1_ASM1985728v1,Homo sapiens,NA
GCF_023375345.1_ASM2337534v1,Homo sapiens,fecal sample
GCF_022095615.2_ASM2209561v2,NA,soil
GCF_040736795.1_Sc1365706,Homo sapiens,blood
GCF_030061815.1_ASM3006181v1,Homo sapiens,Isolated from bronchoalveolar lavage of an 81 years old female
GCF_013372365.1_ASM1337236v1,Homo sapiens,urine
GCF_000959605.1_ASM95960v1,NA,Unavailable
GCF_026651855.1_ASM2665185v1,Cunninghamia lanceolata,cone
GCF_016918825.1_ASM1691882v1,Homo sapiens,NA
GCF_002456135.1_ASM245613v1,Drosophila melanogaster Oregon-R modENCODE,NA
GCF_033563215.1_ASM3356321v1,Homo sapiens,urine
GCF_003812125.1_ASM381212v1,Homo sapiens,Broviac blood
GCF_024585905.1_ASM2458590v1,Pig,Rectal Swab
GCF_013305265.1_ASM1330526v1,NA,Orange
GCF_022221245.1_ASM2222124v1,NA,NA
GCF_019286855.1_ASM1928685v1,Homo sapiens,Endotracheal aspirate
GCF_016598875.1_ASM1659887v1,NA,NA
GCF_019252525.1_ASM1925252v1,rabbit,NA
GCF_030295485.1_ASM3029548v1,Homo sapiens,feces
GCF_015377145.2_2T-2-5-2v4,NA,meltwater pond
GCF_020906175.1_ASM2090617v1,Skeletonema costatum,estuarine water [ENVO:01000301]
GCF_021496015.1_ASM2149601v1,Homo sapiens,NA
GCF_030708535.1_ASM3070853v1,NA,human
GCF_026642255.1_ASM2664225v1,NA,Sea mud
GCF_023920605.1_ASM2392060v1,Homo sapiens,urine
GCF_019329805.1_ASM1932980v1,Homo sapiens,NA
GCF_024918355.1_ASM2491835v1,Homo sapiens,blood
GCF_001721225.1_ASM172122v1,Homo sapiens,NA
GCF_900324205.1_1_1439,Homo sapiens,human
GCF_024749745.1_ASM2474974v1,Homo sapiens,NA
GCF_003399775.2_ASM339977v2,NA,Raw milk cheese
GCF_024498415.1_ASM2449841v1,marmot,NA
GCF_000258365.1_ASM25836v1,bovine,feces
GCF_009912975.1_ASM991297v1,Homo sapiens,NA
GCF_030931115.1_ASM3093111v1,NA,swine
GCF_040438255.1_ASM4043825v1,Homo sapiens,NA
GCF_003408595.1_ASM340859v1,Homo sapiens,Rectal swab
GCF_001889365.1_ASM188936v1,NA,NA
GCF_020695485.1_ASM2069548v1,Homo sapiens,urine
GCF_000272835.5_ASM27283v5,Equus ferus caballus,ground beef
GCF_001753405.1_ASM175340v1,NA,environmental
GCF_019703265.1_ASM1970326v1,Homo sapiens,venous blood
GCF_023361195.1_ASM2336119v1,Homo sapiens,blood
GCF_008619935.1_ASM861993v1,Homo sapiens,Pus isolated from host
GCF_022921115.1_ASM2292111v1,NA,Saltern
GCF_026014005.1_ASM2601400v1,NA,sediment
GCF_023913555.1_ASM2391355v1,NA,cerebrospinal fluid
GCF_002903405.1_ASM290340v1,NA,NA
GCF_013724985.1_ASM1372498v1,NA,Freshwater sample from upstream of wastewater treatment plant
GCF_016803935.1_ASM1680393v1,Homo sapiens,feces
GCF_030436445.1_ASM3043644v1,NA,NA
GCF_013376455.1_ASM1337645v1,NA,freshwater mud
GCF_033554675.1_ASM3355467v1,NA,kimcihi
GCF_005517455.1_ASM551745v1,NA,cattle slurry
GCF_026427755.1_ASM2642775v1,NA,ENVO:00010483
GCF_013267275.1_ASM1326727v1,NA,NA
GCF_029854595.1_ASM2985459v1,Homo sapiens,Bronchoalveolar lavage fluid
GCF_001655375.1_ASM165537v1,Homo sapiens,Patient sample
GCF_025665395.1_ASM2566539v1,NA,NA
GCF_003264275.1_ASM326427v1,NA,NA
GCF_008370815.1_ASM837081v1,Homo sapiens,NA
GCF_002848705.1_ASM284870v1,Homo sapiens,blood
GCF_017474165.1_ASM1747416v1,Allium cepa,NA
GCF_000017265.1_ASM1726v1,NA,NA
GCF_013786345.1_ASM1378634v1,NA,Wastewater effluent sample
GCF_016904495.1_ASM1690449v1,Homo sapiens,NA
GCF_037824785.1_ASM3782478v1,Pig,NA
GCF_002795285.1_ASM279528v1,Homo sapiens,NA
GCF_006517035.1_ASM651703v1,NA,chicken
GCF_022494905.1_ASM2249490v1,NA,diary product
GCF_025920025.1_ASM2592002v1,NA,oyster
GCF_020138355.1_ASM2013835v1,NA,Cattle feces
GCF_019670345.1_ASM1967034v1,NA,Bos taurus
GCF_020819895.2_ASM2081989v2,Macaca mulatta,feces
GCF_004319525.1_ASM431952v1,Homo sapiens,blood
GCF_008632615.1_ASM863261v1,NA,fermented vegetable
GCF_000307585.2_ASM30758v2,NA,NA
GCF_964198785.1_Zagreb031_hybrid_assembly.fa.gz,Homo sapiens,clinical material
GCF_023023065.1_ASM2302306v1,Homo sapiens,sputum
GCF_001524445.2_ASM152444v2,NA,soil
GCF_018141125.1_ASM1814112v1,meat duck,NA
GCF_001900795.1_ASM190079v1,NA,river water
GCF_013282765.1_ASM1328276v1,NA,NA
GCF_024734175.1_ASM2473417v1,Homo sapiens,NA
GCF_013391825.1_ASM1339182v1,Giant Panda,NA
GCF_019880245.1_ASM1988024v1,NA,NA
GCF_002787935.1_ASM278793v1,Homo sapiens,Peritoneal fluid
GCF_000364785.1_ASM36478v1,NA,NA
GCF_003999605.1_ASM399960v1,NA,Yak fermented milk
GCF_003718415.1_ASM371841v1,NA,NA
GCF_032365155.1_ASM3236515v1,Homo sapiens,stool
GCF_029204165.1_ASM2920416v1,Homo sapiens,secretion
GCF_036364245.1_ASM3636424v1,NA,nitrile contaminated soil
GCF_016126855.1_ASM1612685v1,Homo sapiens,rectal swab
GCF_016939595.1_ASM1693959v1,Homo sapiens,endotracheal tube swab
GCF_030734285.1_ASM3073428v1,NA,sediment
GCF_002258005.2_ASM225800v2,Homo sapiens,NA
GCF_004924355.1_ASM492435v1,pig,feces
GCF_004118955.1_ASM411895v1,NA,blood
GCF_022870005.1_ASM2287000v1,NA,NA
GCF_019797825.1_ASM1979782v1,NA,Maotai Daqu
GCF_037039325.1_ASM3703932v1,Homo sapiens,Medical sample
GCF_037201945.1_ASM3720194v1,NA,Birch sap
GCF_001077815.2_ASM107781v2,NA,deep sea sediment
GCF_018831325.1_ASM1883132v1,Phaseolus vulgaris,NA
GCF_021391355.1_ASM2139135v1,NA,rust layer
GCF_040267555.1_MRSN146,Homo sapiens,Surveillance
GCF_037062045.1_ASM3706204v1,Meles meles,intestine
GCF_016629545.1_ASM1662954v1,NA,hot spring water
GCF_905333855.2_AI2913v1_cp,Homo sapiens,Hospital Universitario La Princesa (Madrid)
GCF_034630705.1_ASM3463070v1,Medicago lupulina,NA
GCF_036771045.1_ASM3677104v1,Maize,rhizosphere soil of maize
GCF_021137615.1_ASM2113761v1,Homo sapiens,NA
GCF_018742245.1_ASM1874224v1,NA,soil
GCF_025426195.1_ASM2542619v1,pantropical spotted dolphin,NA
GCF_030908725.1_ASM3090872v1,NA,NA
GCF_002741255.1_ASM274125v1,NA,NA
GCF_020405145.1_ASM2040514v1,NA,soil
GCF_019428745.1_ASM1942874v1,NA,chicken
GCF_033546895.1_ASM3354689v1,Homo sapiens,Wound secretion
GCF_903993115.2_AI2763v1_cp,Homo sapiens,Hospital Univeristario de Bellvitge (Barcelona)
GCF_021216655.1_ASM2121665v1,Solanum lycopersicum,NA
GCF_003432165.1_ASM343216v1,Homo sapiens,rectal swab
GCF_035621795.1_ASM3562179v1,NA,corn soil
GCF_000069025.1_ASM6902v1,NA,NA
GCF_025985205.1_ASM2598520v1,Bovine,NA
GCF_002587165.1_ASM258716v1,Homo sapiens,Wound
GCF_028893115.1_ASM2889311v1,Bos taurus,feces
GCF_013487805.1_ASM1348780v1,NA,Fermented onions
GCF_028622195.1_ASM2862219v1,Columba livia,NA
GCF_001620135.2_ASM162013v2,Homo sapiens,stool
GCF_001901425.1_ASM190142v1,cow,NA
GCF_005222285.1_ASM522228v1,NA,cattle
GCF_018438165.1_ASM1843816v1,Euphausia superba,NA
GCF_025643495.1_ASM2564349v1,Homo sapiens,CF throat
GCF_001447095.1_ASM144709v1,NA,ground turkey
GCF_001651965.2_ASM165196v2,Bos taurus,fecal steer
GCF_015135075.1_ASM1513507v1,NA,sewage
GCF_004564095.1_ASM456409v1,NA,NA
GCF_022353785.1_ASM2235378v1,NA,Shatin WWTPs_80 WWTPs influent
GCF_017165115.1_ASM1716511v1,NA,Bovine Faeces
GCF_040208265.1_ASM4020826v1,NA,Calf liver
GCF_016767735.1_ASM1676773v1,NA,swab from a hand-washing sink as part of the hospital routine surveillance program
GCF_019997865.1_ASM1999786v1,Homo sapiens,sputum
GCF_029338395.1_ASM2933839v1,NA,coastal saline-alkali land
GCF_000775375.1_ASM77537v1,Homo sapiens,urine
GCF_001865495.1_ASM186549v1,NA,chicken liver
GCF_023735215.1_ASM2373521v1,Homo sapiens,NA
GCF_037081955.1_ASM3708195v1,NA,Hospital Wastewater
GCF_024628885.1_ASM2462888v1,NA,blood
GCF_021498245.1_ASM2149824v1,hyacinth,hyacinth bulb; scale leaves
GCF_004847885.1_ASM484788v1,Homo sapiens,stool
GCF_030913345.1_ASM3091334v1,NA,antimony mine
GCF_015832345.1_ASM1583234v1,NA,soil
GCF_023735075.1_ASM2373507v1,Homo sapiens,NA
GCF_008329905.1_ASM832990v1,NA,Stream sediment
GCF_003966675.1_ASM396667v1,Lemna minor,NA
GCF_037553955.1_ASM3755395v1,Homo sapiens,NA
GCF_017165375.1_ASM1716537v1,NA,Bovine Faeces
GCF_015135215.1_ASM1513521v1,NA,sewage
GCF_027912675.1_ASM2791267v1,NA,sediment
GCF_025808255.1_ASM2580825v1,NA,Chicken meat
GCF_003029645.1_ASM302964v1,NA,biological fluid
GCF_004919345.1_ASM491934v1,Homo sapiens,NA
GCF_002812865.1_ASM281286v1,Homo sapiens,urine
GCF_018398955.1_ASM1839895v1,swine,feces
GCF_028893375.1_ASM2889337v1,Bos taurus,feces
GCF_016728685.1_ASM1672868v1,NA,NA
GCF_003176835.1_ASM317683v1,NA,almond drupe
GCF_004353225.1_ASM435322v1,NA,Water from the baltic sea
GCF_004135125.1_ASM413512v1,NA,cell culture
GCF_014842695.2_ASM1484269v2,Phaseolus vulgaris,Seed
GCF_003595405.1_ASM359540v1,Homo sapiens,Wound fluid
GCF_001655575.1_ASM165557v1,Homo sapiens,Patient sample
GCF_900622685.1_MS14387,Homo sapiens,blood
GCF_036324545.1_ASM3632454v1,intestine of Yellow Catfish,NA
GCF_000222305.1_ASM22230v1,Ixodes pacificus (western blackleg tick),NA
GCF_020616195.1_ASM2061619v1,Tomato,Tomato tissue
GCF_003627875.1_ASM362787v1,NA,fermented vegetables
GCF_030908545.1_ASM3090854v1,NA,domestic water
GCF_019974315.1_ASM1997431v1,NA,hot spring water
GCF_015767775.1_ASM1576777v1,NA,lab
GCF_037094655.1_Shew_sp_01_v1,NA,Middle part of the water column of temporary meltwater pond
GCF_009432915.1_ASM943291v1,NA,meat
GCF_030169335.1_ASM3016933v1,NA,chicken feces
GCF_017639105.1_ASM1763910v1,NA,waste water
GCF_021725475.1_ASM2172547v1,Homo sapiens,isolated from contaminated platelets
GCF_027944895.1_ASM2794489v1,NA,ICU patient rectal swab
GCF_024139075.1_ASM2413907v1,Homo sapiens,sacrum ulcer
GCF_017868515.1_ASM1786851v1,dog,feces
GCF_001900815.1_ASM190081v1,NA,river water
GCF_000311765.1_ASM31176v1,NA,NA
GCF_039911255.1_ASM3991125v1,Bos taurus,culture
GCF_002310475.1_ASM231047v1,NA,kimchi
GCF_017161445.1_ASM1716144v1,NA,Cyanobacterial bloom
GCF_016404485.2_ASM1640448v2,Homo sapiens,stool
GCF_964199045.1_Zagreb003_hybrid_assembly.fa.gz,Homo sapiens,clinical material
GCF_008807155.1_ASM880715v1,NA,Pork
GCF_022343265.1_ASM2234326v1,Homo sapiens,sputum
GCF_019967915.1_ASM1996791v1,NA,anthropogenic
GCF_002211865.1_ASM221186v1,NA,Chamaeleonidae
GCF_005890175.1_ASM589017v1,NA,porcine
GCF_038420475.1_ASM3842047v1,Homo sapiens,urine
GCF_030438475.1_ASM3043847v1,NA,NA
GCF_007833415.1_ASM783341v1,NA,soil
GCF_003812725.1_ASM381272v1,Homo sapiens,NA
GCF_008727175.1_ASM872717v1,NA,NA
GCF_023206035.1_ASM2320603v1,NA,kelp tisue
GCF_009797665.1_ASM979766v1,NA,NA
GCF_020099335.1_ASM2009933v1,NA,NA
GCF_015999425.1_ASM1599942v1,Homo sapiens,rectal swab
GCF_022404615.1_ASM2240461v1,Homo sapiens,NA
GCF_019203145.1_ASM1920314v1,NA,fecal sample
GCF_012222705.1_ASM1222270v1,NA,fecal sample
GCF_021650955.1_ASM2165095v1,NA,environment of horse clinic
GCF_001753185.1_ASM175318v1,Alhagi sparsifolia Shap.,NA
GCF_020906375.1_ASM2090637v1,Mediolabrus comicus,estuarine water [ENVO:01000301]
GCF_021730045.1_ASM2173004v1,Penaeus vannamei,NA
GCF_024749545.1_ASM2474954v1,Homo sapiens,NA
GCF_028750655.1_ASM2875065v1,Sisymbrium officinale (syn. Erysimum),Symptomatic leaf tissue
GCF_022405295.1_ASM2240529v1,Homo sapiens,NA
GCF_030717605.1_ASM3071760v1,Homo sapiens,sputum
GCF_024498615.1_ASM2449861v1,NA,activated sludge
GCF_000020025.1_ASM2002v1,NA,NA
GCF_040436055.1_ASM4043605v1,Homo sapiens,urine
GCF_015326295.1_ASM1532629v1,NA,plastics debris from sea coast
GCF_020695685.1_ASM2069568v1,Homo sapiens,Decubitus swab
GCF_000250945.1_ASM25094v1,Homo sapiens,blood
GCF_019703065.1_ASM1970306v1,Homo sapiens,stool
GCF_009495655.1_ASM949565v1,NA,soil
GCF_005094845.1_ASM509484v1,Homo sapiens,NA
GCF_022592015.1_ASM2259201v1,NA,Food: Red deer meat
GCF_002949715.1_ASM294971v1,NA,NA
GCF_021166215.1_ASM2116621v1,Homo sapiens,NA
GCF_002277935.1_ASM227793v1,Drosophila melanogaster Oregon-R modENCODE,NA
GCF_009363355.1_ASM936335v1,NA,Surface of a polyethylene microplastic particle present in tank 6 of a marine aquarium containing stony-coral fragments and water maintained at 26 degree C
GCF_013372165.1_ASM1337216v1,pig,stomach
GCF_018219265.1_ASM1821926v1,NA,river sediment
GCF_013348885.1_ASM1334888v1,Homo sapiens,sputum
GCF_038024215.1_BSN213,Homo sapiens,blood
GCF_023375325.1_ASM2337532v1,Homo sapiens,fecal sample
GCF_023066685.1_ASM2306668v1,Homo sapiens,NA
GCF_011995885.1_ASM1199588v1,Solanum lycopersicum (tomato),tomato with bacterial canker symptoms at Limache
GCF_900635365.1_E1334_hybrid_assembly,NA,NA
GCF_007833795.1_ASM783379v1,NA,soil
GCF_009708995.1_ASM970899v1,Salmo salar,NA
GCF_030489685.1_ASM3048968v1,NA,Dairy
GCF_025722955.1_ASM2572295v1,Homo sapiens,sputum
GCF_900005615.1_JCM7685,NA,soil
GCF_003544875.1_ASM354487v1,Solea senegalensis,gill
GCF_904831805.1_L7_E1373_ETEC,NA,NA
GCF_009720145.1_ASM972014v1,NA,activated sludge of wastewater treatment plants
GCF_021183705.1_ASM2118370v1,NA,NA
GCF_004324035.2_ASM432403v2,NA,feces
GCF_022221045.1_ASM2222104v1,Homo sapiens,NA
GCF_003261955.3_ASM326195v3,Homo sapiens,NA
GCF_019343105.1_ASM1934310v1,NA,soil
GCF_022385195.1_ASM2238519v1,NA,wastewater
GCF_029873475.1_ASM2987347v1,Lysandra bellargus,abdomen
GCF_023273835.1_ASM2327383v1,Lilium davidii var. unicolor (Hoog) Cotton,NA
GCF_002313005.1_ASM231300v1,Homo sapiens,patient
GCF_003627275.1_ASM362727v1,NA,raw cow milk
GCF_033449965.1_ASM3344996v1,NA,Rhizosphere soil of pepper
GCF_008432245.1_ASM843224v1,oyster,intestinal tract
GCF_023023265.1_ASM2302326v1,Homo sapiens,sputum
GCF_029870635.2_ASM2987063v2,musk deer,feces
GCF_022630575.1_ASM2263057v1,NA,no application of phosphorus fertilizer
GCF_018884485.1_ASM1888448v1,Homo sapiens,stool
GCF_023374595.1_ASM2337459v1,Homo sapiens,NA
GCF_013256815.1_ASM1325681v1,insect,NA
GCF_000341665.1_ASM34166v1,NA,NA
GCF_014169855.1_ASM1416985v1,NA,wastewater
GCF_005280375.1_ASM528037v1,Homo sapiens,blood
GCF_013085765.1_ASM1308576v1,NA,sludge from bioreactor treating oxytetracycline bearing wastewater
GCF_026427555.1_ASM2642755v1,Homo sapiens,NA
GCF_013030095.1_ASM1303009v1,Homo sapiens,NA
GCF_002216085.1_ASM221608v1,NA,mushroom substrate
GCF_030346995.2_ASM3034699v2,Gallus gallus,liver
GCF_004354345.1_ASM435434v1,NA,water column of an alpine lake
GCF_022836935.1_ASM2283693v1,NA,activated sludge
GCF_015571675.1_ASM1557167v1,Sus scrofa domesticus,feces
GCF_003267985.1_ASM326798v1,NA,NA
GCF_036688165.2_ASM3668816v2,Homo sapiens,skin
GCF_013786145.1_ASM1378614v1,NA,Wastewater influent sample
GCF_032878855.1_ASM3287885v1,chicken,NA
GCF_030733865.1_ASM3073386v1,Homo sapiens,NA
GCF_000185205.1_ASM18520v1,NA,NA
GCF_006378235.1_ASM637823v1,Festuca arundinacea,seed
GCF_003691365.1_ASM369136v1,Apis mellifera,gut
GCF_019614825.1_ASM1961482v1,Homo sapiens,outbreaks of food poisoning
GCF_000834295.1_ASM83429v1,NA,NA
GCF_000015225.1_ASM1522v1,NA,NA
GCF_903993015.2_AI2993v1_cp,Homo sapiens,Hospital Univeristario de Bellvitge (Barcelona)
GCF_009709235.1_ASM970923v1,Oncorhynchus mykiss,NA
GCF_013085505.1_ASM1308550v1,NA,chicken
GCF_028749905.1_ASM2874990v1,Brassica oleracea var. italica,Symptomatic leaf tissue
GCF_019455345.1_ASM1945534v1,Homo sapiens,blood
GCF_008693805.1_ASM869380v1,Homo sapiens,clinical isolate
GCF_001447315.1_ASM144731v1,NA,Lake sediment
GCF_022558885.1_ASM2255888v1,Homo sapiens,urine
GCF_023746615.1_ASM2374661v1,NA,Kaeda river; Miyazaki; Japan
GCF_018141145.1_ASM1814114v1,meat duck,NA
GCF_024734115.1_ASM2473411v1,NA,tidal flat
GCF_000262715.1_ASM26271v1,Blaberus giganteus,NA
GCF_001587115.1_ASM158711v1,Homo sapiens,NA
GCF_019670325.1_ASM1967032v1,NA,Bos taurus
GCF_025884195.1_ASM2588419v1,Homo sapiens,Drain
GCF_037527585.1_ASM3752758v1,Dog,NA
GCF_020138335.1_ASM2013833v1,NA,Pig feces
GCF_022179365.1_ASM2217936v1,NA,NA
GCF_009433135.1_ASM943313v1,NA,cattle
GCF_002113845.3_ASM211384v3,Homo sapiens,Respiratory sample - sputum
GCF_018138045.1_ASM1813804v1,Homo sapiens,NA
GCF_003265245.1_ASM326524v1,Homo sapiens,feces
GCF_000746665.1_ASM74666v1,Oreochromis,Tilapia; diseased
GCF_000271405.2_ASM27140v2,NA,NA
GCF_004295365.1_ASM429536v1,Homo sapiens,NA
GCF_022759685.1_ASM2275968v1,Homo sapiens,NA
GCF_024585965.1_ASM2458596v1,Pig,Rectal Swab
GCF_016598815.1_ASM1659881v1,NA,combined sewer effluent
GCF_022221225.1_ASM2222122v1,Bos taurus,carcass
GCF_015139975.1_ASM1513997v1,Homo sapiens,urine
GCF_001865635.4_ASM186563v4,NA,sputum
GCF_013372305.1_ASM1337230v1,Homo sapiens,urine
GCF_022226895.1_ASM2222689v1,Homo sapiens,NA
GCF_036865595.1_ASM3686559v1,Triticum aestivum 'Rembrandt',Flag leaf of wheat
GCF_009806635.1_ASM980663v1,NA,NA
GCF_008064895.1_ASM806489v1,Homo sapiens,feces
GCF_024730625.1_ASM2473062v1,NA,Salt Lake
GCF_029227785.1_ASM2922778v1,NA,Cereal-based food (noodle) for infant
GCF_003999215.1_ASM399921v1,Homo sapiens,Human Stool
GCF_031039735.1_ASM3103973v1,Homo sapiens,stool
GCF_019703205.1_ASM1970320v1,Homo sapiens,bile
GCF_021166075.1_ASM2116607v1,Homo sapiens,NA
GCF_904859915.1_INF007,Homo sapiens,urine
GCF_030439295.1_ASM3043929v1,NA,NA
GCF_022592275.1_ASM2259227v1,NA,Food: Red deer meat
GCF_037765365.1_ASM3776536v1,Hypophthalmichthys nobilis,NA
GCF_020906115.1_ASM2090611v1,Skeletonema costatum,estuarine water [ENVO:01000301]
GCF_021496075.1_ASM2149607v1,Homo sapiens,NA
GCF_026642235.1_ASM2664223v1,NA,sea mud
GCF_029639405.1_ASM2963940v1,NA,soil
GCF_040235305.1_ASM4023530v1,Homo sapiens,bronchoalveolar lavage
GCF_024918335.1_ASM2491833v1,Homo sapiens,blood
GCF_001692635.1_ASM169263v1,Homo sapiens,human
GCF_003288195.1_ASM328819v1,NA,kimchi
GCF_008000995.1_ASM800099v1,bat,feces
GCF_011220525.1_PaenibacERICV_HGAP3_2SC,honeybees,foul brood
GCF_028893175.1_ASM2889317v1,Bos taurus,feces
GCF_028464025.1_ASM2846402v1,NA,selected with meropenem showing different genome comparing to wild type (37662WT)
GCF_037827835.1_ASM3782783v1,Pig,NA
GCF_002202275.1_ASM220227v1,NA,NA
GCF_002967795.2_ASM296779v2,Homo sapiens,blood
GCF_033441555.1_ASM3344155v1,NA,Retail chicken meat
GCF_019428725.1_ASM1942872v1,NA,chicken
GCF_006094435.1_ASM609443v1,NA,soil
GCF_018986755.2_ASM1898675v2,Homo sapiens,feces
GCF_003966465.1_ASM396646v1,Bos taurus,feces
GCF_002164855.2_ASM216485v2,Homo sapiens,NA
GCF_002848485.1_ASM284848v1,NA,meat processing facility
GCF_903993145.2_AI2996v1_cp,Homo sapiens,Hospital Univeristario de Bellvitge (Barcelona)
GCF_025985265.1_ASM2598526v1,Bovine,NA
GCF_007833815.1_ASM783381v1,cabbage,cabbage seeds
GCF_014338485.1_ASM1433848v1,Lactuca sativa,lettuce leaf
GCF_037774005.1_ASM3777400v1,Homo sapiens,NA
GCF_023735275.1_ASM2373527v1,Homo sapiens,NA
GCF_013374295.2_ASM1337429v2,Homo sapiens,human stool
GCF_004119775.1_ASM411977v1,NA,food
GCF_008632595.1_ASM863259v1,chicken,NA
GCF_021498225.1_ASM2149822v1,hyacinth,hyacinth bulb; scale leaves
GCF_002310875.1_ASM231087v1,Homo sapiens,sputum
GCF_904863055.1_INF022,NA,NA
GCF_003939335.2_ASM393933v2,NA,washroom sink in hospital intensive care unit
GCF_017165175.1_ASM1716517v1,Homo sapiens,sputum
GCF_000953735.1_MVIS1,NA,NA
GCF_003063555.1_ASM306355v1,NA,Dichlobenil-treated soil sampled from the courtyard of a former plant nursery located above a BAM-contaminated aquifer near Hvidovre
GCF_014524485.1_ASM1452448v1,dog,ear infection
GCF_016767755.1_ASM1676775v1,NA,swab from a follow-up assessment of the tap handles and sink edges after a first disinfection attempt
GCF_001441245.1_ASM144124v1,NA,turkey meat
GCF_009912375.1_ASM991237v1,Homo sapiens,NA
GCF_009730135.1_ASM973013v1,Homo sapiens,clinical isolate
GCF_020905105.2_ASM2090510v2,Homo sapiens,urethal swab
GCF_004136355.1_ASM413635v1,Homo sapiens,right leg muscle; right leg fascia; central venous catheter; dialysis catheter; surface of the left leg ulcer; and left lower leg
GCF_002074095.1_ASM207409v1,NA,Korean soybean paste
GCF_012530215.1_ASM1253021v1,Hawk,NA
GCF_003860485.1_ASM386048v1,Homo sapiens,NA
GCF_002215175.1_ASM221517v1,NA,Korean fermented food
GCF_024499095.1_ASM2449909v1,Sus scrofa,wastewater
GCF_002012245.1_ASM201224v1,Homo sapiens,NA
GCF_900622505.2_Spn4559,Homo sapiens,blood
GCF_022014795.1_ASM2201479v1,Homo sapiens,NA
GCF_001806365.1_ASM180636v1,Homo sapiens,Bronchial
GCF_013201075.1_ASM1320107v1,Cladonia borealis,lichen
GCF_019880225.1_ASM1988022v1,NA,sediment
GCF_009363555.1_ASM936355v1,NA,Surface of a polyethylene microplastic particle present in tank 6 of a marine aquarium containing stony-coral fragments and water maintained at 26 degree C
GCF_021249265.1_ASM2124926v1,Homo sapiens,sputum
GCF_015999625.1_ASM1599962v1,Homo sapiens,feces
GCF_020097135.1_ASM2009713v1,NA,skin of a pig
GCF_018742225.1_ASM1874222v1,NA,soil
GCF_031202285.1_ASM3120228v1,NA,termite
GCF_030908745.1_ASM3090874v1,NA,NA
GCF_009734425.1_ASM973442v1,NA,soil from a small paddock
GCF_029962265.1_ASM2996226v1,Homo sapiens,NA
GCF_013727635.1_ASM1372763v1,NA,Wastewater influent sample
GCF_003721495.1_ASM372149v1,Antho dichotoma,NA
GCF_040703095.1_ASM4070309v1,NA,Homo sapiens
GCF_003006075.1_ASM300607v1,sheep,placental tissue
GCF_037968335.2_ASM3796833v2,NA,feces
GCF_003408615.1_ASM340861v1,Homo sapiens,Rectal swab
GCF_040712265.1_JJ1368,cotton,rhizosphere
GCF_012052605.1_ASM1205260v1,Homo sapiens,Diarrheal patient
GCF_023702615.1_ASM2370261v1,NA,South China Sea
GCF_018831345.1_ASM1883134v1,Phaseolus vulgaris,NA
GCF_014622725.1_ASM1462272v1,NA,feces
GCF_015286445.1_ASM1528644v1,NA,Human fecal samples
GCF_033676985.1_ASM3367698v1,NA,hospital
GCF_029278185.1_ASM2927818v1,Homo sapiens,human
GCF_030664715.1_ASM3066471v1,NA,wastewater
GCF_021137675.1_ASM2113767v1,Homo sapiens,rectal swab
GCF_022811885.1_ASM2281188v1,NA,NA
GCF_029219965.1_ASM2921996v1,Syzygium aromaticum,NA
GCF_018831125.1_ASM1883112v1,Homo sapiens,mid stream urine
GCF_036884785.1_ASM3688478v1,Homo sapiens,stool
GCF_020526085.1_ASM2052608v1,Homo sapiens,feces
GCF_023078355.1_ASM2307835v1,NA,the blood culture and the peritoneal dialysis effluent of two patients
GCF_022925675.1_ASM2292567v1,Homo sapiens,gastric biopsy
GCF_020995385.1_ASM2099538v1,Homo sapiens,urine
GCF_000961315.1_ASM96131v1,citrus spp.,citrus infected tissue
GCF_018742045.1_ASM1874204v1,NA,soil
GCF_015732475.1_ASM1573247v1,NA,sea water
GCF_030908525.1_ASM3090852v1,Carassius auratus,diseased fish
GCF_019974375.1_ASM1997437v1,NA,hot spring water
GCF_015159575.1_ASM1515957v1,Homo sapiens,NA
GCF_005221765.1_ASM522176v1,NA,cattle
GCF_000168875.3_ASM16887v3,NA,NA
GCF_001687665.2_ASM168766v2,NA,sea
GCF_013727455.1_ASM1372745v1,NA,Wastewater influent sample
GCF_024139015.1_ASM2413901v1,Homo sapiens,peritoneal abcess
GCF_040554215.1_ASM4055421v1,NA,hospital
GCF_017639165.1_ASM1763916v1,NA,waste water
GCF_021725415.1_ASM2172541v1,Homo sapiens,NA
GCF_013201215.1_ASM1320121v1,pig,slaughterhouse
GCF_015535675.1_ASM1553567v1,Homo sapiens,Rectal swab
GCF_022404675.1_ASM2240467v1,Homo sapiens,NA
GCF_008693785.1_ASM869378v1,Homo sapiens,clinical isolate
GCF_020099355.1_ASM2009935v1,NA,NA
GCF_964043425.1_30348_2_256,NA,NA
GCF_015999445.1_ASM1599944v1,NA,swine nasal swab
GCF_027941975.1_ASM2794197v1,Homo sapiens,indwelling urinary catheter
GCF_021650935.1_ASM2165093v1,NA,DSMZ collection (DSM 12730)
GCF_022343205.1_ASM2234320v1,NA,water
GCF_026625485.1_ASM2662548v1,NA,environmental
GCF_016939795.1_ASM1693979v1,Homo sapiens,stool
GCF_003718195.1_ASM371819v1,NA,NA
GCF_040549815.1_ASM4054981v1,NA,hospital
GCF_900635975.1_37509_E01,NA,Sputum
GCF_900660635.1_56793_F01-3,Bird (Turkey),Air sacs
GCF_024347315.1_ASM2434731v1,NA,NA
GCF_002752655.1_ASM275265v1,NA,soil
GCF_030296955.1_ASM3029695v1,NA,NA
GCF_022439525.1_ASM2243952v1,Canis lupus familiaris,Urine collected by free catch sample
GCF_949786295.1_EC0880B_R3,NA,Derived from parental isolate EC0880B in laboratory.
GCF_003443535.1_ASM344353v1,NA,NA
GCF_030406505.2_ASM3040650v2,Homo sapiens,urine
GCF_000832565.1_ASM83256v1,NA,Wool from Pakistan
GCF_040050635.1_ASM4005063v1,NA,Chicken meat
GCF_002000865.1_ASM200086v1,Homo sapiens,Perineum
GCF_022353585.1_ASM2235358v1,NA,Shatin WWTPs_19 WWTPs effluent
GCF_017165315.1_ASM1716531v1,NA,Bovine Faeces
GCF_036010365.1_ASM3601036v1,NA,NA
GCF_009913155.1_ASM991315v1,Homo sapiens,NA
GCF_025808235.1_ASM2580823v1,NA,Internal organs of chicken
GCF_006770505.1_ASM677050v1,Homo sapiens,healthy adult fecal sample
GCF_964051065.1_30602_1_64,NA,NA
GCF_029338195.1_ASM2933819v1,NA,sediment
GCF_031661555.1_ASM3166155v1,Homo sapiens,feces
GCF_011068405.5_ASM1106840v5,Glycine max cv. AC Glengarry,NA
GCF_000018505.1_ASM1850v1,NA,NA
GCF_023735015.1_ASM2373501v1,Homo sapiens,NA
GCF_010586985.1_ASM1058698v1,NA,NA
GCF_021498045.1_ASM2149804v1,Fish,feces
GCF_900638785.1_E1774_hybrid_assembly,NA,NA
GCF_014170735.1_ASM1417073v1,Turkey,NA
GCF_009709435.1_ASM970943v1,Oncorhynchus mykiss,NA
GCF_030435995.1_ASM3043599v1,Homo sapiens,NA
GCF_000829075.1_ASM82907v1,NA,NA
GCF_003004235.1_ASM300423v1,Homo sapiens,NA
GCF_013128195.2_ASM1312819v2,NA,tundra wetland
GCF_035621595.1_ASM3562159v1,NA,liquid medium
GCF_901846895.1_Variovorax_sp._WDL-1,NA,linuron-contaminated soil
GCF_000739475.1_ASM73947v1,NA,NA
GCF_028622395.1_ASM2862239v1,Grus grus,NA
GCF_028893315.1_ASM2889331v1,Bos taurus,Liver; lung; small intestine
GCF_035658495.1_ASM3565849v1,Rheum palmatum L.,rhizosphere soil
GCF_019551355.1_ASM1955135v1,Homo sapiens,blood
GCF_000145035.1_ASM14503v1,NA,NA
GCF_014192895.1_ASM1419289v1,Homo sapiens,NA
GCF_022533505.1_ASM2253350v1,Homo sapiens,pus
GCF_023375175.1_ASM2337517v1,Sus scrofa domesticus,fecal sample
GCF_001412595.2_ASM141259v2,NA,Soil
GCF_003030285.2_ASM303028v2,NA,NA
GCF_002243685.1_ASM224368v1,NA,Tissue; animal
GCF_022405055.1_ASM2240505v1,Homo sapiens,NA
GCF_016403105.1_ASM1640310v1,NA,open pond on an algae farm
GCF_024918395.1_ASM2491839v1,Homo sapiens,blood
GCF_002156825.1_ASM215682v1,NA,fecal sample
GCF_040436295.1_ASM4043629v1,Homo sapiens,Drainage of fluid
GCF_014250155.1_ASM1425015v1,NA,soil
GCF_900639545.1_E7933_hybrid_assembly,NA,NA
GCF_011604485.1_ASM1160448v1,Trifolium pratense,Clover nodules
GCF_023913595.1_ASM2391359v1,NA,blood
GCF_004010775.1_ASM401077v1,NA,sediment
GCF_001610895.1_ASM161089v1,NA,sugar beet rhizosphere
GCF_023361155.1_ASM2336115v1,Homo sapiens,bronchial
GCF_023612475.1_ASM2361247v1,NA,Outdoors environment of a veterinary clinic
GCF_003324915.1_ASM332491v1,NA,NA
GCF_008728415.1_ASM872841v1,Homo sapiens,urine
GCF_033847355.1_ASM3384735v1,Homo sapiens,patient
GCF_032920365.1_ASM3292036v1,NA,pickled cowpea
GCF_009661485.2_ASM966148v2,Homo sapiens,traumatic discharge
GCF_029691955.1_ASM2969195v1,Homo sapiens,Forehead
GCF_030122725.1_ASM3012272v1,Homo sapiens,anorectal swab
GCF_022759625.1_ASM2275962v1,Homo sapiens,NA
GCF_002952295.1_ASM295229v1,Grapefruit,NA
GCF_037482245.1_ASM3748224v1,Homo sapiens,patient
GCF_000832925.1_ASM83292v1,NA,NA
GCF_030295445.1_ASM3029544v1,Homo sapiens,pus
GCF_002507915.2_ASM250791v2,NA,stream sediment
GCF_003146685.1_ASM314668v1,NA,Hospital waste water
GCF_022221285.1_ASM2222128v1,NA,soil
GCF_013728275.1_ASM1372827v1,NA,Freshwater sample from downstream of wastewater treatment plant
GCF_025884135.1_ASM2588413v1,Homo sapiens,sputum
GCF_003019175.1_ASM301917v1,Homo sapiens,stool
GCF_020138395.1_ASM2013839v1,NA,sludge
GCF_019670385.1_ASM1967038v1,NA,Bos taurus
GCF_025984625.1_ASM2598462v1,Bovine,NA
GCF_000015425.1_ASM1542v1,NA,NA
GCF_000010185.1_ASM1018v1,NA,NA
GCF_011516645.4_ASM1151664v4,Glycine max cv. AC Glengarry,Root nodule from soybean plant inoculated with root zone soil from Amphicarpaea bracteata
GCF_016889665.1_ASM1688966v1,NA,NA
GCF_014858915.1_ASM1485891v1,Homo sapiens,NA
GCF_008931685.1_ASM893168v1,NA,Shower 3
GCF_024298865.1_ASM2429886v1,NA,salt
GCF_001908615.1_ASM190861v1,Phaseolus vulgaris,nodule from Agricultural field
GCF_030552895.1_ASM3055289v1,NA,Peat soil samples
GCF_036562065.1_ASM3656206v1,Homo sapiens,feces
GCF_025916235.1_ASM2591623v1,NA,pig
GCF_900086615.2_BPH0662,NA,NA
GCF_021919125.1_ASM2191912v1,Tomato,Seeds
GCF_027913035.1_ASM2791303v1,NA,sediment
GCF_007363175.1_ASM736317v1,NA,soil
GCF_022558825.1_ASM2255882v1,Homo sapiens,urine
GCF_029910015.1_ASM2991001v1,Arachis hypogaea,Groundnut Field
GCF_024499265.1_ASM2449926v1,NA,pigeon
GCF_013376495.1_ASM1337649v1,NA,sewage treatment plant
GCF_018336855.1_ASM1833685v1,NA,feces
GCF_029854555.1_ASM2985455v1,Homo sapiens,NA
GCF_002355995.1_ASM235599v1,NA,geothermal power plant
GCF_016804345.1_ASM1680434v1,NA,landfill cover soil
GCF_038396555.1_ASM3839655v1,NA,municipal wastewater
GCF_025665355.1_ASM2566535v1,NA,fishpond
GCF_000940785.1_ASM94078v1,NA,soil
GCF_000223215.1_ASM22321v1,NA,NA
GCF_000486585.2_ASM48658v2,NA,NA
GCF_016904455.1_ASM1690445v1,Homo sapiens,NA
GCF_016804125.1_ASM1680412v1,Pteropus poliocephalus,NA
GCF_000954195.1_ASM95419v1,Homo sapiens,feces
GCF_013401395.2_ASM1340139v2,NA,soil
GCF_026062515.1_ASM2606251v1,Homo sapiens,NA
GCF_004001325.1_ASM400132v1,NA,water
GCF_012537835.1_ASM1253783v1,swine,NA
GCF_000445425.4_ASM44542v4,Ixodes scapularis,blood of infected SCID mice
GCF_017164755.1_ASM1716475v1,NA,Bovine Faeces
GCF_030369915.1_ASM3036991v1,NA,Doenjang
GCF_033807455.1_ASM3380745v1,Homo sapiens,sputum
GCF_023028345.1_ASM2302834v1,NA,salt
GCF_001662025.2_ASM166202v2,Beta vulgaris,NA
GCF_021919345.1_ASM2191934v1,NA,NA
GCF_022760025.1_ASM2276002v1,NA,culture pond
GCF_040412085.2_ASM4041208v1,Chaetopterus variopedatus,NA
GCF_000814165.3_ASM81416v3,Homo sapiens,excreted bodily substance
GCF_023330765.1_ASM2333076v1,Homo sapiens,stool
GCF_013307435.2_ASM1330743v2,NA,soil
GCF_009729975.1_ASM972997v1,Homo sapiens,clinical isolate
GCF_900659665.1_AUSMDU00008332,Homo sapiens,feces
GCF_022532145.1_ASM2253214v1,Homo sapiens,blood
GCF_037056955.1_ASM3705695v1,Procyon lotor,intestine
GCF_018884425.1_ASM1888442v1,Homo sapiens,stool
GCF_035991645.1_ASM3599164v1,NA,NA
GCF_037217235.1_ASM3721723v1,NA,Sichuan-style sausage
GCF_012272775.1_ASM1227277v1,Homo sapiens,sputum
GCF_033573735.1_ASM3357373v1,shrimp,NA
GCF_000013565.1_ASM1356v1,NA,NA
GCF_022410435.1_ASM2241043v1,Bathymodiolus marisindicus,Bathymodiolus gill tissue material ENVO [01001393]
GCF_023347665.1_ASM2334766v1,cow,NA
GCF_025984445.1_ASM2598444v1,Bovine,NA
GCF_002234795.1_ASM223479v1,NA,NA
GCF_003018355.1_ASM301835v1,Homo sapiens,urine
GCF_013783065.1_ASM1378306v1,NA,Wastewater influent sample
GCF_037875175.1_ASM3787517v1,Homo sapiens,NA
GCF_004792495.1_ASM479249v1,pig,feces
GCF_905330875.2_AI2949v1_cpp,Homo sapiens,Hospital Universitario Central de Asturias (Oviedo)
GCF_029719885.1_ASM2971988v1,NA,Pooled faeces sample collected from floor of poultry farm
GCF_030295625.1_ASM3029562v1,Homo sapiens,feces
GCF_030166715.1_ASM3016671v1,NA,termite gut
GCF_000512745.2_ASM51274v2,NA,NA
GCF_000020625.1_ASM2062v1,NA,NA
GCF_030168715.1_ASM3016871v1,chicken,NA
GCF_000931465.1_ASM93146v1,Homo sapiens,Urine
GCF_025369915.1_ASM2536991v1,Poultry,Broiler
GCF_023066625.1_ASM2306662v1,Homo sapiens,NA
GCF_033037675.1_ASM3303767v1,NA,retail markets
GCF_024266915.1_ASM2426691v1,Homo sapiens,urine
GCF_036670115.1_ASM3667011v1,Homo sapiens,NA
GCF_024760605.1_ASM2476060v1,NA,diseased rice
GCF_040409895.1_ASM4040989v1,Camelus dromedarius,Nose
GCF_013348825.1_ASM1334882v1,Sus scrofa domesticus,NA
GCF_023375385.1_ASM2337538v1,Homo sapiens,fecal sample
GCF_006494915.1_ASM649491v1,Homo sapiens,stool
GCF_004328825.1_ASM432882v1,NA,Swine Final Chilled Carcass
GCF_029814255.1_ASM2981425v1,NA,piglets
GCF_025139345.1_ASM2513934v1,NA,ENVO:00002034
GCF_030489625.1_ASM3048962v1,Homo sapiens,sputum
GCF_040560445.1_PA64,Homo sapiens,NA
GCF_031826835.1_ASM3182683v1,Homo sapiens,blood
GCF_020695625.1_ASM2069562v1,Homo sapiens,nose swab
GCF_024346755.1_ASM2434675v1,NA,NA
GCF_002078915.2_ASM207891v2,NA,Dairy fermentation
GCF_014250335.1_ASM1425033v1,Homo sapiens,blood
GCF_030014085.1_ASM3001408v1,Camelus dromedarius,Nose
GCF_036273895.1_ASM3627389v1,Pig,NA
GCF_017310365.1_ASM1731036v1,Homo sapiens,urine
GCF_003227955.1_ASM322795v1,NA,Animal hide
GCF_025258665.1_ASM2525866v1,Homo sapiens,blood
GCF_003030205.1_ASM303020v1,NA,NA
GCF_004138605.1_ASM413860v1,Homo sapiens,NA
GCF_022405235.1_ASM2240523v1,Homo sapiens,NA
GCF_000009345.1_ASM934v1,NA,NA
GCF_000319105.1_ASM31910v1,NA,NA
GCF_017301255.1_ASM1730125v1,NA,Clone isolated from the evolution experiment described in Ketola et al. 2013 (doi: 10.1111/evo.12148)
GCF_012974825.1_ASM1297482v1,Homo sapiens,sperm
GCF_003068025.2_ASM306802v2,NA,Pond
GCF_016728645.1_ASM1672864v1,NA,NA
GCF_010450875.1_ASM1045087v1,NA,soil
GCF_037225585.1_ASM3722558v1,Homo sapiens,bloodstream
GCF_000953695.1_AWOD1,NA,NA
GCF_028622335.1_ASM2862233v1,Columba livia,NA
GCF_025643635.1_ASM2564363v1,NA,Dairy farm
GCF_905335825.2_AN2340v1_cp,Homo sapiens,Hospital de Parla (Madrid)
GCF_033128205.1_ASM3312820v1,NA,soil
GCF_009664535.1_ASM966453v1,Homo sapiens,NA
GCF_007814625.1_ASM781462v1,NA,Milker's hand
GCF_002082155.1_ASM208215v1,Apis mellifera,NA
GCF_037482275.1_ASM3748227v1,Medicago sativa,NA
GCF_022919335.1_ASM2291933v1,NA,air
GCF_040822445.1_UPH_Lacticaseibacillus_paracasei_subsp._paracasei_BS2-PB5,Homo sapiens,breast milk
GCF_030435935.1_ASM3043593v1,NA,Fence
GCF_013739375.1_ASM1373937v1,NA,Wastewater effluent sample
GCF_020616155.1_ASM2061615v1,Xenopus laevis,swab of adult female 2 skin
GCF_030179475.1_ASM3017947v1,Homo sapiens,swab
GCF_002393365.1_ASM239336v1,Homo sapiens,human
GCF_035621535.1_ASM3562153v1,Homo sapiens,blood
GCF_022819425.1_ASM2281942v1,Bos taurus,urine
GCF_030013865.1_ASM3001386v1,Sus scrofa,feces
GCF_033249725.1_ASM3324972v1,Chicken,NA
GCF_002180335.1_ASM218033v1,NA,rock biofilm and bottom sediments
GCF_006364355.1_ASM636435v1,NIST Mixed Microbial RM strain,ATCC Isolate
GCF_010586925.1_ASM1058692v1,NA,NA
GCF_039784855.1_STCNRZ1202_assembly,NA,Dairy
GCF_024758685.1_ASM2475868v1,rodent,NA
GCF_013255765.1_ASM1325576v1,Chicken,intestines
GCF_004104525.2_ASM410452v2,NA,Coffee Cup
GCF_001951095.1_ASM195109v1,Homo sapiens,infant saliva
GCF_025808295.1_ASM2580829v1,NA,Chicken meat
GCF_022353525.1_ASM2235352v1,NA,Shatin WWTPs_9 WWTPs effluent
GCF_000400875.1_ASM40087v1,NA,NA
GCF_028657905.1_ASM2865790v1,NA,soil sample
GCF_002356675.1_ASM235667v1,Homo sapiens,blood
GCF_022820045.1_ASM2282004v1,Bos taurus,urine
GCF_022760275.1_ASM2276027v1,NA,water
GCF_016939735.1_ASM1693973v1,Homo sapiens,sputum
GCF_002334625.1_ASM233462v1,Homo sapiens,blood
GCF_014490015.1_ASM1449001v1,Homo sapiens,clinical
GCF_002355615.1_ASM235561v1,NA,cotton
GCF_000203835.1_ASM20383v1,NA,NA
GCF_022984195.1_ASM2298419v1,NA,ENVO:00002228
GCF_013790835.1_ASM1379083v1,NA,Wastewater influent sample
GCF_023716465.1_ASM2371646v1,Galaxea fascicularis,ENVO:00000150
GCF_000009885.1_ASM988v1,NA,isolated from blood of a patient with liver abscess and meningitis
GCF_001022295.1_ASM102229v1,Homo sapiens,Perirectal
GCF_025979885.1_ASM2597988v1,NA,soil sample
GCF_022439585.1_ASM2243958v1,Canis lupus familiaris,Wound fluid
GCF_001281315.1_ASM128131v1,NA,stream water
GCF_017299435.1_ASM1729943v1,NA,Clone isolated from the evolution experiment described in Ketola et al. 2013 (doi: 10.1111/evo.12148)
GCF_029636225.1_ASM2963622v1,NA,NA
GCF_013284455.2_ASM1328445v2,NA,soil from tomato plant roots
GCF_038396565.1_ASM3839656v1,NA,river water
GCF_011742505.2_ASM1174250v2,Homo sapiens,blood
GCF_003019965.1_ASM301996v1,Homo sapiens,Cystic fibrosis patient
GCF_004101505.1_ASM410150v1,NA,food
GCF_024917515.1_ASM2491751v1,Homo sapiens,blood
GCF_008728215.1_ASM872821v1,NA,soil core
GCF_022879815.1_ASM2287981v1,Anasa tristis,NA
GCF_040377535.1_WHO_K_2024,Homo sapiens,Urogenital
GCF_028735915.1_ASM2873591v1,Vitis vinifera,NA
GCF_027944855.1_ASM2794485v1,NA,ICU patient rectal swab
GCF_022220405.1_ASM2222040v1,NA,river water
GCF_903993025.2_AI2766v1_cp,Homo sapiens,Hospital Univeristario de Bellvitge (Barcelona)
GCF_006228525.1_ASM622852v1,Punica granatum,leaf
GCF_014697215.1_ASM1469721v1,NA,soil
GCF_030347215.1_ASM3034721v1,Gallus gallus,liver
GCF_022811825.1_ASM2281182v1,NA,NA
GCF_000259275.1_ASM25927v1,Leucopleurus acutus,stomach of wild stranded animal
GCF_024206775.1_ASM2420677v1,NA,Marine sediment [ENVO:03000033]
GCF_037541525.1_ASM3754152v1,Homo sapiens,NA
GCF_017161485.1_ASM1716148v1,chicken,chicken-internal organs from poultry farm
GCF_020526025.1_ASM2052602v1,Homo sapiens,blood
GCF_016772395.1_ASM1677239v1,NA,Organic soil
GCF_036352235.1_ASM3635223v1,Homo sapiens,sonicate fluid from explanted prosthetic implant; 44 yr old female patient with hip implant
GCF_030845815.1_ASM3084581v1,Homo sapiens,Surveillance
GCF_003991015.1_ASM399101v1,Homo sapiens,anterior nares
GCF_016629585.1_ASM1662958v1,NA,NA
GCF_030347075.1_ASM3034707v1,Gallus gallus,liver
GCF_028892765.1_ASM2889276v1,Bos taurus,Feces from pen
GCF_038115185.1_BSN170,Homo sapiens,blood
GCF_028421465.1_ASM2842146v1,NA,soil
GCF_036884545.1_ASM3688454v1,Homo sapiens,stool
GCF_900066015.1_Cfx-K,NA,Activated sludge biomass
GCF_000454045.1_ASM45404v1,NA,NA
GCF_024733955.1_ASM2473395v1,NA,homemade natto
GCF_018742285.1_ASM1874228v1,NA,soil
GCF_022220665.1_ASM2222066v1,NA,NA
GCF_030169195.1_ASM3016919v1,NA,chicken feces
GCF_000235565.1_ASM23556v1,NA,NA
GCF_023650875.1_ASM2365087v1,environment,farmer market
GCF_001042715.1_ASM104271v1,NA,NA
GCF_030505295.1_ASM3050529v1,NA,soybean rhizosphere
GCF_019971035.1_ASM1997103v1,NA,NA
GCF_022846215.1_ASM2284621v1,Homo sapiens,NA
GCF_030062705.1_ASM3006270v1,NA,Oil-contaminated soil
GCF_002140115.1_ASM214011v1,NA,pork
GCF_023921225.1_ASM2392122v1,Acanthamoeba castellanii,NA
GCF_018986835.1_ASM1898683v1,NA,flour
GCF_038396705.1_ASM3839670v1,NA,river water
GCF_020809245.1_ASM2080924v1,NA,Biopesticide XenTari
GCF_020097195.1_ASM2009719v1,NA,NA
GCF_024917775.1_ASM2491777v1,Homo sapiens,blood
GCF_026073415.1_ASM2607341v1,Homo sapiens,NA
GCF_001612555.1_ASM161255v1,NA,frozen soil
GCF_024701375.2_ASM2470137v2,NA,soil sample
GCF_040105085.1_ASM4010508v1,pear,flower of fragrant pear
GCF_016939555.1_ASM1693955v1,Homo sapiens,Sputum-aspirate
GCF_027594885.1_ASM2759488v1,Homo sapiens,NA
GCF_022368815.1_ASM2236881v1,NA,Manis javanica
GCF_023716605.1_ASM2371660v1,Galaxea fascicularis,ENVO:00000150
GCF_035609205.1_ASM3560920v1,NA,Crepidiastrum sonchifolium
GCF_002209105.2_ASM220910v2,Homo sapiens,Stool
GCF_034438375.1_ASM3443837v1,Homo sapiens,central venous blood
GCF_035225465.1_ASM3522546v1,Homo sapiens,Peritoneal diaylsis
GCF_003018555.1_ASM301855v1,Homo sapiens,stool
GCF_022353745.1_ASM2235374v1,NA,Shatin WWTPs_87 WWTPs influent
GCF_029338355.1_ASM2933835v1,NA,coastal saline-alkali land
GCF_964198995.1_Zagreb035_hybrid_assembly.fa.gz,Homo sapiens,clinical material
GCF_024637975.1_ASM2463797v1,Homo sapiens,NA
GCF_020544545.1_ASM2054454v1,Mangifera indica,NA
GCF_030515515.1_ASM3051551v1,Homo sapiens,blood
GCF_022405205.1_ASM2240520v1,Homo sapiens,NA
GCF_004006055.1_ASM400605v1,Homo sapiens,rectal swab
GCF_021498285.1_ASM2149828v1,NA,potato rhizosphere
GCF_037081995.1_ASM3708199v1,NA,Hospital Wastewater
GCF_009739715.1_ASM973971v1,Homo sapiens,blood
GCF_013374235.2_ASM1337423v2,Homo sapiens,human blood
GCF_020405185.1_ASM2040518v1,NA,gobi saline soil
GCF_019428785.1_ASM1942878v1,NA,chicken
GCF_013591455.1_ASM1359145v1,NA,Pooled pig faecal samples collected from floor of farm
GCF_904863445.1_MSB1_9D,Homo sapiens,rectal swab
GCF_003186535.1_ASM318653v1,Homo sapiens,urine
GCF_001549875.1_ASM154987v1,Homo sapiens,NA
GCF_040739365.1_DSM6717,Homo sapiens,healthy human skin
GCF_039705005.1_ASM3970500v1,Homo sapiens,urine
GCF_905232425.2_AI2616v1_cp,Homo sapiens,Complejo Asistencial Universitario de Salamanca (Salamanca)
GCF_028622155.1_ASM2862215v1,Homo sapiens,urine
GCF_003950015.1_ASM395001v1,Homo sapiens,urine
GCF_028224955.1_ASM2822495v1,Homo sapiens,sputum
GCF_002218245.1_ASM221824v1,Cowpea,NA
GCF_003186125.1_ASM318612v1,Bos taurus,milk
GCF_032463405.1_ASM3246340v1,NA,Pig ear pet treat
GCF_023169585.1_ASM2316958v1,Homo sapiens,urine
GCF_036884775.1_ASM3688477v1,Homo sapiens,stool
GCF_016889605.1_ASM1688960v1,Homo sapiens,NA
GCF_023374735.1_ASM2337473v1,Homo sapiens,NA
GCF_001566655.1_ASM156665v1,Homo sapiens,NA
GCF_030347245.1_ASM3034724v1,Homo sapiens,Patient
GCF_025884155.1_ASM2588415v1,Homo sapiens,sputum
GCF_021655845.1_ASM2165584v1,goose,Epidemic materials
GCF_025920085.1_ASM2592008v1,Homo sapiens,sputum
GCF_014725815.1_ASM1472581v1,NA,Kombucha SCOBY
GCF_009295925.1_ASM929592v1,Marmota baibacina,NA
GCF_018138085.1_ASM1813808v1,NA,water
GCF_004353385.2_CRIE_YEK76v5,Homo sapiens,patient's blood plasma
GCF_003855315.1_ASM385531v1,Homo sapiens,Blood
GCF_001921965.1_ASM192196v1,NA,NA
GCF_003052045.1_ASM305204v1,NA,NA
GCF_038396535.1_ASM3839653v1,NA,municipal wastewater
GCF_029581115.1_ASM2958111v1,NA,fresh milk
GCF_016804325.1_ASM1680432v1,Prosopis cineraria,nodule
GCF_002192315.1_ASM219231v1,NA,NA
GCF_026073625.1_ASM2607362v1,Homo sapiens,urine
GCF_037101415.1_ASM3710141v1,Homo sapiens,bile
GCF_019443805.1_ASM1944380v1,Turbo,NA
GCF_001922085.1_ASM192208v1,Citrus hystrix,citrus leaf
GCF_002947845.1_ASM294784v1,NA,NA
GCF_021497605.1_ASM2149760v1,swine,NA
GCF_030062535.1_ASM3006253v1,NA,NA
GCF_016904435.1_ASM1690443v1,Homo sapiens,NA
GCF_003325735.1_ASM332573v1,Homo sapiens,cerebrospinal fluid
GCF_010993845.2_ASM1099384v2,dog,NA
GCF_006965505.1_ASM696550v1,Homo sapiens,NA
GCF_000725405.1_ASM72540v1,NA,hot spring
GCF_022558845.1_ASM2255884v1,Homo sapiens,urine
GCF_018336835.1_ASM1833683v1,Homo sapiens,sputum
GCF_029854535.1_ASM2985453v1,Homo sapiens,Bronchoalveolar Lavage Fluid
GCF_003710185.1_ASM371018v1,Homo sapiens,patient in 2006 peanut associated outbreak
GCF_008831325.1_ASM883132v1,Homo sapiens,Oral cavity
GCF_000832505.1_ASM83250v1,pig,NA
GCF_010917815.1_ASM1091781v1,goose,stool
GCF_023361135.1_ASM2336113v1,Homo sapiens,balf
GCF_013403565.1_ASM1340356v1,Anemina arcaeformis,NA
GCF_003703795.1_ASM370379v1,chicken,stool
GCF_000331715.1_ASM33171v1,NA,NA
GCF_028226055.1_ASM2822605v1,Homo sapiens,sputum
GCF_038024725.1_WGS_using_MinION_R10.4.1_of_Staphylococcus_aureus_TUM22741,Homo sapiens,NA
GCF_028219835.1_ASM2821983v1,Homo sapiens,sputum
GCF_900095295.1_MCBB,NA,biogas sludge
GCF_000013905.1_ASM1390v1,NA,NA
GCF_022759645.1_ASM2275964v1,Homo sapiens,NA
GCF_030166515.1_ASM3016651v1,NA,water
GCF_001294645.1_ASM129464v1,Apterostigma,Exoskeleton of ant
GCF_030168515.1_ASM3016851v1,Homo sapiens,intestinal mucosa
GCF_002224465.1_ASM222446v1,Homo sapiens,NA
GCF_039640475.1_YP_177,Marmota baibacina,NA
GCF_023612415.1_ASM2361241v1,NA,Outdoors environment of a veterinary clinic
GCF_000164885.1_ASM16488v1,NA,NA
GCF_003667725.1_ASM366772v1,Prunus sp.,NA
GCF_000024725.1_ASM2472v1,NA,NA
GCF_004216475.1_ASM421647v1,NA,Water
GCF_040736665.1_Sc1365754,Homo sapiens,tissue
GCF_001703535.1_ASM170353v1,NA,poultry meat
GCF_000961375.1_ASM96137v1,Citrus sinensis,citrus infected tissue
GCF_029691935.1_ASM2969193v1,Homo sapiens,Forehead
GCF_023066645.1_ASM2306664v1,Homo sapiens,NA
GCF_013615435.1_ASM1361543v1,NA,Wastewater effluent sample
GCF_001941565.1_ASM194156v1,Phoca vitulina,nasal cavity of common seals (Phoca vitulina)
GCF_001022115.1_ASM102211v1,Homo sapiens,Urine/Genitourinary
GCF_029814235.1_ASM2981423v1,Homo sapiens,feces
GCF_002251025.2_ASM225102v2,NA,Mashed potatoes
GCF_036865735.1_ASM3686573v1,Triticum aestivum 'Kvium',Flag leaf of wheat
GCF_021138035.1_ASM2113803v1,Homo sapiens,NA
GCF_018283575.2_ASM1828357v2,Homo sapiens,intestine
GCF_023658425.1_ASM2365842v1,Canis lupus familiaris,NA
GCF_004367585.1_ASM436758v1,NA,Antarctica: Sea off King George Island
GCF_024172665.1_ASM2417266v1,NA,starter culture
GCF_030238725.2_HCMUS_Vpara_1,Penaeus vannamei,NA
GCF_000015845.1_ASM1584v1,NA,NA
GCF_009661105.2_ASM966110v2,Homo sapiens,sputum
GCF_016406285.1_ASM1640628v1,Medicago lupulina L.,NA
GCF_037771175.1_ASM3777117v1,Homo sapiens,NA
GCF_030295645.1_ASM3029564v1,Homo sapiens,feces
GCF_024138435.1_ASM2413843v1,Homo sapiens,endotracheal aspirate
GCF_022221085.1_ASM2222108v1,cow,cow carcass
GCF_025369975.1_ASM2536997v1,NA,cheese
GCF_031597775.1_ASM3159777v1,bumble bee,NA
GCF_008728195.1_ASM872819v1,NA,NA
GCF_014075335.1_ASM1407533v1,broiler chicken,NA
GCF_030168775.1_ASM3016877v1,bovine,NA
GCF_034132705.1_ASM3413270v1,Homo sapiens,swab
GCF_021730085.1_ASM2173008v1,Penaeus vannamei,NA
GCF_017310305.1_ASM1731030v1,Homo sapiens,blood
GCF_009728755.1_ASM972875v1,Homo sapiens,83-year-old man
GCF_022405255.1_ASM2240525v1,Homo sapiens,NA
GCF_000214785.1_ASM21478v1,NA,NA
GCF_012974845.1_ASM1297484v1,Canis lupus familiaris,urine
GCF_024918195.1_ASM2491819v1,Homo sapiens,blood
GCF_014250355.1_ASM1425035v1,Homo sapiens,blood
GCF_001414055.1_ASM141405v1,NA,pond water
GCF_024346735.1_ASM2434673v1,Homo sapiens,sputum
GCF_002119505.2_ASM211950v2,Syngnathus typhle,Kiel Fjord
GCF_030437035.1_ASM3043703v1,NA,NA
GCF_030369975.1_ASM3036997v1,NA,kimchi
GCF_033807435.1_ASM3380743v1,NA,sputum
GCF_025639885.1_ASM2563988v1,NA,Arctic seawater
GCF_014169895.1_ASM1416989v1,NA,sea water
GCF_003194285.1_ASM319428v1,Homo sapiens,urine
GCF_013030055.1_ASM1303005v1,NA,NA
GCF_029910215.1_ASM2991021v1,lichen,soil
GCF_024507855.1_ASM2450785v1,NA,NA
GCF_029581375.1_ASM2958137v1,NA,Alkaline Spring
GCF_035974335.1_ASM3597433v1,NA,NA
GCF_021228815.1_ASM2122881v1,Homo sapiens,urine
GCF_000968195.1_ASM96819v1,NA,NA
GCF_001767235.1_ASM176723v1,NA,shallow tropical waters; normally from coral reef substrate
GCF_024759205.1_ASM2475920v1,Homo sapiens,NA
GCF_030324195.1_ASM3032419v1,NA,Patient
GCF_016904655.1_ASM1690465v1,Homo sapiens,NA
GCF_009759685.1_ASM975968v1,Homo sapiens,NA
GCF_003286955.1_ASM328695v1,NA,kimchi
GCF_012272715.1_ASM1227271v1,Homo sapiens,Bronchoalveolar lavage fluid
GCF_002285675.1_ASM228567v1,Homo sapiens,NA
GCF_025984425.1_ASM2598442v1,Bovine,NA
GCF_900698985.1_ErCipseudotsugae_Palmer_v1.0,Cinara pseudotsugae,host's whole body
GCF_000011525.1_ASM1152v1,NA,NA
GCF_023330705.1_ASM2333070v1,Homo sapiens,stool
GCF_002854065.1_ASM285406v1,NA,clinical patient
GCF_002951775.1_ASM295177v1,chicken,stool
GCF_033129685.1_ASM3312968v1,Homo sapiens,feces
GCF_009931255.1_ASM993125v1,Lespedeza cuneata,nodule
GCF_013416105.1_ASM1341610v1,Felis catus,urine
GCF_018884445.1_ASM1888444v1,NA,NA
GCF_002953335.1_ASM295333v1,Homo sapiens,Blister
GCF_025600175.2_ASM2560017v2,Sus scrofa domesticus,feces
GCF_038396505.1_ASM3839650v1,NA,hospital wastewater
GCF_024917575.1_ASM2491757v1,Homo sapiens,blood
GCF_020099395.1_ASM2009939v1,NA,soil
GCF_040370005.1_ASM4037000v1,Homo sapiens,NA
GCF_022760215.1_ASM2276021v1,NA,cerebrospinal fluid
GCF_026625445.1_ASM2662544v1,NA,environmental
GCF_016939755.1_ASM1693975v1,Homo sapiens,pressure ulcer swab
GCF_013781965.1_ASM1378196v1,NA,Wastewater effluent sample
GCF_000344475.3_ASM34447v3,Actinidia,NA
GCF_000828775.1_ASM82877v1,NA,NA
GCF_000336405.1_ASM33640v1,NA,milk and dairy utensils
GCF_030296995.1_ASM3029699v1,NA,NA
GCF_003856575.1_ASM385657v1,Homo sapiens,feces
GCF_001280325.1_ASM128032v1,Homo sapiens,patient blood
GCF_013750595.1_ASM1375059v1,NA,Wastewater influent sample
GCF_022811845.1_ASM2281184v1,NA,Zoo wolf area soil
GCF_024206715.1_ASM2420671v1,Homo sapiens,blood
GCF_008042015.2_ASM804201v2,Homo sapiens,stool
GCF_040040785.1_SF018-069,Homo sapiens,NA
GCF_002749655.1_ASM274965v1,NA,NA
GCF_040380425.1_WHO_H_2024,Homo sapiens,Urogenital
GCF_023078395.1_ASM2307839v1,NA,meat
GCF_003018955.1_ASM301895v1,Homo sapiens,stool
GCF_003030185.1_ASM303018v1,NA,NA
GCF_033252145.1_ASM3325214v1,Homo sapiens,blood
GCF_001412695.1_ASM141269v1,NA,laboratory
GCF_027359675.1_ASM2735967v1,Symbiodiniaceae,seawater
GCF_017603845.1_ASM1760384v1,catalpa,NA
GCF_013792365.1_ASM1379236v1,NA,Freshwater sample from downstream of wastewater treatment plant
GCF_027944835.1_ASM2794483v1,NA,ICU patient rectal swab
GCF_003571665.1_ASM357166v1,NA,NA
GCF_029958925.1_ASM2995892v1,NA,sediment
GCF_002761095.1_ASM276109v1,NA,Human
GCF_030435955.1_ASM3043595v1,NA,Chicken meats
GCF_019931755.1_ASM1993175v1,NA,water from a container for water evaporation
GCF_019243485.1_ASM1924348v1,NA,cheese
GCF_022819445.1_ASM2281944v1,Bos taurus,urine
GCF_025559945.1_ASM2555994v1,walnut,crown gall
GCF_014905135.1_ASM1490513v1,NA,hydrothermal vent polychaetes
GCF_035621555.1_ASM3562155v1,Homo sapiens,NA
GCF_902509535.1_Se_BPH0711,NA,clinical
GCF_028622355.1_ASM2862235v1,Anser,NA
GCF_003325135.1_ASM332513v1,NA,NA
GCF_027942435.1_ASM2794243v1,NA,Ganjang
GCF_016726625.1_ASM1672662v1,NA,NA
GCF_035658455.1_ASM3565845v1,Homo sapiens,mid-stream urine
GCF_003354965.1_ASM335496v1,Homo sapiens,Foci
GCF_019355815.1_ASM1935581v1,Himalayan blackberry,NA
GCF_007998065.1_ASM799806v1,Sus scrofa domesticus,NA
GCF_002968475.1_ASM296847v1,NA,NA
GCF_033128265.1_ASM3312826v1,NA,soil
GCF_001558735.2_ASM155873v2,Homo sapiens,Wound swab
GCF_904866225.1_MSB1_8G,Homo sapiens,rectal swab
GCF_000829395.1_ASM82939v1,NA,NA
GCF_003855515.1_ASM385551v1,Homo sapiens,NA
GCF_022353545.1_ASM2235354v1,NA,Shatin WWTPs_24 WWTPs effluent
GCF_900217235.1_DPRO_PRJEB22548_v1,NA,NA
GCF_029338155.1_ASM2933815v1,NA,NA
GCF_028657965.1_ASM2865796v1,NA,marine mud
GCF_029542165.1_ASM2954216v1,NA,natural water sources close by farm or community
GCF_002943545.1_ASM294354v1,NA,brine of stinky tofu
GCF_023573105.1_ASM2357310v1,Avian,NA
GCF_029580795.1_ASM2958079v1,NA,Hospital wastewater
GCF_010586945.1_ASM1058694v1,NA,NA
GCF_008124265.1_ASM812426v1,NA,mouse gut
GCF_030440365.1_ASM3044036v1,NA,NA
GCF_013892435.1_ASM1389243v1,NA,Pooled sheep faecal samples collected from floor of farm
GCF_010443215.1_ASM1044321v1,Bos taurus,NA
GCF_009930675.1_ASM993067v1,Homo sapiens,feces
GCF_036321465.1_ASM3632146v1,Homo sapiens,NA
GCF_030515575.1_ASM3051557v1,Homo sapiens,CSF
GCF_024637915.1_ASM2463791v1,Homo sapiens,NA
GCF_037482265.1_BSN155-2,Homo sapiens,blood
GCF_000195775.2_ASM19577v2,NA,NA
GCF_027563145.1_ASM2756314v1,NA,soil
GCF_032818495.1_ASM3281849v1,Homo sapiens,urine
GCF_036321605.1_ASM3632160v1,Cornus officinalis,NA
GCF_964199155.1_Zagreb009_hybrid_assembly.fa.gz,Homo sapiens,clinical material
GCF_900538085.1_D23580_liv,Homo sapiens,Blood of 26-month child with malaria and anemia
GCF_008931505.1_ASM893150v1,NA,ARJO bathroom
GCF_008195605.1_ASM819560v1,Homo sapiens,urine sample
GCF_040736585.1_Sc1516941,Homo sapiens,blood
GCF_003515165.1_ASM351516v1,Solanum tuberosum,Potato bacterial wilt
GCF_003032455.1_ASM303245v1,Homo sapiens,blood of an infant
GCF_029338335.1_ASM2933833v1,NA,sediment
GCF_001908595.1_ASM190859v1,Homo sapiens,tracheal secretion
GCF_029542305.1_ASM2954230v1,Homo sapiens,Caecal effluent
GCF_030406865.1_ASM3040686v1,NA,soil
GCF_025158995.1_ASM2515899v1,NA,apple
GCF_028622135.1_ASM2862213v1,Homo sapiens,Rectal Swab
GCF_001046095.2_ASM104609v2,Homo sapiens,NA
GCF_004101905.1_ASM410190v1,NA,NA
GCF_037831375.1_ASM3783137v1,Pig,NA
GCF_020450285.1_ASM2045028v1,NA,NA
GCF_023970615.1_ASM2397061v1,pig,NA
GCF_003193665.1_ASM319366v1,NA,NA
GCF_001417635.1_ASM141763v1,NA,beef liver
GCF_000327065.1_ASM32706v1,NA,not provided; submitted under MIGS 2.1
GCF_033546835.1_ASM3354683v1,NA,Crop
GCF_030445085.1_ASM3044508v1,NA,NA
GCF_003234255.2_ASM323425v2,NA,leaf litter
GCF_011039955.1_ASM1103995v1,NA,soil
GCF_025426135.1_ASM2542613v1,Homo sapiens,other
GCF_028222535.1_ASM2822253v1,Homo sapiens,sputum
GCF_013315715.1_ASM1331571v1,Homo sapiens,rectal swab from healthy college student
GCF_013923185.1_ASM1392318v1,NA,Pooled pig faecal samples collected from floor of farm
GCF_022220605.1_ASM2222060v1,NA,soil
GCF_023650815.1_ASM2365081v1,NA,sewage
GCF_018831385.1_ASM1883138v1,Phaseolus vulgaris,NA
GCF_030845875.1_ASM3084587v1,Homo sapiens,Surveillance
GCF_019797885.1_ASM1979788v1,Vitis,South Africa
GCF_030347015.1_ASM3034701v1,Gallus gallus,liver
GCF_028892705.1_ASM2889270v1,Bos taurus,Manila ropes placed above water tanks and feed bunks used as sampling devices
GCF_036352035.1_ASM3635203v1,Homo sapiens,bronchoalveolar lavage
GCF_000341395.1_ASM34139v1,NA,NA
GCF_031036315.1_ASM3103631v1,Homo sapiens,stool
GCF_016939535.1_ASM1693953v1,Homo sapiens,swab from around the abdominal drainage
GCF_009667745.1_ASM966774v1,NA,animal
GCF_003925855.2_ASM392585v2,NA,wastewater
GCF_008041975.1_ASM804197v1,NA,ocean sediment
GCF_034014575.1_ASM3401457v1,Canis lupus familiaris,nasal swab
GCF_022014755.1_ASM2201475v1,Homo sapiens,NA
GCF_035609265.1_ASM3560926v1,Homo sapiens,urine
GCF_022846275.1_ASM2284627v1,NA,hot spring water
GCF_001886415.1_ASM188641v1,NA,seawater
GCF_019971055.1_ASM1997105v1,NA,NA
GCF_025144525.1_ASM2514452v1,Homo sapiens,pus
GCF_002197225.1_ASM219722v1,NA,NA
GCF_023921245.1_ASM2392124v1,swine,NA
GCF_901457815.2_ASM90145781v2,NA,NA
GCF_018986855.1_ASM1898685v1,Glycine max,fermented soybean food: Bekang
GCF_032351815.1_ASM3235181v1,Homo sapiens,NA
GCF_034072545.1_ASM3407254v1,Homo sapiens,Peritoneal Dialysis Fluid
GCF_024917715.1_ASM2491771v1,Homo sapiens,blood
GCF_037024145.1_ASM3702414v1,Homo sapiens,NA
GCF_002157365.2_ASM215736v2,NA,sink handle in ICU Room in Military Hospital
GCF_023278185.1_ASM2327818v1,Glycine max,root nodules
GCF_003019115.1_ASM301911v1,NA,NA
GCF_033615035.1_ASM3361503v1,Homo sapiens,blood
GCF_010319905.2_ASM1031990v2,Homo sapiens,NA
GCF_031582985.1_ASM3158298v1,NA,diseased leaves of kiwifruit
GCF_002186515.2_ASM218651v2,Homo sapiens,blood
GCF_010231485.1_ASM1023148v1,NA,NA
GCF_000143435.1_ASM14343v1,NA,NA
GCF_001908675.1_ASM190867v1,Homo sapiens,abdominal drainage fluid
GCF_002240115.1_ASM224011v1,Homo sapiens,NA
GCF_016903415.1_ASM1690341v1,Homo sapiens,NA
GCF_000016325.1_ASM1632v1,NA,NA
GCF_000015045.1_ASM1504v1,NA,NA
GCF_025118435.1_ASM2511843v1,Homo sapiens,blood
GCF_009648715.1_ASM964871v1,NA,frozen raw shrimp
GCF_027886375.1_ASM2788637v1,Homo sapiens,Genital tract
GCF_000465235.1_ASM46523v1,NA,NA
GCF_017357425.1_ASM1735742v1,NA,Soil cores containing cogon grass roots
GCF_023008285.1_ASM2300828v1,Homo sapiens,feces
GCF_025983665.1_ASM2598366v1,Bovine,NA
GCF_029592185.1_ASM2959218v1,Homo sapiens,NA
GCF_964198635.1_Zagreb044_hybrid_assembly.fa.gz,Homo sapiens,clinical material
GCF_949786275.1_EC0880B_R4,NA,Derived from parental isolate EC0880B in laboratory.
GCF_026240755.1_ASM2624075v1,fish,NA
GCF_001941905.1_ASM194190v1,NA,Air
GCF_032928595.1_ASM3292859v1,NA,lettuce
GCF_030490385.1_ASM3049038v1,soil,NA
GCF_029541645.1_ASM2954164v1,Homo sapiens,NA
GCF_024584585.1_ASM2458458v1,NA,Mulberry blight tissue
GCF_006742205.1_ASM674220v1,NA,NA
GCF_008932115.1_ASM893211v1,Beta vulgaris,NA
GCF_020149465.1_ASM2014946v1,Homo sapiens,urine
GCF_003037005.2_ASM303700v2,Homo sapiens,NA
GCF_021266585.1_ASM2126658v1,Pig,NA
GCF_005537375.1_ASM553737v1,Homo sapiens,NA
GCF_025402795.1_ASM2540279v1,Homo sapiens,urine
GCF_013168155.1_ASM1316815v1,cattle,cattle feces
GCF_002156845.1_ASM215684v1,NA,fecal sample
GCF_016774555.1_ASM1677455v1,Angelica sinensis Dlies,NA
GCF_024266185.1_ASM2426618v1,Homo sapiens,stool
GCF_008245045.1_ASM824504v1,NA,Black-headed gull
GCF_006228345.1_ASM622834v1,Homo sapiens,stool
GCF_963924745.1_632_2023_Hybrid,NA,NA
GCF_005960425.1_ASM596042v1,Rabbit,NA
GCF_021485025.1_ASM2148502v1,Homo sapiens,Rectal swab
GCF_004010715.1_ASM401071v1,NA,Stool
GCF_963693385.1_EC7072022,Homo sapiens,human urine
GCF_015353095.1_ASM1535309v1,swine,Anal swab
GCF_028752555.1_ASM2875255v1,NA,soil
GCF_904865825.1_INF018,Homo sapiens,urine
GCF_003324975.1_ASM332497v1,NA,NA
GCF_008728475.1_ASM872847v1,Homo sapiens,Rectum
GCF_028215995.1_ASM2821599v1,Homo sapiens,NA
GCF_019977495.1_ASM1997749v1,Homo sapiens,NA
GCF_022559465.1_ASM2255946v1,Homo sapiens,feces
GCF_012049805.1_ASM1204980v1,chicken,Chicken product
GCF_000598005.1_ASM59800v1,Homo sapiens,urinary tract infection
GCF_024181005.1_ASM2418100v1,NA,chicken
GCF_023195735.1_ASM2319573v1,NA,Pacific Ocean
GCF_022699605.1_ASM2269960v1,NA,landfill soil
GCF_036898155.1_ASM3689815v1,Homo sapiens,urine
GCF_000328565.1_ASM32856v1,NA,NA
GCF_012051385.1_ASM1205138v1,Homo sapiens,Diarrheal patient
GCF_000698805.1_ASM69880v1,NA,NA
GCF_013146805.1_ASM1314680v1,Homo sapiens,NA
GCF_017743095.1_ASM1774309v1,Homo sapiens,sputum
GCF_022699465.1_ASM2269946v1,Felis catus,liver
GCF_023735815.1_ASM2373581v1,Homo sapiens,NA
GCF_029866825.1_ASM2986682v1,Crotalaria pallida,NA
GCF_001704235.1_ASM170423v1,Homo sapiens,Urine
GCF_037560265.1_ASM3756026v1,Chicken,NA
GCF_015160915.1_ASM1516091v1,silkworm,blood from silkworm suffering from septicemia
GCF_025853955.1_ASM2585395v1,Homo sapiens,skin
GCF_003856695.1_ASM385669v1,Homo sapiens,feces
GCF_001293145.1_ASM129314v1,Homo sapiens,feces
GCF_010365425.1_ASM1036542v1,NA,environment
GCF_001191565.1_ASM119156v1,NA,Koumiss
GCF_000184085.1_ASM18408v1,NA,NA
GCF_003717115.1_ASM371711v1,NA,NA
GCF_040027695.1_Lla1834_v1_all,NA,starter culture for cheese making
GCF_004848405.1_ASM484840v1,Homo sapiens,NA
GCF_036287645.1_ASM3628764v1,NA,seawater
GCF_016756555.1_ASM1675655v1,Lotus japonicus,NA
GCF_027627615.1_ASM2762761v1,NA,NA
GCF_016066025.1_ASM1606602v1,Homo sapiens,urine
GCF_002208255.1_ASM220825v1,NA,NA
GCF_022212945.1_ASM2221294v1,Homo sapiens,fecal sample
GCF_016888845.1_ASM1688884v1,Homo sapiens,blood
GCF_002196475.1_ASM219647v1,Homo sapiens,urine; urinary tract infection
GCF_028752735.1_ASM2875273v1,chicken,Tissue
GCF_003030265.1_ASM303026v1,NA,NA
GCF_020149605.1_ASM2014960v1,Homo sapiens,Pelvic abcsess
GCF_026626105.1_ASM2662610v1,NA,chicken
GCF_014931015.1_ASM1493101v1,pig,nasopharynx
GCF_023170045.1_ASM2317004v1,NA,human subcutaneous abscess
GCF_001576255.1_ASM157625v1,Homo sapiens,stool
GCF_012935105.1_ASM1293510v1,Homo sapiens,BAL
GCF_002982135.1_ASM298213v1,NA,brewery yeast
GCF_003571585.1_ASM357158v1,NA,NA
GCF_031228685.1_ASM3122868v1,Homo sapiens,NA
GCF_004138665.1_ASM413866v1,pneumoniae,cancer patient stool
GCF_016599695.1_ASM1659969v1,NA,soil
GCF_022350005.1_ASM2235000v1,broiler chickens,NA
GCF_018127945.1_ASM1812794v1,Homo sapiens,human oral cavity
GCF_037094555.1_ASM3709455v1,Homo sapiens,Ileum
GCF_009662395.1_ASM966239v1,NA,NA
GCF_001936195.1_ASM193619v1,NA,soil
GCF_003717895.1_ASM371789v1,NA,NA
GCF_025169495.2_ASM2516949v2,Homo sapiens,urethral swab
GCF_025946845.1_ASM2594684v1,Homo sapiens,Bronchoalveolar lavage fluid
GCF_029223885.1_ASM2922388v1,NA,Geum aleppicum
GCF_001559675.1_ASM155967v1,NA,laboratory
GCF_020268645.1_ASM2026864v1,goat,goat milk
GCF_024502345.1_ASM2450234v1,NA,disinfected tableware
GCF_030389775.1_ASM3038977v1,NA,NA
GCF_011045375.1_ASM1104537v1,Homo sapiens,NA
GCF_900698925.1_ErCicurvipes_v1.0,Cinara curvipes,host's whole body
GCF_030296155.1_ASM3029615v1,Sus scrofa,feces
GCF_001572745.1_ASM157274v1,Goat,Aborted placenta
GCF_000010265.1_ASM1026v1,NA,NA
GCF_022701055.1_ASM2270105v1,Homo sapiens,endotracheal aspirate
GCF_016812055.1_ASM1681205v1,Homo sapiens,sputum
GCF_037024325.1_ASM3702432v1,Homo sapiens,NA
GCF_039848575.1_ASM3984857v1,Homo sapiens,feces
GCF_013743755.1_ASM1374375v1,NA,Wastewater influent sample
GCF_036866025.1_ASM3686602v1,Triticum aestivum 'Kvium',Flag leaf of wheat
GCF_003018335.1_ASM301833v1,Homo sapiens,stool
GCF_003286735.3_Hybrid_assembly_2.0,Homo sapiens,NA
GCF_037477845.1_ASM3747784v1,NA,NA
GCF_022494155.1_ASM2249415v1,NA,Stanley WWTPs_36 WWTPs effluent
GCF_001078495.2_ASM107849v2,NA,Soil
GCF_008124185.1_ASM812418v1,NA,mouse gut
GCF_002892165.1_ASM289216v1,NA,zooplankton aquaculture
GCF_020412425.1_ASM2041242v1,NA,water
GCF_040373035.1_WHO_Q_2024,Homo sapiens,Urogenital
GCF_023923185.1_ASM2392318v1,Human skin,NA
GCF_005160405.1_ASM516040v1,Homo sapiens,NA
GCF_008824185.1_ASM882418v1,NA,denitrifying; sulfide-oxidizing effluent-treatment plant
GCF_029224065.1_ASM2922406v1,bovine,NA
GCF_021559675.1_ASM2155967v1,NA,plant
GCF_900183985.1_NBC2815.1,NA,NA
GCF_009648895.1_ASM964889v1,NA,NA
GCF_000833275.1_ASM83327v1,Homo sapiens,human skin
GCF_023373725.1_ASM2337372v1,Homo sapiens,NA
GCF_004101565.1_ASM410156v1,NA,food
GCF_022807955.1_ASM2280795v1,NA,soil in South China Botanical Garden
GCF_019904295.1_ASM1990429v1,Galaxea fascicularis,ENVO:00000150
GCF_029917065.1_ASM2991706v1,Homo sapiens,secretion
GCF_029167725.1_ASM2916772v1,Homo sapiens,blood
GCF_006228545.1_ASM622854v1,Punica granatum,NA
GCF_000203195.1_ASM20319v1,NA,human blood
GCF_039619335.1_ASM3961933v1,Homo sapiens,pleural aspirate
GCF_001563285.1_ASM156328v1,NA,NA
GCF_009950805.1_ASM995080v1,NA,Raw beef
GCF_004353465.2_CRIE_YEK17v5,Homo sapiens,patient's blood plasma
GCF_003031645.1_ASM303164v1,Homo sapiens,sputum
GCF_003268715.1_ASM326871v1,NA,cream products
GCF_011601005.2_ASM1160100v2,bovine,preputial wash
GCF_003711045.1_ASM371104v1,Homo sapiens,NA
GCF_016026715.1_ASM1602671v1,NA,NA
GCF_040114925.1_ASM4011492v1,Medicago sativa,NA
GCF_014169055.1_ASM1416905v1,NA,wastewater
GCF_035928225.1_ASM3592822v1,Bovine,NA
GCF_001008165.2_ASM100816v2,NA,North Atlantic Rise deep-sea sediment
GCF_001886875.1_ASM188687v1,NA,NA
GCF_017298875.1_ASM1729887v1,NA,Clone isolated from the evolution experiment described in Ketola et al. 2013 (doi: 10.1111/evo.12148)
GCF_020091505.1_ASM2009150v1,Homo sapiens,NA
GCF_002278035.1_ASM227803v1,NA,rhizosphere of potato
GCF_029674685.1_ASM2967468v1,Homo sapiens,bronchial secretion
GCF_028221045.1_ASM2822104v1,Homo sapiens,lavage fluid
GCF_029774195.1_ASM2977419v1,Homo sapiens,NA
GCF_009664555.1_ASM966455v1,Homo sapiens,NA
GCF_029011785.1_ASM2901178v1,Homo sapiens,vagina
GCF_013426715.1_ASM1342671v1,Vitis vinifera,sterilized root of grapevine nursary stock
GCF_037491285.1_ASM3749128v1,Homo sapiens,NA
GCF_021899455.1_ASM2189945v1,Homo sapiens,NA
GCF_022670815.1_ASM2267081v1,NA,NA
GCF_022354565.1_ASM2235456v1,NA,Shek Wu Hui WWTPs_111 WWTPs influent
GCF_000018765.1_ASM1876v1,NA,NA
GCF_037498835.1_ASM3749883v1,Homo sapiens,NA
GCF_000463055.1_ASM46305v1,NA,NA
GCF_001952915.1_ASM195291v1,Homo sapiens,NA
GCF_001448485.2_ASM144848v2,Gallus gallus,cecal content
GCF_022869565.1_ASM2286956v1,NA,NA
GCF_003515485.1_ASM351548v1,Solanum tuberosum,Potato bacterial wilt
GCF_000834775.1_ASM83477v1,Human (male; 4.5 yrs),Clinical Sample
GCF_040008285.1_ASM4000828v1,NA,NA
GCF_019175365.1_ASM1917536v1,NA,soil
GCF_000234825.3_ASM23482v3,NA,NA
GCF_021497365.2_ASM2149736v2,Homo sapiens,sputum
GCF_024494525.1_ASM2449452v1,Homo sapiens,NA
GCF_022117535.1_ASM2211753v1,strawberry,crown rot
GCF_001610775.1_ASM161077v1,NA,E-waste recycling site
GCF_001698185.1_ASM169818v1,mouse-C57Bl/6J,Bronchal aveolar lavage fluid mouse #1
GCF_036287415.1_ASM3628741v1,Homo sapiens,blood
GCF_019048725.1_ASM1904872v1,NA,NA
GCF_023703895.1_ASM2370389v1,Pteropus poliocephalus,NA
GCF_013890595.1_ASM1389059v1,NA,Pooled cattle faecal samples collected from floor of farm
GCF_003018535.1_ASM301853v1,NA,Stool
GCF_022024315.1_ASM2202431v1,Homo sapiens,urine
GCF_017795485.1_ASM1779548v1,Canis lupus familiaris,Skin swab
GCF_002024845.1_ASM202484v1,NA,environment
GCF_028743635.1_ASM2874363v1,Homo sapiens,NA
GCF_028335585.1_ASM2833558v1,Bos taurus,fecal sample
GCF_937425535.1_Rhodovastum_atsumiense_G2-11,NA,NA
GCF_025677745.1_ASM2567774v1,Homo sapiens,blood
GCF_037941545.1_ASM3794154v1,Homo sapiens,NA
GCF_004006035.1_ASM400603v1,Homo sapiens,blood
GCF_016925315.1_ASM1692531v1,Homo sapiens,blood
GCF_014075995.1_ASM1407599v1,NA,rhizospheric soil
GCF_001951075.2_ASM195107v2,Homo sapiens,infant saliva
GCF_001514395.1_ASM151439v1,Oncorhynchus mykiss,kidney
GCF_009739775.1_ASM973977v1,Homo sapiens,blood
GCF_036584055.1_ASM3658405v1,NA,Salt lake
GCF_013122155.1_ASM1312215v1,Drosophila melanogaster,NA
GCF_008327825.1_ASM832782v1,NA,Gingivitis
GCF_002082625.2_ASM208262v2,Homo sapiens,sputum
GCF_037219465.1_BSN102-2_Contigs,Homo sapiens,blood
GCF_040112745.1_ASM4011274v1,NA,NA
GCF_016593195.1_ASM1659319v1,NA,marine hydrothermal vent chimney
GCF_020887015.1_ASM2088701v1,NA,NA
GCF_022354705.1_ASM2235470v1,NA,Shek Wu Hui WWTPs_101 WWTPs influent
GCF_011331065.1_ASM1133106v1,Homo sapiens,blood
GCF_001922365.1_ASM192236v1,NA,NA
GCF_037949795.1_GXIMD2076,NA,conch meat
GCF_022921975.1_ASM2292197v1,Homo sapiens,gastric biopsy
GCF_002094995.1_ASM209499v1,turfgrass,soil
GCF_032598945.1_ASM3259894v1,NA,river sediment
GCF_019693235.1_ASM1969323v1,NA,soil
GCF_013791615.1_ASM1379161v1,NA,Wastewater influent sample
GCF_002761575.1_ASM276157v1,Homo sapiens,wound
GCF_028221225.1_ASM2822122v1,Homo sapiens,lavage fluid
GCF_021560075.1_ASM2156007v1,Homo sapiens,urine
GCF_001931575.1_ASM193157v1,NA,comminuted chicken
GCF_018292125.1_ASM1829212v1,Homo sapiens,feces
GCF_040366375.1_ASM4036637v1,NA,breast puncture fluid
GCF_009601765.2_ASM960176v2,NA,algae
GCF_034120115.1_ASM3412011v1,Homo sapiens,sputum
GCF_904066025.1_83,NA,Human
GCF_025143505.1_ASM2514350v1,NA,ENVO:00002034
GCF_963978465.1_SGC-23-001,Homo sapiens,NA
GCF_003030465.1_ASM303046v1,NA,Wastewater treatment plant
GCF_014076415.1_ASM1407641v1,NA,biofilm reactor
GCF_014169235.1_ASM1416923v1,NA,wastewater
GCF_021923065.1_ASM2192306v1,Tomato,Tomato seed
GCF_024123895.1_ASM2412389v1,Arabidopsis thaliana,leaf
GCF_012931605.1_ASM1293160v1,Homo sapiens,blood
GCF_037891815.1_ASM3789181v1,Salmo trutta,NA
GCF_013371685.1_ASM1337168v1,chicken,anqing
GCF_001598075.1_ASM159807v1,NA,Soil
GCF_030012645.1_ASM3001264v1,Sus scrofa,feces
GCF_037502555.1_ASM3750255v1,Homo sapiens,NA
GCF_025558705.1_ASM2555870v1,Camel,milk
GCF_012934785.1_ASM1293478v1,Homo sapiens,rectal swab from healthy college student
GCF_008152325.1_ASM815232v1,NA,hydrothermal vent
GCF_023373545.1_ASM2337354v1,Homo sapiens,NA
GCF_017086525.1_ASM1708652v1,NA,NA
GCF_014217625.1_ASM1421762v1,NA,soil
GCF_019900805.2_ASM1990080v2,Bovine,Mastitis-milk
GCF_037040815.1_ASM3704081v1,NA,marine sediment
GCF_039909185.1_ASM3990918v1,Sus scrofa domesticus,culture
GCF_028473745.1_ASM2847374v1,NA,Saloons Bayovar
GCF_037094565.1_ASM3709456v1,Homo sapiens,Sigmoid Colon
GCF_009387945.1_ASM938794v1,Homo sapiens,stool
GCF_014495905.1_ASM1449590v1,Homo sapiens,Blood culture
GCF_013393925.1_ASM1339392v1,Phaeoceros,NA
GCF_021441885.1_ASM2144188v1,Skeletonema costatum,ENVO:01000301
GCF_003798305.1_ASM379830v1,Homo sapiens,NA
GCF_028551235.1_ASM2855123v1,Sus scrofa,feces
GCF_002209165.2_ASM220916v2,Homo sapiens,clinical isolate
GCF_016942595.1_ASM1694259v1,NA,chicken meat
GCF_964036705.1_30602_1_109,NA,NA
GCF_009739965.1_ASM973996v1,Apostichopus japonicus,NA
GCF_023657835.1_ASM2365783v1,Canis lupus familiaris,NA
GCF_002024245.1_ASM202424v1,Homo sapiens,rectal swab
GCF_031887785.1_ASM3188778v1,Allium cepa,NA
GCF_029537195.1_ASM2953719v1,NA,human clinical specimen
GCF_009930995.1_ASM993099v1,Homo sapiens,Physical
GCF_034008165.1_ASM3400816v1,Homo sapiens,stool
GCF_020003145.1_ASM2000314v1,Homo sapiens,sinus pus
GCF_034119745.1_ASM3411974v1,NA,pork
GCF_023238485.1_ASM2323848v1,NA,NA
GCF_021397755.1_ASM2139775v1,Homo sapiens,MHB
GCF_002944845.1_ASM294484v1,Homo sapiens,NA
GCF_009892245.1_ASM989224v1,Homo sapiens,Peritoneal dialysis liquid
GCF_016774535.1_ASM1677453v1,NA,oral
GCF_013168135.1_ASM1316813v1,cattle,cattle feces
GCF_026016165.1_ASM2601616v1,Homo sapiens,NA
GCF_036158715.1_ASM3615871v1,NA,soil
GCF_002224405.1_ASM222440v1,chicken,NA
GCF_009649935.1_ASM964993v1,flower,flower shop
GCF_023547225.1_ASM2354722v1,Homo sapiens,bronchial
GCF_023805395.1_ASM2380539v1,NA,gracilaria
GCF_020525705.1_ASM2052570v1,Water (environment),NA
GCF_037523885.1_ASM3752388v1,Homo sapiens,NA
GCF_030863585.1_ASM3086358v1,Homo sapiens,blood
GCF_029278625.2_ASM2927862v2,broiler,liver
GCF_003667745.1_ASM366774v1,NA,Red Sea lagoons-Mangrove Mud
GCF_964199135.1_Zagreb002_hybrid_assembly.fa.gz,Homo sapiens,clinical material
GCF_024442335.1_ASM2444233v1,NA,soil
GCF_022559405.1_ASM2255940v1,Homo sapiens,feces
GCF_005889955.1_ASM588995v1,NA,NA
GCF_019703835.1_ASM1970383v1,NA,seawater
GCF_037997135.1_ASM3799713v1,Lateolabrax maculatus,NA
GCF_002109405.1_ASM210940v1,NA,Nuruk; Korean traditional beverage starter
GCF_039905885.1_ASM3990588v1,NA,yak yogurt
GCF_025152605.1_ASM2515260v1,NA,chicken
GCF_001566635.1_ASM156663v1,Homo sapiens,NA
GCF_016903475.1_ASM1690347v1,Homo sapiens,NA
GCF_025118455.1_ASM2511845v1,Homo sapiens,blood
GCF_022343805.1_ASM2234380v1,Homo sapiens,blood
GCF_004797155.2_ASM479715v2,NA,NA
GCF_021801725.1_ASM2180172v1,NA,terrestrial sediment
GCF_000934605.2_ASM93460v2,NA,uncultivated field soil
GCF_013799825.1_ASM1379982v1,NA,Pooled sheep faecal samples collected from floor of farm
GCF_003855375.1_ASM385537v1,Homo sapiens,rectum
GCF_001921905.1_ASM192190v1,NA,NA
GCF_003052025.1_ASM305202v1,NA,NA
GCF_022494355.1_ASM2249435v1,NA,Stanley WWTPs_17 WWTPs influent
GCF_002381325.1_ASM238132v1,NA,clam aquaculture
GCF_029713745.1_ASM2971374v1,Homo sapiens,NA
GCF_007012325.1_ASM701232v1,Homo sapiens,NA
GCF_009295945.1_ASM929594v1,Marmota sibirica,NA
GCF_026153295.1_ASM2615329v1,NA,T5 medium
GCF_002192375.1_ASM219237v1,NA,NA
GCF_020883515.1_ASM2088351v1,animal,chicken intestine
GCF_011405015.1_ASM1140501v1,NA,sea water
GCF_004328445.1_ASM432844v1,NA,Rice-wheat rotation soil
GCF_033558715.1_ASM3355871v1,NA,soil
GCF_029541625.1_ASM2954162v1,Padding,NA
GCF_025449315.1_ASM2544931v1,NA,feces of bat
GCF_000963835.1_ASM96383v1,Persea americana,avocado roots
GCF_017357445.1_ASM1735744v1,NA,Soil cores containing the root system of one maize plant
GCF_040736725.1_Sc1365750,Homo sapiens,blood
GCF_003233655.1_ASM323365v1,NA,Cow dung
GCF_915403165.1_2019-04-29291-1-1,Canis lupus familiaris,Intestine
GCF_964063375.1_Bacillus_pumilus_CIRM-BIA2784,NA,NA
GCF_003368325.1_ASM336832v1,NA,tea plantation soil
GCF_022870805.1_ASM2287080v1,NA,laboratory
GCF_028225725.1_ASM2822572v1,Homo sapiens,sputum
GCF_022453645.1_ASM2245364v1,Homo sapiens,urine
GCF_015218165.1_ASM1521816v1,Pig,feces
GCF_025946825.1_ASM2594682v1,Homo sapiens,NA
GCF_028370135.1_ASM2837013v1,Pelargonium,NA
GCF_000969945.1_ASM96994v1,NA,NA
GCF_025311435.1_ASM2531143v1,Homo sapiens,Carcass Rinse
GCF_020268625.1_ASM2026862v1,NA,chicken
GCF_030060695.1_ASM3006069v1,NA,Fish tissue
GCF_009738145.1_ASM973814v1,NA,pig manure
GCF_019930945.1_ASM1993094v1,NA,NA
GCF_003051945.2_ASM305194v2,Homo sapiens,NA
GCF_023516415.1_ASM2351641v1,NA,oil contaminated soil
GCF_037094535.1_ASM3709453v1,Homo sapiens,Colon
GCF_008728875.1_ASM872887v1,NA,Laboratory isolate
GCF_003945525.1_ASM394552v1,NA,soil
GCF_025449175.1_ASM2544917v1,NA,NA
GCF_030490185.1_ASM3049018v1,Homo sapiens,NA
GCF_001465675.1_ASM146567v1,Homo sapiens,unavailable
GCF_003323795.1_ASM332379v1,Drosophila melanogaster,NA
GCF_003665295.1_ASM366529v1,NA,Natto
GCF_030534055.1_ASM3053405v1,Homo sapiens,secretion
GCF_025399095.1_ASM2539909v1,NA,NA
GCF_034424565.1_ASM3442456v1,NA,NA
GCF_016725305.1_ASM1672530v1,NA,NA
GCF_037024345.1_ASM3702434v1,Homo sapiens,NA
GCF_000012225.1_ASM1222v1,Lactuca sativa,NA
GCF_002759155.2_ASM275915v2,Phaseolus vulgaris,NA
GCF_023278385.1_ASM2327838v1,NA,field land
GCF_036866045.1_ASM3686604v1,Triticum aestivum 'Kvium',Flag leaf of wheat
GCF_032843885.3_ASM3284388v3,Homo sapiens,Urinary sample
GCF_037477825.1_ASM3747782v1,NA,NA
GCF_022494135.1_ASM2249413v1,NA,Stanley WWTPs_35 WWTPs effluent
GCF_030847985.1_ASM3084798v1,Homo sapiens,rectal swab
GCF_030505835.1_ASM3050583v1,NA,chicken breast
GCF_008931365.1_ASM893136v1,NA,Room 7
GCF_022370935.1_ASM2237093v1,tomato,rhizosphere soil of stock
GCF_033170425.1_ASM3317042v1,Homo sapiens,sputum
GCF_038024985.1_WGS_using_MinION_R10.4.1_of_Staphylococcus_aureus_TUM22723,Homo sapiens,NA
GCF_030389715.1_ASM3038971v1,NA,NA
GCF_010918635.1_ASM1091863v1,goose,stool
GCF_964046945.1_30345_1_247,NA,NA
GCF_030296135.1_ASM3029613v1,Sus scrofa,feces
GCF_010231685.1_ASM1023168v1,NA,NA
GCF_016128235.1_ASM1612823v1,NA,NA
GCF_022701035.1_ASM2270103v1,Zoo anteater area soil,NA
GCF_025560585.1_ASM2556058v1,walnut,crown gall
GCF_002951715.1_ASM295171v1,Homo sapiens,urine
GCF_009931235.1_ASM993123v1,NA,Calf
GCF_016903615.1_ASM1690361v1,Homo sapiens,NA
GCF_003330805.1_ASM333080v1,NA,soil
GCF_003574925.1_ASM357492v1,NA,Chinese sausages
GCF_019793575.1_ASM1979357v1,NA,sludge from the aeration tanks of urban wastewater treatment plants
GCF_003184305.1_ASM318430v1,pig,feces
GCF_000010985.1_ASM1098v1,NA,NA
GCF_024442155.1_ASM2444215v1,NA,seawater
GCF_002197445.1_ASM219744v1,Medicago sativa,NA
GCF_024227055.1_ASM2422705v1,Gallus gallus domesticus,pooled poultry feces
GCF_031354175.1_ASM3135417v1,NA,chicken
GCF_025853935.1_ASM2585393v1,Homo sapiens,skin
GCF_002251045.2_ASM225104v2,NA,Mashed potatoes
GCF_023515995.1_ASM2351599v1,NA,Cave biofilm
GCF_001022175.1_ASM102217v1,Homo sapiens,Urine
GCF_010365445.1_ASM1036544v1,NA,environment
GCF_013307165.1_ASM1330716v1,Oryza sativa,NA
GCF_000021165.1_ASM2116v1,NA,NA
GCF_000022205.1_ASM2220v1,NA,NA
GCF_022982555.1_ASM2298255v1,Homo,Diversion fluid
GCF_030036875.1_ASM3003687v1,NA,environmental: river near WWTP effluent
GCF_029866845.1_ASM2986684v1,Solanum tuberosum L.,NA
GCF_023735875.1_ASM2373587v1,Homo sapiens,NA
GCF_020525565.1_ASM2052556v1,Soil (polluted),NA
GCF_001187845.1_ASM118784v1,NA,surface water of the southern North Sea
GCF_014931075.1_ASM1493107v1,Shellfish,NA
GCF_023170025.1_ASM2317002v1,Homo sapiens,NA
GCF_023704015.1_ASM2370401v1,Pteropus poliocephalus,NA
GCF_020149665.1_ASM2014966v1,Homo sapiens,blood
GCF_026626165.1_ASM2662616v1,NA,chicken
GCF_903960675.1_Streptococcus_thermophilus_CIRM_67,NA,lactic starter (for yogurt making)
GCF_037217515.1_BSN102_contigs,Homo sapiens,blood
GCF_012935165.1_ASM1293516v1,Homo sapiens,sputum
GCF_026639055.1_ASM2663905v1,NA,Chinese sauerkraut
GCF_001956815.1_ASM195681v1,NA,NA
GCF_036837415.1_ASM3683741v1,Oryza sativa,NA
GCF_036287625.1_ASM3628762v1,Homo sapiens,rectal swab
GCF_024266385.1_ASM2426638v1,Homo sapiens,stool
GCF_016756535.1_ASM1675653v1,Lotus japonicus,NA
GCF_902509495.1_Se_BPH0704,NA,clinical
GCF_002407245.1_ASM240724v1,NA,rotifer aquaculture
GCF_002243365.1_ASM224336v1,NA,root nodules
GCF_001021895.1_ASM102189v1,Homo sapiens,blood
GCF_006742785.1_ASM674278v1,NA,Surface compost
GCF_022212925.1_ASM2221292v1,Homo sapiens,fecal sample
GCF_002025065.1_ASM202506v1,Homo sapiens,rectal swab
GCF_024218835.1_ASM2421883v1,NA,Urban soil
GCF_020887215.1_ASM2088721v1,Homo sapiens,NA
GCF_003611275.1_ASM361127v1,calanoid copepod,water
GCF_038428225.1_ASM3842822v1,Homo sapiens,other
GCF_023277765.1_ASM2327776v1,NA,kimchi
GCF_022354505.1_ASM2235450v1,NA,nodule
GCF_002220715.1_ASM222071v1,Homo sapiens,University of Michigan Health System
GCF_000317575.1_ASM31757v1,NA,Pool at botanical garden; Havana; Cuba
GCF_004103535.1_ASM410353v1,NA,food
GCF_020736585.1_ASM2073658v1,Homo sapiens,NA
GCF_017298815.1_ASM1729881v1,NA,Clone isolated from the evolution experiment described in Ketola et al. 2013 (doi: 10.1111/evo.12148)
GCF_001027045.1_ASM102704v1,Homo sapiens,NA
GCF_033683345.1_ASM3368334v1,NA,hospital
GCF_003325155.1_ASM332515v1,NA,NA
GCF_020091565.1_ASM2009156v1,Homo sapiens,blood
GCF_001558755.2_ASM155875v2,Homo sapiens,Broviac blood
GCF_002968415.1_ASM296841v1,NA,bamboo forest soil
GCF_007998005.1_ASM799800v1,Sus scrofa domesticus,NA
GCF_028221025.1_ASM2822102v1,Homo sapiens,sputum
GCF_001664385.1_ASM166438v1,Phaseolus vulgaris,legume-root nodule
GCF_024125695.1_ASM2412569v1,NA,feces
GCF_016415025.1_ASM1641502v1,Homo sapiens,rectal swab
GCF_034448035.1_ASM3444803v1,Chicken,By products
GCF_037039575.1_Priestia_megaterium_MLY91,Nicotiana tabacum L.,Diseased tobacco leaves
GCF_021899435.1_ASM2189943v1,NA,NA
GCF_003354905.1_ASM335490v1,Homo sapiens,nares
GCF_020546685.1_ASM2054668v1,NA,NA
GCF_900015005.1_Lactobacillus_oligofermentans_LMG_22743_genome,NA,NA
GCF_040552425.1_ASM4055242v1,NA,hospital
GCF_019048745.1_ASM1904874v1,NA,NA
GCF_900088705.1_26872B01,NA,NA
GCF_013694285.1_ASM1369428v1,Homo sapiens,NA
GCF_036232385.1_ASM3623238v1,Homo sapiens,Cystic fibrosis human lung
GCF_003020005.1_ASM302000v1,NA,fermented milk
GCF_001932915.1_ASM193291v1,Oncorhynchus mykiss,Liver
GCF_015139375.1_ASM1513937v1,Homo sapiens,urethral catheter
GCF_013401495.1_ASM1340149v1,NA,NA
GCF_012045365.1_ASM1204536v1,NA,Fermented dairy products
GCF_027945475.1_ASM2794547v1,Homo sapiens,oral cavity
GCF_002950335.1_ASM295033v1,NA,NA
GCF_024494545.1_ASM2449454v1,Paralichthys olivaceus,Estuarine water
GCF_024585365.1_ASM2458536v1,Poultry,Cloacal sample
GCF_026968105.1_ASM2696810v1,Homo sapiens,urine
GCF_008124205.1_ASM812420v1,NA,mouse gut
GCF_029633935.1_ASM2963393v1,zebrafish,gut
GCF_022693165.1_ASM2269316v1,Homo sapiens,urine
GCF_023373745.1_ASM2337374v1,Homo sapiens,secretion
GCF_009857155.1_ASM985715v1,goat,NA
GCF_030167965.1_ASM3016796v1,NA,mudflats
GCF_013256075.1_ASM1325607v1,duck,intestine
GCF_020905695.1_ASM2090569v1,Thalassiosira tenera,estuarine water [ENVO:01000301]
GCF_020735805.1_ASM2073580v1,NA,NA
GCF_019431245.1_ASM1943124v1,Megaspora,lichen
GCF_000312705.1_ASM31270v1,NA,NA
GCF_037056195.1_ASM3705619v1,Vulpes vulpes,intestine
GCF_039621185.1_ASM3962118v1,NA,Mahewu
GCF_038442275.1_CIRI-F19-10-CH3,cat,urine
GCF_037823755.1_ASM3782375v1,Pig,NA
GCF_011764505.1_ASM1176450v1,NA,lake sediment
GCF_001280345.1_ASM128034v1,Homo sapiens,patient blood
GCF_001611955.1_ASM161195v1,NA,leaf vegetable
GCF_013267815.1_ASM1326781v1,NA,NA
GCF_013821535.1_ASM1382153v1,NA,Pooled cattle faecal samples collected from floor of farm
GCF_001880325.1_ASM188032v1,NA,environmental
GCF_021869725.1_ASM2186972v1,host,blood
GCF_016028775.1_ASM1602877v1,NA,NA
GCF_014169035.1_ASM1416903v1,NA,wastewater
GCF_003574835.2_ASM357483v2,NA,salt well
GCF_036227585.1_ASM3622758v1,NA,NA
GCF_002947035.1_ASM294703v1,NA,NA
GCF_030262395.2_R8014_Closure,Homo sapiens,blood
GCF_003018935.1_ASM301893v1,NA,NA
GCF_015099595.1_ASM1509959v1,NA,soil
GCF_021631985.1_ASM2163198v1,NA,soil sample collection
GCF_008831545.1_ASM883154v1,NA,marine solar saltern
GCF_003571605.1_ASM357160v1,NA,NA
GCF_037477815.1_ASM3747781v1,NA,NA
GCF_012931665.1_ASM1293166v1,Homo sapiens,sputum
GCF_022936425.1_ASM2293642v1,Homo sapiens,inguinal swab
GCF_000714675.1_ASM71467v1,Homo sapiens,throat/groin
GCF_003613035.1_ASM361303v1,Syngnathus typhle,Kiel Fjord
GCF_002951895.1_ASM295189v1,honeybees,foul brood
GCF_002222555.1_ASM222255v1,NA,soil
GCF_030012625.1_ASM3001262v1,Sus scrofa,feces
GCF_036866075.1_ASM3686607v1,Triticum aestivum 'Kvium',Flag leaf of wheat
GCF_014076475.1_ASM1407647v1,NA,biofilm reactor
GCF_008121535.1_ASM812153v1,NA,Gulf of Finland
GCF_033868475.1_ASM3386847v1,Homo sapiens,patient
GCF_014169255.1_ASM1416925v1,NA,wastewater
GCF_006442975.2_ASM644297v2,NA,soil
GCF_021869545.1_ASM2186954v1,NA,fermented food
GCF_001577465.1_ASM157746v1,Usnea,NA
GCF_013393945.1_ASM1339394v1,Leiosporoceros dussii,NA
GCF_031888365.1_ASM3188836v1,Allium cepa,NA
GCF_015243235.1_ASM1524323v1,Homo sapiens,NA
GCF_028551255.1_ASM2855125v1,Babylonia areolata,NA
GCF_012220405.1_ASM1222040v1,NA,sewage from Environmental Centre Robert O. Picard
GCF_023657855.1_ASM2365785v1,Canis lupus familiaris,NA
GCF_003180995.1_ASM318099v1,Homo sapiens,NA
GCF_002896875.1_ASM289687v1,NA,Brazilian saline-alkaline lake
GCF_022693305.1_ASM2269330v1,Homo sapiens,urine
GCF_025558765.1_ASM2555876v1,Camel,nasal swab
GCF_017086545.1_ASM1708654v1,Homo sapiens,NA
GCF_021378725.1_ASM2137872v1,Homo sapiens,feaces
GCF_023373525.1_ASM2337352v1,NA,kimchi
GCF_002257935.4_ASM225793v4,Homo sapiens,NA
GCF_001702175.1_ASM170217v1,NA,brewery environment
GCF_014217645.1_ASM1421764v1,NA,soil
GCF_000008945.1_ASM894v1,NA,NA
GCF_001956985.1_ASM195698v1,NA,sphagnum peat
GCF_000438745.2_ASM43874v2,NA,food
GCF_016925375.1_ASM1692537v1,Homo sapiens,blood
GCF_013747035.1_ASM1374703v1,NA,Freshwater sample from downstream of wastewater treatment plant
GCF_000069245.1_ASM6924v1,NA,NA
GCF_009931435.1_ASM993143v1,bovine,NA
GCF_009834325.1_ASM983432v1,Homo sapiens,NA
GCF_009909485.1_ASM990948v1,NA,feces
GCF_008931565.1_ASM893156v1,Homo sapiens,clinical sample
GCF_028743655.1_ASM2874365v1,Penaeus vannamei,NA
GCF_037938425.1_ASM3793842v1,pig,NA
GCF_019048525.1_ASM1904852v1,NA,NA
GCF_003515105.1_ASM351510v1,NA,seawater
GCF_033677505.1_ASM3367750v1,NA,hospital
GCF_025677725.1_ASM2567772v1,BGSC database,NA
GCF_009648495.1_ASM964849v1,NA,NA
GCF_022921915.1_ASM2292191v1,Homo sapiens,gastric biopsy
GCF_023361995.1_ASM2336199v1,Homo sapiens,blood
GCF_022369435.1_ASM2236943v1,Molothrus ater,cloacal swab
GCF_013337045.2_ASM1333704v2,Grape,NA
GCF_000237205.1_ASM23720v1,NA,NA
GCF_003402535.2_ASM340253v2,NA,soil
GCF_036416335.1_ASM3641633v1,NA,homemade smoked horse intestines
GCF_012933295.2_ASM1293329v2,Homo sapiens,blood
GCF_036418335.1_ASM3641833v1,NA,ropy bread
GCF_040790805.1_ASM4079080v1,Ixodes scapularis,NA
GCF_024022955.1_ASM2402295v1,Oryza sativa,rice panicle
GCF_031851395.1_ASM3185139v1,Larus michahellis,NA
GCF_000513415.1_EA_LA635,NA,NA
GCF_003330785.1_ASM333078v1,NA,soil
GCF_024205205.1_ASM2420520v1,NA,wastewater treatment plant
GCF_000784965.1_ASM78496v1,NA,hand rail
GCF_033564035.1_ASM3356403v1,Homo sapiens,urine
GCF_003288475.1_ASM328847v1,NA,NA
GCF_028224355.1_ASM2822435v1,Homo sapiens,sputum
GCF_033254545.1_ASM3325454v1,Homo sapiens,neonatal screen
GCF_002741435.1_ASM274143v1,NA,NA
GCF_036287685.1_ASM3628768v1,NA,seawater
GCF_016756595.1_ASM1675659v1,Lotus japonicus,NA
GCF_008949495.1_ASM894949v1,Homo sapiens,blood
GCF_005854025.1_ASM585402v1,Homo sapiens,blood
GCF_000021765.1_ASM2176v1,NA,NA
GCF_030406205.1_ASM3040620v1,cattle,Isolated from the spleen of sudden death cattle
GCF_022212985.1_ASM2221298v1,Homo sapiens,fecal sample
GCF_016888885.1_ASM1688888v1,NA,NA
GCF_004194555.1_ASM419455v1,Parthenium argentatum Gray (guayule shrubs),aerobic microbial decomposition of whole and defoliated guayule (retting)
GCF_002288525.1_ASM228852v1,G.max,NA
GCF_020616935.1_ASM2061693v1,NA,pig
GCF_900492555.1_CECT9104,NA,NA
GCF_022023955.1_ASM2202395v1,NA,urine
GCF_000016945.1_ASM1694v1,NA,stool of a patient presenting with scarlet-like fever in the Primorski region of the former USSR; in 1971 sent to the Institut Pasteur (Paris; France) by Dr. Timofeeva (Antiplague Institute; Irkoutsk)
GCF_002158905.1_ASM215890v1,Skeletonema marinoi strain RO5AC,top-layer sediments
GCF_001644745.1_ASM164474v1,Homo sapiens,stool
GCF_028010205.1_ASM2801020v1,Atlantic salmon (Salmo salar L.),NA
GCF_907177285.1_USZ_VRE53_P46_hybrid_assembly,Homo sapiens,Superficial wound
GCF_003111725.1_ASM311172v1,Homo sapiens,Vet Hospital
GCF_002999135.1_ASM299913v1,Homo sapiens,coronal/gingival
GCF_030863745.1_ASM3086374v1,dog,blood
GCF_003790485.1_ASM379048v1,Homo sapiens,rectal swab
GCF_030013005.1_ASM3001300v1,Sus scrofa,feces
GCF_008693465.1_ASM869346v1,Homo sapiens,clinical isolate
GCF_013624605.1_ASM1362460v1,NA,Wastewater influent sample
GCF_037628465.1_ASM3762846v1,Homo sapiens,NA
GCF_030064105.1_ASM3006410v1,Arabidopsis thaliana,root
GCF_003718275.1_ASM371827v1,NA,NA
GCF_018741505.1_ASM1874150v1,NA,soil
GCF_029000425.1_ASM2900042v1,NA,sewage
GCF_019968705.1_ASM1996870v1,NA,river water
GCF_025853995.1_ASM2585399v1,Homo sapiens,skin
GCF_002865885.1_ASM286588v1,NA,NA
GCF_030296195.1_ASM3029619v1,Sus scrofa,feces
GCF_014108845.1_ASM1410884v1,Equus caballus,NA
GCF_001682235.1_ASM168223v1,NA,Saeu-jeotgal; salted fermented food
GCF_024362305.1_ASM2436230v1,NA,poultry farm
GCF_016812095.1_ASM1681209v1,Swine,Rectal swab
GCF_031038975.1_ASM3103897v1,Homo sapiens,stool
GCF_018408575.1_ASM1840857v1,Homo sapiens,feces
GCF_009914055.1_ASM991405v1,NA,mealworm
GCF_025560525.1_ASM2556052v1,walnut,crown gall
GCF_015238895.1_ASM1523889v1,Homo sapiens,bronchoalveolar lavage
GCF_022701095.1_ASM2270109v1,NA,Soybean product
GCF_023278325.1_ASM2327832v1,NA,fermented food
GCF_014522225.1_ASM1452222v1,Homo sapiens,urine
GCF_037714695.1_ASM3771469v1,Chicken,NA
GCF_003071285.1_ASM307128v1,NA,NA
GCF_033170485.1_ASM3317048v1,Homo sapiens,sputum
GCF_020535245.1_ASM2053524v1,NA,water
GCF_037477885.1_ASM3747788v1,NA,seawater
GCF_030847925.1_ASM3084792v1,Dog,wound swab
GCF_030505895.1_ASM3050589v1,NA,Chicken Wings
GCF_022494195.1_ASM2249419v1,NA,Stanley WWTPs_42 WWTPs effluent
GCF_036250675.1_ASM3625067v1,NA,soil
GCF_037094595.1_ASM3709459v1,NA,hypersaline water environment [ENVO:01001043]
GCF_016599655.1_ASM1659965v1,Japanese radish,NA
GCF_036013625.1_ASM3601362v1,NA,soil
GCF_003609815.1_ASM360981v1,NA,water
GCF_006711145.1_ASM671114v1,Homo sapiens,blood
GCF_025399035.1_ASM2539903v1,NA,NA
GCF_900092465.1_Lpm7613_v1,Homo sapiens,clinical
GCF_021398325.1_ASM2139832v1,Homo sapiens,isolated from contaminated platelets
GCF_030490125.1_ASM3049012v1,Homo sapiens,NA
GCF_017357685.1_ASM1735768v1,Brown Headed Cow Bird,cloacal swab
GCF_000969685.1_ASM96968v1,NA,NA
GCF_025946885.1_ASM2594688v1,Sus scrofa domesticus,lung
GCF_024600715.1_ASM2460071v1,NA,Meridian Valley soil sampled at Qinling Mountains; an area in Shaanxi Province located in PR China.
GCF_016806025.1_ASM1680602v1,Homo sapiens,urine
GCF_014607555.1_ASM1460755v1,NA,NA
GCF_007748095.1_ASM774809v1,NA,polystyrene
GCF_022569815.1_ASM2256981v1,Drosophila hydei,NA
GCF_030060635.1_ASM3006063v1,NA,Fish tissue
GCF_018343855.1_ASM1834385v1,NA,Sand
GCF_000380325.1_ASM38032v1,NA,NA
GCF_000014565.1_ASM1456v1,NA,NA
GCF_002202195.1_ASM220219v1,NA,NA
GCF_000017605.1_ASM1760v1,NA,NA
GCF_001634325.1_ASM163432v1,NA,NA
GCF_030060455.1_ASM3006045v1,Crassostrea virginica,oyster inner shell
GCF_000317935.1_ASM31793v1,NA,NA
GCF_000246835.1_ASM24683v1,NA,suusac fermented camel milk
GCF_000747295.1_ASM74729v1,Medicago orbicularis,M. orbicularis nodules
GCF_037711575.1_ASM3771157v1,Chicken,NA
GCF_030544925.1_ASM3054492v1,tomato,leaves of tomatoes
GCF_037915205.1_ASM3791520v1,Homo sapiens,NA
GCF_021655215.1_ASM2165521v1,Homo sapiens,human blood of bacteremia patient
GCF_006517055.1_ASM651705v1,Homo sapiens,human feces
GCF_905219315.2_AI2721v1_cp,Homo sapiens,Hospital Universitario Gregorio Maranon (Madrid)
GCF_005280695.1_ASM528069v1,Homosapiens,blood
GCF_030534295.1_ASM3053429v1,swine,pig farm
GCF_029718665.1_ASM2971866v1,NA,Pooled soil sample collected from floor of cattle farm
GCF_012934515.1_ASM1293451v1,Homo sapiens,rectal swab from healthy college student
GCF_037287545.1_ASM3728754v1,Homo sapiens,bloodstream
GCF_029541685.1_ASM2954168v1,Homo sapiens,NA
GCF_023278145.1_ASM2327814v1,Glycine max,root nodules
GCF_014854815.1_ASM1485481v1,Homo sapiens,NA
GCF_001709315.1_ASM170931v1,NA,lettuce
GCF_027558615.1_ASM2755861v1,Homo sapiens,NA
GCF_000725265.1_ASM72526v1,NA,stool
GCF_030707975.1_ASM3070797v1,NA,human
GCF_003627795.1_ASM362779v1,Phaseolus,agricultural soil
GCF_020229735.1_ASM2022973v1,NA,coastal dune soil
GCF_000513355.1_EA_LA637,NA,NA
GCF_003366075.1_ASM336607v1,NA,reactor sludge
GCF_027474365.1_ASM2747436v1,Homo sapiens,blood
GCF_040805305.1_ASM4080530v1,Homo sapiens,bile
GCF_002189675.2_ASM218967v2,NA,peony rhizosphere
GCF_036419775.1_ASM3641977v1,Homo sapiens,skin
GCF_019434355.1_ASM1943435v1,NA,NA
GCF_028215955.1_ASM2821595v1,Actinidia,NA
GCF_036237295.1_ASM3623729v1,NA,NA
GCF_030064365.1_ASM3006436v1,Homo sapiens,Rectal swab
GCF_016027155.1_ASM1602715v1,NA,NA
GCF_002863845.1_ASM286384v1,Marmota,NA
GCF_030388365.1_ASM3038836v1,Homo sapiens,feces
GCF_008727715.1_ASM872771v1,NA,soil
GCF_014168615.1_ASM1416861v1,NA,wastewater
GCF_000831565.1_ASM83156v1,Bos taurus,udder persistent mastitis
GCF_040448315.1_ASM4044831v1,NA,milk
GCF_011066505.1_ASM1106650v1,Homo sapiens,blood
GCF_025171275.1_ASM2517127v1,Homo sapiens,urethal swab
GCF_003812145.1_ASM381214v1,Homo sapiens,Rectal swab
GCF_037283275.1_ASM3728327v1,Homo sapiens,bloodstream
GCF_007833275.1_ASM783327v1,NA,Brine
GCF_019844015.1_ASM1984401v1,Homo sapiens,rectal swab from neonate
GCF_029909715.1_ASM2990971v1,NA,Environment
GCF_040254315.1_ASM4025431v1,NA,NA
GCF_964199035.1_Zagreb004_hybrid_assembly.fa.gz,Homo sapiens,clinical material
GCF_000007805.1_ASM780v1,NA,NA
GCF_014721575.1_ASM1472157v1,Homo sapiens,blood
GCF_023212585.2_ASM2321258v2,Salmo salar,salmon tissue
GCF_030013265.1_ASM3001326v1,Sus scrofa,feces
GCF_017743055.1_ASM1774305v1,NA,soil
GCF_025559325.1_ASM2555932v1,Camel,nasal swab
GCF_001188935.1_ASM118893v1,NA,NA
GCF_030988725.1_ASM3098872v1,Homo sapiens,urine
GCF_000833215.1_ASM83321v1,NA,water
GCF_000196495.1_ASM19649v1,NA,Atlantic cod
GCF_000961515.1_ASM96151v1,NA,White-rot fungus Phanerochaete chrysosporium
GCF_008807735.1_ASM880773v1,Alvinocaris longirostris,gills
GCF_015709185.1_ASM1570918v1,NA,probitic products
GCF_013364215.1_ASM1336421v1,NA,marine sediment
GCF_000190575.1_ASM19057v1,chicken,cecum
GCF_015224645.1_ASM1522464v1,NA,fruit tree rhizosphere soil
GCF_026435115.1_ASM2643511v1,Salmo salar,tissue
GCF_013168195.1_ASM1316819v1,bovine,NA
GCF_000010805.1_ASM1080v1,NA,NA
GCF_003073755.1_ASM307375v1,NA,NA
GCF_001483845.1_ASM148384v1,NA,organic chicken farm
GCF_009912915.1_ASM991291v1,Homo sapiens,NA
GCF_024266145.1_ASM2426614v1,Homo sapiens,NA
GCF_038364745.1_ASM3836474v1,NA,NA
GCF_000328685.1_ASM32868v1,NA,Soda lake Lake Magadi
GCF_001447865.2_ASM144786v2,NA,air
GCF_028622935.1_ASM2862293v1,tomato,Tomato tissue
GCF_016454365.1_ASM1645436v1,NA,swine
GCF_004324245.2_ASM432424v2,NA,feces
GCF_040712255.1_JJ1622,cotton,rhizosphere
GCF_013740875.1_ASM1374087v1,NA,Wastewater influent sample
GCF_030406065.1_ASM3040606v1,Food,Cheonggukjang
GCF_001753465.1_ASM175346v1,NA,Cattle Hide
GCF_019704075.1_ASM1970407v1,Homo sapiens,NA
GCF_031165135.1_ASM3116513v1,NA,birch sap
GCF_007990405.1_ASM799040v1,Homo sapiens,blood
GCF_015534835.1_ASM1553483v1,NA,Chicken faeces
GCF_021545865.1_ASM2154586v1,NA,well
GCF_001901445.1_ASM190144v1,NA,forest soil
GCF_022369495.1_ASM2236949v1,Manis javanica,NA
GCF_023361935.1_ASM2336193v1,Homo sapiens,secretion
GCF_905330245.2_AI2853v1_cpp,Homo sapiens,Hospital Universitario Mutua de Terrassa (Terrassa)
GCF_030297715.1_ASM3029771v1,NA,missing: control sample
GCF_011765175.1_ASM1176517v1,Avena sativa,Infected leaves
GCF_034644175.1_ASM3464417v1,Homo sapiens,Infected Human Urine
GCF_029774335.1_ASM2977433v1,Homo sapiens,urine
GCF_003112145.1_ASM311214v1,NA,creek sediment
GCF_000344785.1_ASM34478v1,NA,NA
GCF_018502565.1_ASM1850256v1,NA,carcass
GCF_003071485.1_ASM307148v1,Homo sapiens,stool
GCF_021172805.1_ASM2117280v1,Pogostemon cablin (Blanco) Benth.,NA
GCF_039880445.1_ASM3988044v1,NA,natto
GCF_028335545.1_ASM2833554v1,Bos taurus,fecal sample
GCF_024029875.1_ASM2402987v1,Periphyllus lyropictus,NA
GCF_023517235.1_ASM2351723v1,Homo sapiens,Rectal swab_P87_BU24
GCF_040315585.1_ASM4031558v1,NA,Tilapia (TI)
GCF_013122195.1_ASM1312219v1,NA,goose faeces
GCF_031326165.1_ASM3132616v1,Homo sapiens,urine
GCF_033413615.1_ASM3341361v1,NA,ENVO:00010483
GCF_023373585.1_ASM2337358v1,NA,anaerobic effluent of swine manure
GCF_017909015.1_ASM1790901v1,NA,Instant Soup
GCF_017068175.1_ASM1706817v1,Bigeye tuna,NA
GCF_002587885.1_ASM258788v1,Homo sapiens,Rectal
GCF_000971615.1_ASM97161v1,Homo sapiens,NA
GCF_008642415.1_ASM864241v1,Bivalve mollusk,marine environment
GCF_003260185.2_ASM326018v2,NA,gold-copper mine
GCF_000283875.1_ASM28387v1,NA,NA
GCF_022591735.1_ASM2259173v1,NA,Food: Wild boar meat
GCF_003718475.1_ASM371847v1,NA,NA
GCF_013167575.1_ASM1316757v1,NA,NA
GCF_021441845.1_ASM2144184v1,Homo sapiens,blood
GCF_030035565.1_ASM3003556v1,NA,Human urine sample
GCF_029625075.1_ASM2962507v1,Homo sapiens,Rectal swab
GCF_008694085.1_ASM869408v1,Homo sapiens,Wound secretion
GCF_003609795.1_ASM360979v1,NA,marine sediment
GCF_002925525.1_YDC107,Homo sapiens,NA
GCF_014490845.1_ASM1449084v1,NA,sewage water
GCF_015476175.1_ASM1547617v1,NA,kimchi
GCF_001635915.1_ASM163591v1,NA,soil
GCF_035928085.1_ASM3592808v1,Homo sapiens,urine
GCF_000236925.1_ASM23692v1,NA,NA
GCF_905330955.2_AI2959v1_cpp,Homo sapiens,Hospital de Guadalajara (Guadalajara)
GCF_001010805.1_ASM101080v1,NA,Seawater
GCF_022468645.2_ASM2246864v2,Homo sapiens,NA
GCF_018417475.1_ASM1841747v1,NA,deep-sea sediment
GCF_024228675.1_ASM2422867v1,NA,Saline soil
GCF_016894405.1_ASM1689440v1,NA,Ogi (red sorghum)
GCF_022344045.1_ASM2234404v1,Homo sapiens,blood
GCF_022936485.1_ASM2293648v1,Homo sapiens,feces
GCF_037273335.1_ASM3727333v1,Homo sapiens,bloodstream
GCF_018314255.1_ASM1831425v1,NA,tomato pulp
GCF_003288275.1_ASM328827v1,Corvus brachyrhynchos,feces
GCF_033970845.1_ASM3397084v1,Spinacia oleracea,Spinach
GCF_964198905.1_Zagreb019_hybrid_assembly.fa.gz,Homo sapiens,clinical material
GCF_005156265.1_ASM515626v1,Homosapiens,NA
GCF_963989265.1_15-2067_O09,Phoenicopterus roseus 15-2067_O09,cloacal swab
GCF_001753265.1_ASM175326v1,NA,environmental
GCF_021228015.1_ASM2122801v1,Solanum lycopersicum,NA
GCF_001596135.1_ASM159613v1,Lichen,NA
GCF_022430505.1_ASM2243050v1,NA,wastewater
GCF_039784265.1_ST1A_assembly,NA,Dairy
GCF_011516635.5_ASM1151663v5,Glycine max cv. AC Glengarry,Root nodule from soybean plant inoculated with root zone soil from Apios americana
GCF_002753605.1_ASM275360v1,Homo sapiens,urine
GCF_000833195.1_ASM83319v1,NA,Water
GCF_002117725.1_ASM211772v1,Phaseolus vulgaris,NA
GCF_003568845.1_ASM356884v1,NA,sediment
GCF_022493975.1_ASM2249397v1,NA,Stanley WWTPs_2 WWTPs effluent
GCF_018517105.1_ASM1851710v1,Homo sapiens,Rectal swab
GCF_008807135.1_ASM880713v1,NA,Pork
GCF_001578515.1_ASM157851v1,NA,water(ENVO:00002006)
GCF_033214275.1_ASM3321427v1,Homo sapiens,sputum
GCF_000671295.1_ASM67129v1,NA,lettuce
GCF_014169095.1_ASM1416909v1,NA,wastewater
GCF_000172995.2_ASM17299v2,NA,NA
GCF_000724505.1_ASM72450v1,NA,sink drain
GCF_000276705.2_ASM27670v2,Homo sapiens,NA
GCF_015277915.1_ASM1527791v1,NA,White-lipped Deer
GCF_000008685.2_ASM868v2,NA,NA
GCF_003812745.1_ASM381274v1,Homo sapiens,Endotracheal aspirate
GCF_025169605.2_ASM2516960v2,Homo sapiens,urethal swab
GCF_000334515.1_ASM33451v1,NA,NA
GCF_000417225.2_ASM41722v2,NA,NA
GCF_007833475.1_ASM783347v1,NA,NA
GCF_026967715.1_ASM2696771v1,Homo sapiens,urine
GCF_019915365.1_ASM1991536v1,Homo sapiens,Swab from tracheostomic tube
GCF_037287575.1_ASM3728757v1,Homo sapiens,bloodstream
GCF_022922655.1_ASM2292265v1,Homo sapiens,gastric biopsy
GCF_031432815.1_ASM3143281v1,Homo sapiens,drain
GCF_021165755.1_ASM2116575v1,Varanus salvator,Amblyomma varanense ex. Varanus salvator
GCF_009650175.1_ASM965017v1,Homo sapiens,feces
GCF_022807995.1_ASM2280799v1,NA,wheat field
GCF_013167715.1_ASM1316771v1,NA,NA
GCF_023100965.1_ASM2310096v1,Acmispon strigosus,root nodule
GCF_009912695.1_ASM991269v1,Homo sapiens,NA
GCF_030384865.1_ASM3038486v1,Homo sapiens,NA
GCF_031326305.1_ASM3132630v1,Homo sapiens,sputum
GCF_009756605.1_ASM975660v1,Homo sapiens,stool
GCF_964048075.1_30821_1_280,NA,NA
GCF_003100575.1_ASM310057v1,Glycine max,plant root
GCF_011769825.1_ASM1176982v1,Homo sapiens,Rectal swab
GCF_900497455.1_ASM90049745v1,NA,NA
GCF_019458465.1_ASM1945846v1,NA,Frog
GCF_001690005.1_ASM169000v1,Homo sapiens,human
GCF_003399895.2_ASM339989v2,NA,Raw milk cheese
GCF_028335725.1_ASM2833572v1,Bos taurus,fecal sample
GCF_004919325.1_ASM491932v1,Homo sapiens,NA
GCF_003176855.1_ASM317685v1,Bos taurus,feces
GCF_000834495.1_ASM83449v1,Homo sapiens,Human Clinical
GCF_023159135.1_ASM2315913v1,NA,milking environment
GCF_029674645.1_ASM2967464v1,Sus scrofa domesticus,feces
GCF_027595665.1_ASM2759566v1,Homo sapiens,pelvic abscess
GCF_037922655.1_ASM3792265v1,Dog,NA
GCF_015775135.1_ASM1577513v1,NA,river
GCF_024800505.1_ASM2480050v1,Homo sapiens,sputum
GCF_028221085.1_ASM2822108v1,Homo sapiens,lavage fluid
GCF_014843515.1_ASM1484351v1,NA,soil
GCF_012933055.2_ASM1293305v2,Homo sapiens,blood
GCF_021052425.1_ASM2105242v1,NA,NA
GCF_001650235.3_ASM165023v3,NA,spring
GCF_016127675.1_ASM1612767v1,NA,NA
GCF_016864575.1_ASM1686457v1,Prosopis cineraria,nodule
GCF_003595465.1_ASM359546v1,Homo sapiens,Sputum
GCF_019263785.1_ASM1926378v1,Solanum lycopersicum (tomato),plant tissue
GCF_024918995.1_ASM2491899v1,NA,Fermented soybean (Cheonggukjang)
GCF_013742375.1_ASM1374237v1,NA,Wastewater influent sample
GCF_025854175.1_ASM2585417v1,NA,ENVIRONMENT
GCF_030585265.1_ASM3058526v1,Homo sapiens,Skin/Wound
GCF_014904215.2_ASM1490421v2,pig,pig farm
GCF_020886635.1_ASM2088663v1,Homo sapiens,foodborne patient
GCF_036866085.1_ASM3686608v1,Triticum aestivum 'Rembrandt',Flag leaf of wheat
GCF_000430125.1_ASM43012v1,NA,fresh alfalfa sprout
GCF_037024385.1_ASM3702438v1,Homo sapiens,NA
GCF_001483445.1_ASM148344v1,Homo sapiens,blood
GCF_003815835.1_ASM381583v1,Homo sapiens,cerebral spinal fluid (CSF)
GCF_905232395.2_AI2609v1_cp,Homo sapiens,Hospital Universitario Gregorio Maranon (Madrid)
GCF_037509445.1_ASM3750944v1,Chicken,NA
GCF_009756585.1_ASM975658v1,Homo sapiens,stool
GCF_003627215.1_ASM362721v1,Arabidopsis,phyllosphere
GCF_034059795.1_ASM3405979v1,pig,Pig farm
GCF_030847945.1_ASM3084794v1,Homo sapiens,lower respiratory tract
GCF_002313065.1_ASM231306v1,Sebastes schlegelii,NA
GCF_030128825.1_ASM3012882v1,NA,activated sludge
GCF_020535225.1_ASM2053522v1,NA,Groundwater from chloroethene-contaminated soil at chemical factory
GCF_021729785.1_ASM2172978v1,NA,Manis javanica
GCF_000237265.1_ASM23726v1,NA,NA
GCF_031038915.1_ASM3103891v1,Homo sapiens,stool
GCF_005576615.1_ASM557661v1,NA,Salt mine
GCF_025560545.1_ASM2556054v1,walnut,crown gall
GCF_016942505.1_ASM1694250v1,Homo sapiens,rectal swab
GCF_016806045.1_ASM1680604v1,Homo sapiens,urine
GCF_014607535.1_ASM1460753v1,cattle,feces
GCF_031199945.1_ASM3119994v1,NA,NA
GCF_030845275.1_ASM3084527v1,NA,water
GCF_004322995.1_ASM432299v1,NA,NA
GCF_030060655.1_ASM3006065v1,NA,Fish tissue
GCF_016067635.1_ASM1606763v1,pig,nasal swab
GCF_040736815.1_Sc1365695,Homo sapiens,pleural fluid
GCF_904830855.1_PA_No.66,NA,NA
GCF_009685195.1_ASM968519v1,NA,Bog sediment
GCF_019930985.1_ASM1993098v1,NA,NA
GCF_036013645.1_ASM3601364v1,NA,NA
GCF_016599635.1_ASM1659963v1,Japanese radish,NA
GCF_021655015.1_ASM2165501v1,Homo sapiens,human blood of bacteremia patient
GCF_021398345.1_ASM2139834v1,Homo sapiens,human skin swabs of healthy volunteers
GCF_013394305.1_ASM1339430v1,Brassica rapa var. laciniifolia subvar. Oblanceolata,leaf of Brassica rapa L. subsp. nipposinica (L.H. Bailey) Hanelt var. linearifolia
GCF_013285525.1_ASM1328552v1,Fusarium oxysporum f. sp. cucumerinum,hyphae
GCF_013374795.1_ASM1337479v1,NA,soil
GCF_025399055.1_ASM2539905v1,NA,NA
GCF_012934715.1_ASM1293471v1,Homo sapiens,rectal swab from healthy college student
GCF_020702135.2_ASM2070213v2,Homo sapiens,nasal cavity
GCF_030490145.1_ASM3049014v1,Homo sapiens,NA
GCF_034628625.1_ASM3462862v1,Medicago lupulina,NA
GCF_025559125.1_ASM2555912v1,Camel,nasal swab
GCF_034554905.2_BSN48-2_Contigs,Homo sapiens,blood
GCF_003074035.1_ASM307403v1,NA,sludge
GCF_036420115.1_ASM3642011v1,Homo sapiens,skin
GCF_026435315.1_ASM2643531v1,Salmo salar,tissue
GCF_000438725.2_ASM43872v2,NA,environment
GCF_018310535.1_ASM1831053v1,NA,fresh creek bank soil; topsoil
GCF_024266345.1_ASM2426634v1,Homo sapiens,stool
GCF_002949775.1_ASM294977v1,NA,NA
GCF_012029935.2_ASM1202993v2,Homo sapiens,NA
GCF_000179635.2_ASM17963v2,NA,NA
GCF_016454165.1_ASM1645416v1,NA,chicken
GCF_000300095.1_ASM30009v1,Mimosa flocculosa,NA
GCF_029537335.1_ASM2953733v1,NA,Stinky tofu
GCF_013357345.1_ASM1335734v1,Homo sapiens,Clinical sample: urine
GCF_024442195.1_ASM2444219v1,NA,seawater
GCF_030064165.1_ASM3006416v1,activated sludge,NA
GCF_009363335.1_ASM936333v1,NA,Surface of a polyethylene microplastic particle present in tank 6 of a marine aquarium containing stony-coral fragments and water maintained at 26 degree C
GCF_039634515.1_ASM3963451v1,Homo sapiens,Unknow
GCF_012933265.2_ASM1293326v2,Homo sapiens,blood
GCF_018741565.1_ASM1874156v1,NA,soil
GCF_036282765.1_ASM3628276v1,mulberry,NA
GCF_023515955.1_ASM2351595v1,root,soil
GCF_019968765.1_ASM1996876v1,NA,lake water
GCF_010365485.1_ASM1036548v1,NA,environment
GCF_030262405.2_SA-675_Closure,Homo sapiens,blood
GCF_029961525.1_ASM2996152v1,Homo sapiens,Wound/Abscess
GCF_004353845.1_ASM435384v1,NA,sediment
GCF_013635755.1_ASM1363575v1,NA,Wastewater influent sample
GCF_001578105.1_ASM157810v1,NA,petroleum-contaminated soil with high salinity
GCF_029866885.1_ASM2986688v1,Homo sapiens,NA
GCF_025171075.1_ASM2517107v1,Homo sapiens,urethal swab
GCF_001750805.1_ASM175080v1,Homo sapiens,urine
GCF_022982595.1_ASM2298259v1,Homo,Diversion fluid
GCF_000009305.1_ASM930v1,NA,NA
GCF_029909515.1_ASM2990951v1,NA,Feedlot Water bowl
GCF_030863725.1_ASM3086372v1,cat,abdominal fluid
GCF_024662075.1_ASM2466207v1,Homo sapiens,cerebrospinal fluid
GCF_030027985.1_ASM3002798v1,Homo sapiens,peripheral blood
GCF_031298055.1_ASM3129805v1,NA,lab culture
GCF_002967875.2_ASM296787v2,Homo sapiens,urine
GCF_023547085.1_ASM2354708v1,Homo sapiens,pertoneal cavity
GCF_013732895.1_ASM1373289v1,NA,Freshwater sample from upstream of wastewater treatment plant
GCF_008313815.1_ASM831381v1,NA,NA
GCF_022460875.2_ASM2246087v2,Homo sapiens,NA
GCF_019844075.1_ASM1984407v1,Medicago sativa,seed coat
GCF_002073495.2_ASM207349v2,Homo sapiens,NA
GCF_030013205.1_ASM3001320v1,Sus scrofa,feces
GCF_017743035.1_ASM1774303v1,Homo sapiens,blood
GCF_003177075.1_ASM317707v1,NA,cheese
GCF_030503695.1_ASM3050369v1,NA,fermented kimchi
GCF_013084945.1_ASM1308494v1,Homo sapiens,rectal swab from healthy college student
GCF_022655055.1_ASM2265505v1,flies,NA
GCF_038025015.1_WGS_using_MinION_R10.4.1_of_Staphylococcus_aureus_TUM22721,Homo sapiens,NA
GCF_030020155.1_ASM3002015v1,Homo sapiens,urine
GCF_009806655.1_ASM980665v1,NA,NA
GCF_014168675.1_ASM1416867v1,NA,wastewater
GCF_040404365.1_WHO_E_2024,Homo sapiens,Urogenital
GCF_003814405.1_ASM381440v1,Ixodes ricinus,tick found on bird
GCF_000487295.3_ASM48729v3,NA,NA
GCF_024266125.1_ASM2426612v1,Homo sapiens,blood
GCF_002803845.1_ASM280384v1,NA,NA
GCF_016454305.1_ASM1645430v1,NA,bovine
GCF_028622955.1_ASM2862295v1,NA,water
GCF_038086725.1_ASM3808672v1,Penaeus japonicus,shrimp farm
GCF_002000785.1_ASM200078v1,Homo sapiens,Nose
GCF_021397795.1_ASM2139779v1,NA,Bolbostemmatis Rhizoma
GCF_016890105.1_ASM1689010v1,Homo sapiens,NA
GCF_027239755.1_ASM2723975v1,Homo sapiens,blood
GCF_000317085.1_ASM31708v1,NA,sphagnum bog
GCF_026435175.1_ASM2643517v1,Salmo salar,tissue
GCF_001692655.1_ASM169265v1,Homo sapiens,human
GCF_000226605.1_ASM22660v1,NA,NA
GCF_000281535.2_ASM28153v2,Homo sapiens,groin
GCF_003432285.1_ASM343228v1,Homo sapiens,urine
GCF_001536305.1_Leuconostoc_gelidum_subsp._gasicomitatum_KG16-1,NA,NA
GCF_000013085.1_ASM1308v1,NA,NA
GCF_013746415.1_ASM1374641v1,NA,Wastewater influent sample
GCF_021655275.1_ASM2165527v1,Homo sapiens,human blood of bacteremia patient
GCF_012934575.1_ASM1293457v1,Homo sapiens,rectal swab from healthy college student
GCF_017357485.1_ASM1735748v1,NA,soil
GCF_016919405.1_ASM1691940v1,NA,Plastic debris in land/lake environment
GCF_008620055.1_ASM862005v1,Homo sapiens,Sputum isolated from host
GCF_024529955.1_ASM2452995v1,NA,NA
GCF_000022865.1_ASM2286v1,NA,NA
GCF_008693865.1_ASM869386v1,Homo sapiens,clinical isolate
GCF_040736635.1_Sc1516939,Homo sapiens,synovial fluid
GCF_030035755.1_ASM3003575v1,Homo sapiens,pus
GCF_005222165.1_ASM522216v1,NA,Agricultural field
GCF_009709255.1_ASM970925v1,Oncorhynchus mykiss,NA
GCF_030060435.1_ASM3006043v1,Vibriosis affected Asian seabass (Lates calcarifer) fingerling,NA
GCF_019047105.1_ASM1904710v1,NA,NA
GCF_002210025.1_ASM221002v1,Sus scrofa domesticus,pooled feces
GCF_023008225.1_ASM2300822v1,NA,traditional Thai fermented pork (Nham)
GCF_031883075.1_ASM3188307v1,Anguilla bicolor,NA
GCF_036542365.1_ASM3654236v1,envirnomental,ward
GCF_014189455.1_ASM1418945v1,Oxytropis kamtschatica,root nodule
GCF_003010735.1_ASM301073v1,NA,NA
GCF_005221885.1_ASM522188v1,NA,cattle
GCF_036419715.1_ASM3641971v1,Homo sapiens,skin
GCF_019434335.1_ASM1943433v1,Citrus,leaf[PO:0006001]
GCF_036870965.1_ASM3687096v1,Homo sapiens,NA
GCF_016128095.1_ASM1612809v1,NA,NA
GCF_023278125.1_ASM2327812v1,Prunus avium,NA
GCF_026210515.1_ASM2621051v1,dog,transconjugant from Escherichia coli strain HB42
GCF_900234405.1_MFPB19A15_assembly_v1,NA,Beef carpaccio
GCF_000742955.1_ASM74295v1,NA,NA
GCF_038442585.1_CIRI-F15-01A,cat,urine
GCF_030718825.1_ASM3071882v1,NA,soil
GCF_001742225.1_ASM174222v1,NA,soil
GCF_029713785.1_ASM2971378v1,Homo sapiens,NA
GCF_001298525.1_ASM129852v1,NA,soil
GCF_000317515.1_ASM31751v1,NA,Soil; orchid house; San Francisco; USA; 1971
GCF_023586845.4_ASM2358684v4,NA,Rizosphere soil sample
GCF_009731575.1_ASM973157v1,Homo sapiens,human feces
GCF_030707915.1_ASM3070791v1,NA,human
GCF_022494395.1_ASM2249439v1,NA,Stanley WWTPs_3 WWTPs influent
GCF_030035505.1_ASM3003550v1,Homo sapiens,sputum
GCF_002215115.1_ASM221511v1,Gallus gallus domesticus,peritoneal cavity
GCF_024396775.1_ASM2439677v1,NA,NA
GCF_017498605.1_ASM1749860v1,porcine,feces
GCF_037260955.1_ASM3726095v1,Steinernema sp. a AB-2023,NA
GCF_020388555.1_ASM2038855v1,Homo sapiens,Skin swab
GCF_024223795.1_ASM2422379v1,Gallus gallus domesticus,pooled poultry feces
GCF_029625015.1_ASM2962501v1,Homo sapiens,Rectal swab
GCF_023657895.1_ASM2365789v1,Canis lupus familiaris,NA
GCF_016942535.1_ASM1694253v1,Homo sapiens,rectal swab
GCF_008727495.1_ASM872749v1,NA,NA
GCF_028551295.1_ASM2855129v1,shrimp,NA
GCF_002012225.1_ASM201222v1,Homo sapiens,NA
GCF_021253825.1_ASM2125382v1,NA,Kimchi
GCF_902807005.1_14-2711_R47,Phoenicopterus roseus,cloacal swab
GCF_009363535.1_ASM936353v1,NA,Surface of a polyethylene microplastic particle present in tank 6 of a marine aquarium containing stony-coral fragments and water maintained at 26 degree C
GCF_014217685.1_ASM1421768v1,NA,soil
GCF_000493295.2_ASM49329v2,NA,iguana
GCF_013167515.1_ASM1316751v1,Homo sapiens,NA
GCF_012044775.1_ASM1204477v1,Papio papio,stool
GCF_002949175.1_ASM294917v1,NA,NA
GCF_005707015.1_ASM570701v1,Homo sapiens,NA
GCF_032340315.1_ASM3234031v1,Homo sapiens,urine
GCF_031884895.1_ASM3188489v1,NA,agricultural environment
GCF_001006525.1_ASM100652v1,Homo sapiens,blood-culture
GCF_015097735.1_ASM1509773v1,NA,NA
GCF_037518545.1_ASM3751854v1,Dog,NA
GCF_014490825.1_ASM1449082v1,NA,sewage water
GCF_001693275.1_ASM169327v1,NA,NA
GCF_037889335.1_ASM3788933v1,Homo sapiens,Oral cavity
GCF_014169295.1_ASM1416929v1,NA,wastewater
GCF_037099845.1_ASM3709984v1,Homo sapiens,EVNO:01001029
GCF_023361955.1_ASM2336195v1,Homo sapiens,blood
GCF_021545805.1_ASM2154580v1,Homo sapiens,blood
GCF_019086825.1_ASM1908682v1,Homo sapiens,rectal swab
GCF_000233775.1_ASM23377v1,NA,production water from an oil well
GCF_024800705.1_ASM2480070v1,NA,meat
GCF_900660725.1_57792_D01-3,Mouse,Brain
GCF_000284155.1_ASM28415v1,NA,NA
GCF_002202215.1_ASM220221v1,NA,NA
GCF_002966555.1_ASM296655v1,tomato,NA
GCF_016415285.1_ASM1641528v1,Homo sapiens,rectal swab
GCF_017821235.1_ASM1782123v1,Homo sapiens,Biopsy
GCF_029774355.1_ASM2977435v1,Homo sapiens,pleural effusion
GCF_001455145.1_ASM145514v1,Homo sapiens,subgingival dental plaque
GCF_018135565.1_ASM1813556v1,Homo sapiens,human nose
GCF_019704015.1_ASM1970401v1,Homo sapiens,NA
GCF_012974245.1_ASM1297424v1,rice,NA
GCF_026013275.1_ASM2601327v1,omo sapiens,blood
GCF_020042005.1_ASM2004200v1,Homo sapiens,urine
GCF_000148875.1_ASM14887v1,Homo sapiens,gastric cancer patient
GCF_007833875.1_ASM783387v1,Homo sapiens,urinary
GCF_000819565.1_ASM81956v1,NA,NA
GCF_003966405.1_ASM396640v1,Homo sapiens,midstream urine
GCF_021654695.1_ASM2165469v1,NA,NA
GCF_000264945.2_ASM26494v2,NA,sugarcane rhizosphere soil
GCF_023517255.1_ASM2351725v1,NA,Locker_P26_BU28
GCF_034638195.1_ASM3463819v1,Medicago lupulina,NA
GCF_020882135.1_ASM2088213v1,NA,water
GCF_021233415.1_ASM2123341v1,NA,sediment
GCF_040784875.1_ASM4078487v1,Homo sapiens,Respiratory secretion
GCF_002442835.1_ASM244283v1,NA,Cheese
GCF_003939355.2_ASM393935v2,NA,washroom sink in hospital intensive care unit
GCF_015287805.1_ASM1528780v1,NA,Human fecal samples
GCF_036232125.1_ASM3623212v1,Homo sapiens,Cystic fibrosis human lung
GCF_021172865.1_ASM2117286v1,Homo sapiens,OP Swab
GCF_001441225.1_ASM144122v1,Homo sapiens,human stool
GCF_028335525.1_ASM2833552v1,Bos taurus,fecal sample
GCF_033688205.1_ASM3368820v1,NA,hospital
GCF_009913135.1_ASM991313v1,Homo sapiens,NA
GCF_002000805.1_ASM200080v1,Homo sapiens,Pus
GCF_019344315.1_ASM1934431v1,NA,water surface of oligotrophic pond
GCF_000243075.1_ASM24307v1,NA,NA
GCF_036232345.1_ASM3623234v1,Homo sapiens,Cystic fibrosis human lung
GCF_023703835.1_ASM2370383v1,Pteropus poliocephalus,NA
GCF_030419105.1_ASM3041910v1,Bos taurus,feces
GCF_028335745.1_ASM2833574v1,NA,Aglaonema
GCF_019211765.1_ASM1921176v1,NA,food
GCF_000317695.1_ASM31769v1,NA,water; most likely pond
GCF_023822085.1_ASM2382208v1,NA,soil
GCF_003491345.1_ASM349134v1,Oryza glumipatula,Seeds
GCF_023100905.1_ASM2310090v1,Acmispon strigosus,root nodule
GCF_030384805.1_ASM3038480v1,NA,farm environment
GCF_022570715.1_ASM2257071v1,Homo sapiens,urine
GCF_003067925.2_ASM306792v2,NA,Pond
GCF_964052875.1_30859_5_21,NA,NA
GCF_024652945.3_ASM2465294v3,humen being,catheter
GCF_016864515.1_ASM1686451v1,Prosopis cineraria,nodule
GCF_018340585.1_ASM1834058v1,NA,pork product
GCF_019704275.1_ASM1970427v1,NA,NA
GCF_009709455.1_ASM970945v1,Salmo salar,NA
GCF_025854115.1_ASM2585411v1,Homo sapiens,skin
GCF_030585205.1_ASM3058520v1,Glycine max,root nodule
GCF_030063985.1_ASM3006398v1,Homo sapiens,skin
GCF_900639575.1_E8014_hybrid_assembly,NA,NA
GCF_032879645.1_ASM3287964v1,NA,HCH dumpsite soil
GCF_003004255.1_ASM300425v1,protozoa,NA
GCF_022369695.1_ASM2236969v1,Homo sapiens,NA
GCF_001007915.1_ASM100791v1,Homo sapiens,stool
GCF_027595605.1_ASM2759560v1,Homo sapiens,urine; clean catch
GCF_033878155.1_ASM3387815v1,NA,human urine
GCF_001972545.2_ASM197254v2,Mus musculus,spleen mouse
GCF_003691505.1_ASM369150v1,Penaeus vannamei,shrimp
GCF_022493915.1_ASM2249391v1,NA,watermelon
GCF_013725595.1_ASM1372559v1,NA,Wastewater effluent sample
GCF_001310575.2_ASM131057v2,Shrimp,EMS/AHPND-diseased hepatopancreas
GCF_020181535.1_ASM2018153v1,NA,conjugation
GCF_036363005.1_ASM3636300v1,NA,nitrile contaminated soil
GCF_900078695.1_H044680328,obscured,obscured
GCF_036241575.1_ASM3624157v1,NA,NA
GCF_001718355.1_ASM171835v1,NA,soil
GCF_039619395.1_ASM3961939v1,NA,ropy bread
GCF_005221705.1_ASM522170v1,NA,cattle
GCF_030053755.1_ASM3005375v1,NA,NA
GCF_021398115.1_ASM2139811v1,Homo sapiens,Pus
GCF_017068375.1_ASM1706837v1,NA,rhizosphere of apple plantlets grown in replant diseased soil
GCF_037287515.1_ASM3728751v1,Homo sapiens,bloodstream
GCF_019915305.1_ASM1991530v1,Homo sapiens,Swab from Pharynx
GCF_000715175.2_ASM71517v2,NA,activated sludge of a wastewater treatment facility
GCF_949786305.1_EC0026B_R2,NA,Derived from parental isolate EC0026B in laboratory.
GCF_013167775.1_ASM1316777v1,NA,beef
GCF_030544975.1_ASM3054497v1,Homo sapiens,NA
GCF_002370415.1_ASM237041v1,NA,microbial mat material
GCF_021049245.1_ASM2104924v1,NA,desert soil
GCF_003443555.1_ASM344355v1,NA,NA
GCF_015277975.1_ASM1527797v1,NA,panda
GCF_000306765.2_ASM30676v2,NA,NA
GCF_020388735.1_ASM2038873v1,Homo sapiens,Skin swab
GCF_009873495.1_ASM987349v1,NA,lichen thallus
GCF_035596915.1_ASM3559691v1,Homo sapiens,rectal swab
GCF_005519305.1_ASM551930v1,NA,soil
GCF_004803855.2_ASM480385v2,dog,oral swab
GCF_020520365.1_ASM2052036v1,Homo sapiens,hospital
GCF_040763125.1_ASM4076312v1,Homo sapiens,Gut
GCF_020882645.1_ASM2088264v1,NA,ENVO:00002149
GCF_008124065.1_ASM812406v1,NA,chicken
GCF_025502505.1_ASM2550250v1,NA,soil
GCF_025559665.1_ASM2555966v1,Camel,Pus swab
GCF_030007795.1_ASM3000779v1,Homo sapiens,Human gut
GCF_002950155.1_ASM295015v1,NA,NA
GCF_028994155.1_ASM2899415v1,NA,Shoe
GCF_000093125.2_ASM9312v2,NA,NA
GCF_014334235.1_ASM1433423v1,NA,NA
GCF_017347625.1_ASM1734762v1,NA,digested slurry of dairy manure
GCF_019355735.1_ASM1935573v1,Himalayan blackberry,NA
GCF_025958825.1_ASM2595882v1,Homo sapiens,NA
GCF_904842665.1_2016-17-550,Vulpes vulpes,Red Fox
GCF_024266405.1_ASM2426640v1,Homo sapiens,stool
GCF_035594225.1_ASM3559422v1,Homo sapiens,blood
GCF_008761475.2_ASM876147v2,NA,NA
GCF_030020475.1_ASM3002047v1,Homo sapiens,urine
GCF_013635015.1_ASM1363501v1,NA,Freshwater sample from downstream of wastewater treatment plant
GCF_003717975.1_ASM371797v1,NA,NA
GCF_029961265.1_ASM2996126v1,Homo sapiens,Wound/Abscess
GCF_014656625.1_ASM1465662v1,Homo sapiens,feces
GCF_003325335.1_ASM332533v1,NA,NA
GCF_003181055.1_ASM318105v1,Homo sapiens,NA
GCF_029227855.1_ASM2922785v1,bovine,NA
GCF_029011235.1_ASM2901123v1,Homo sapiens,vagina
GCF_907163195.1_AUSMDU00027951,Homo sapiens,feces
GCF_024662735.1_ASM2466273v1,NA,NA
GCF_024364825.1_ASM2436482v1,Homo sapiens,human
GCF_023299625.1_ASM2329962v1,NA,pet food (BARF)
GCF_000819645.1_ASM81964v1,NA,Turkey with septicemic infection
GCF_003611015.1_ASM361101v1,NA,New Zealand cheese
GCF_009498375.1_ASM949837v1,NA,Meleagris gallopavo
GCF_020535565.1_ASM2053556v1,Xenopus laevis,swab of adult female 10 skin
GCF_900639505.1_E7356_hybrid_assembly,NA,NA
GCF_030271895.1_ASM3027189v1,chicken,chicken intestinal contents
GCF_021091115.1_ASM2109111v1,Bos taurus,milk
GCF_020886175.1_ASM2088617v1,NA,NA
GCF_016903195.1_ASM1690319v1,Homo sapiens,NA
GCF_036419235.1_ASM3641923v1,Homo sapiens,human fecal sample
GCF_025560205.1_ASM2556020v1,walnut,crown gall
GCF_013625795.1_ASM1362579v1,NA,Wastewater influent sample
GCF_002078895.2_ASM207889v2,NA,Dairy fermentation
GCF_038441175.1_ASM3844117v1,Homo sapiens,urine
GCF_038442425.1_CIRI-F16-05,cat,urine
GCF_037622475.1_ASM3762247v1,Homo sapiens,NA
GCF_025200595.1_ASM2520059v1,Bos taurus,feedlot
GCF_006494895.1_ASM649489v1,Homo sapiens,stool
GCF_030845535.1_ASM3084553v1,Homo sapiens,blood
GCF_019056515.1_ASM1905651v1,Homo sapiens,cerebrospinal fluid
GCF_036884865.1_ASM3688486v1,NA,culture collection
GCF_016132505.1_ASM1613250v1,pig,NA
GCF_026247865.1_ASM2624786v1,Homo sapiens,hospital
GCF_004792515.1_ASM479251v1,NA,NA
GCF_020827635.1_ASM2082763v1,Homo sapiens,blood
GCF_023518395.1_ASM2351839v1,Arachis hypogaea,NA
GCF_027944715.1_ASM2794471v1,NA,ICU patient rectal swab
GCF_015355915.1_ASM1535591v1,NA,blood
GCF_000172695.2_ASM17269v2,Phaseolus vulgaris,NA
GCF_002760935.1_ASM276093v1,NA,Human
GCF_030490465.1_ASM3049046v1,Homo sapiens,NA
GCF_000959325.1_ASM95932v1,NA,water
GCF_002197025.1_ASM219702v1,Medicago sativa,NA
GCF_002952315.1_ASM295231v1,Apple,Apple twig
GCF_007814825.1_ASM781482v1,NA,Milker's hand
GCF_023650735.1_ASM2365073v1,chicken,stool swab
GCF_039909435.1_ASM3990943v1,Sus scrofa domesticus,culture
GCF_022220925.1_ASM2222092v1,cattle,NA
GCF_003146705.1_ASM314670v1,Homo sapiens,Peri-rectal
GCF_024666265.1_ASM2466626v1,Homo sapiens,microbial
GCF_030996785.1_ASM3099678v1,dog,Endometrium
GCF_027944575.1_ASM2794457v1,NA,ICU staff rectal swab
GCF_001548455.1_ASM154845v1,NA,NA
GCF_033344095.1_ASM3334409v1,NA,the intestine of a broiler
GCF_023823145.1_ASM2382314v1,NA,pickled weed
GCF_018279185.1_ASM1827918v1,Homo sapiens,sputum
GCF_030845755.1_ASM3084575v1,Homo sapiens,blood
GCF_023008565.1_ASM2300856v1,NA,saline soil
GCF_023736015.1_ASM2373601v1,Homo sapiens,NA
GCF_028892825.1_ASM2889282v1,Bos taurus,Water from tanks in pens
GCF_001952775.1_ASM195277v1,NA,blood
GCF_001563565.1_ASM156356v1,Homo sapiens,enteritis
GCF_024741695.1_ASM2474169v1,Macaca assamensis,Wild animal
GCF_001296985.1_ASM129698v1,Homo sapiens,Swab
GCF_019702905.1_ASM1970290v1,NA,NA
GCF_001610915.1_ASM161091v1,Citrus x aurantiifolia,NA
GCF_006007945.1_ASM600794v1,NA,futsai
GCF_003573835.1_ASM357383v1,Homo sapiens,subcutaneous abscess
GCF_019091005.1_ASM1909100v1,Homo sapiens,diarrhea from outbreaks of food poisoning
GCF_030062845.1_ASM3006284v1,Meles meles,Feces
GCF_024917835.1_ASM2491783v1,Homo sapiens,blood
GCF_001729225.1_ASM172922v1,Homo sapiens,blood culture
GCF_000783935.2_ASM78393v2,Homo sapiens,G-tube swab
GCF_007556795.1_ASM755679v1,NA,NA
GCF_018736145.1_ASM1873614v1,NA,soil
GCF_000941035.1_ASM94103v1,NA,NA
GCF_032922545.1_ASM3292254v1,Macrocystis pyrifera gametophyte,Laboratory
GCF_023805415.1_ASM2380541v1,Homo sapiens,NA
GCF_026013765.1_ASM2601376v1,Larimichthys crocea,NA
GCF_003994735.1_ASM399473v1,Homo sapiens,hospital
GCF_034049535.1_ASM3404953v1,NA,Skate kimchi
GCF_018106325.1_ASM1810632v1,NA,food
GCF_029220085.1_ASM2922008v1,horse,NA
GCF_030020615.1_ASM3002061v1,Homo sapiens,urine
GCF_022353805.1_ASM2235380v1,NA,Shatin WWTPs_79 WWTPs influent
GCF_030388445.1_ASM3038844v1,Homo sapiens,clinical
GCF_036226485.1_ASM3622648v1,NA,NA
GCF_035678045.1_ASM3567804v1,NA,Leaves of Cigar
GCF_022559385.1_ASM2255938v1,Homo sapiens,feces
GCF_019977375.1_ASM1997737v1,NA,soil
GCF_030064445.1_ASM3006444v1,NA,Poultry
GCF_003955925.1_ASM395592v1,Homo sapiens,Brain abscess fluid
GCF_001051815.2_ASM105181v2,NA,bird feces
GCF_001895985.1_ASM189598v1,Homo sapiens,Sputum
GCF_013487785.1_ASM1348778v1,Aphis craccivora (cowpea aphid),aphid on Robinia pseudoacacia (locust)
GCF_018289295.1_ASM1828929v1,Homo sapiens,feces
GCF_009831665.3_ASM983166v3,Aphis fabae,NA
GCF_033882205.1_ASM3388220v1,NA,cucumber fermentation brine
GCF_007431745.1_ASM743174v1,mouse,NA
GCF_031889005.1_ASM3188900v1,NA,Rubus sp.
GCF_016454445.1_ASM1645444v1,NA,turkey
GCF_016126815.2_ASM1612681v2,NA,combined sewer
GCF_019355555.1_ASM1935555v1,Blueberry,NA
GCF_030506055.1_ASM3050605v1,Homo sapiens,NA
GCF_021474265.1_ASM2147426v1,Homo sapiens,patient
GCF_000018105.1_ASM1810v1,NA,NA
GCF_001908795.1_ASM190879v1,Capsicum frutescens,pepper field
GCF_023205055.1_ASM2320505v1,Homo sapiens,sputum
GCF_000260965.1_ASM26096v1,NA,NA
GCF_016800965.1_ASM1680096v1,Homo sapiens,urine
GCF_021184265.1_ASM2118426v1,Homo sapiens,urine
GCF_025559405.1_ASM2555940v1,Cattle,milk
GCF_000257545.3_ASM25754v3,NA,natural mineral water
GCF_000266885.1_ASM26688v1,NA,contaminated culture medium
GCF_035621815.1_ASM3562181v1,goose,fece
GCF_000486345.2_ASM48634v2,NA,NA
GCF_009834145.1_ASM983414v1,Macrotermes barneyi,gut of fungus-growing termite
GCF_004683865.2_ASM468386v2,Tibetan antelope,feces
GCF_017894285.1_ASM1789428v1,NA,clinical
GCF_001606025.1_ASM160602v1,NA,rock (ENVO:00001995)
GCF_025142455.1_ASM2514245v1,NA,ENVO:00002034
GCF_029834625.1_ASM2983462v1,Homo sapiens,Urine of ICU admitted patient
GCF_011044215.1_ASM1104421v1,Homo sapiens,NA
GCF_009739885.1_ASM973988v1,Homo sapiens,blood
GCF_014295255.1_ASM1429525v1,Homo sapiens,feces from healthy individual
GCF_013724605.1_ASM1372460v1,NA,Wastewater influent sample
GCF_002209085.2_ASM220908v2,Environment,Plant derived food stuff; onion; Allium cepa
GCF_002887655.1_ASM288765v1,NA,NA
GCF_029168415.1_ASM2916841v1,Homo sapiens,blood
GCF_001700945.1_ASM170094v1,NA,PCBs contaminated soil
GCF_019329785.1_ASM1932978v1,Homo sapiens,NA
GCF_020683085.1_ASM2068308v1,Homo sapiens,urine
GCF_016864035.1_ASM1686403v1,Homo sapiens,NA
GCF_019890815.1_ASM1989081v1,NA,soil
GCF_030013715.1_ASM3001371v1,Sus scrofa,feces
GCF_009184705.1_ASM918470v1,NA,apple juice from cider press
GCF_030758855.1_ASM3075885v1,Homo sapiens,NA
GCF_022759965.1_ASM2275996v1,Homo sapiens,stool
GCF_001660565.1_ASM166056v1,NA,poultry meat
GCF_000023745.1_ASM2374v1,NA,NA
GCF_025232045.1_ASM2523204v1,Homo sapiens,venous blood
GCF_024585685.1_ASM2458568v1,Poultry,Cloacal sample
GCF_937000105.1_CNRVC190243,Homo sapiens,stool
GCF_024138975.1_ASM2413897v1,Homo sapiens,NA
GCF_032300135.1_ASM3230013v1,Food,Pig ear pet treat
GCF_027945195.1_ASM2794519v1,NA,Anal swab
GCF_003606285.1_ASM360628v1,tortoise,Hyalomma aegyptium
GCF_014884725.1_ASM1488472v1,NA,tomato
GCF_040763115.1_ASM4076311v1,Homo sapiens,Gut
GCF_036232665.1_ASM3623266v1,Homo sapiens,Cystic fibrosis human lung
GCF_037494685.1_ASM3749468v1,Homo sapiens,NA
GCF_030061795.1_ASM3006179v1,Homo sapiens,Isolated from blood of a 33 years old male
GCF_028335265.1_ASM2833526v1,Bos taurus,fecal sample
GCF_036287195.1_ASM3628719v1,Homo sapiens,blood
GCF_000512205.2_ASM51220v2,NA,NA
GCF_039954905.1_ASM3995490v1,NA,soil
GCF_016889925.1_ASM1688992v1,NA,NA
GCF_009932935.2_ASM993293v2,NA,Rice seed
GCF_024298725.1_ASM2429872v1,Homo sapiens,NA
GCF_002078995.3_ASM207899v3,NA,Fermented Meat Product
GCF_003957375.1_ASM395737v1,Homo sapiens,adult feces
GCF_008033255.2_ASM803325v2,Homo sapiens,sputum
GCF_021768325.1_ASM2176832v1,Homo sapiens,Rectal swab
GCF_018884905.1_ASM1888490v1,Homo sapiens,feces
GCF_024611135.1_ASM2461113v1,NA,soil
GCF_016906025.1_ASM1690602v1,NA,Salt Mine
GCF_014280455.1_ASM1428045v1,NA,Antarctic soil
GCF_003336325.1_ASM333632v1,Homo sapiens,stomach muscularis externa
GCF_001611325.1_ASM161132v1,Homo sapiens,83-year old woman with a hip prosthesis infection
GCF_037940415.1_ASM3794041v1,NA,NA
GCF_006494715.1_ASM649471v1,Rainbow trout,kidney
GCF_013167255.1_ASM1316725v1,Homo sapiens,NA
GCF_021655765.1_ASM2165576v1,goose,Epidemic materials
GCF_025984965.1_ASM2598496v1,Bovine,NA
GCF_004328625.1_ASM432862v1,NA,soil
GCF_030490635.1_ASM3049063v1,Homo sapiens,NA
GCF_000006645.1_ASM664v1,NA,NA
GCF_027286285.1_ASM2728628v1,NA,NA
GCF_016894325.1_ASM1689432v1,NA,water
GCF_905330145.2_AI2843v1_cpp,Homo sapiens,Hospital Clinic (Barcelona)
GCF_030037975.1_ASM3003797v1,NA,environmental: river near WWTP effluent
GCF_030345655.1_ASM3034565v1,NA,plant root
GCF_003855115.1_ASM385511v1,Homo sapiens,Stool
GCF_022494685.1_ASM2249468v1,NA,river water
GCF_000969985.1_ASM96998v1,NA,NA
GCF_009739695.1_ASM973969v1,Homo sapiens,blood
GCF_023734975.1_ASM2373497v1,Homo sapiens,NA
GCF_038441145.1_ASM3844114v1,Homo sapiens,blood
GCF_017352015.1_ASM1735201v1,broiler chicken,NA
GCF_023093995.1_ASM2309399v1,Homo sapiens,sputum
GCF_005165545.1_ASM516554v1,NA,sediment
GCF_032362635.1_ASM3236263v1,Homo sapiens,NA
GCF_001663295.1_ASM166329v1,Homo sapiens,NA
GCF_009951245.1_ASM995124v1,NA,Raw beef
GCF_014672875.1_ASM1467287v1,NA,kimchi
GCF_030323665.1_ASM3032366v1,blood,NA
GCF_022558765.1_ASM2255876v1,Homo sapiens,throat swab
GCF_021117295.1_ASM2111729v1,NA,human skin swab
GCF_900166885.1_39674_D01,NA,NA
GCF_038441325.1_ASM3844132v1,Homo sapiens,sputum
GCF_024971835.1_ASM2497183v1,NA,Hospital sewage
GCF_036227205.1_ASM3622720v1,NA,NA
GCF_000439575.1_ASM43957v1,NA,NA
GCF_017164815.1_ASM1716481v1,NA,Bovine Faeces
GCF_030369655.1_ASM3036965v1,NA,Laying hen
GCF_004367995.1_ASM436799v1,NA,soil core
GCF_009931055.1_ASM993105v1,Homo sapiens,Physical
GCF_022964815.1_ASM2296481v1,Homo sapiens,Chronic wound
GCF_013085885.1_ASM1308588v1,Homo sapiens,rectal swab
GCF_007556815.1_ASM755681v1,NA,ENVO:00000227
GCF_018604385.1_ASM1860438v1,Homo sapiens,blood
GCF_000165505.1_ASM16550v1,NA,marine mud
GCF_002759335.2_ASM275933v2,Phaseolus vulgaris,NA
GCF_021228735.1_ASM2122873v1,Homo sapiens,feces
GCF_003032055.1_ASM303205v1,NA,NA
GCF_019443545.1_ASM1944354v1,Homo sapiens,blood
GCF_003410275.1_ASM341027v1,Homo sapiens,Rectal swab
GCF_036231985.1_ASM3623198v1,NA,soil
GCF_030062875.1_ASM3006287v1,Meles meles,Feces
GCF_000221025.1_ASM22102v1,NA,NA
GCF_000010385.1_ASM1038v1,NA,NA
GCF_001047635.1_ASM104763v1,Mus musculus,Kidney
GCF_003324715.1_ASM332471v1,NA,laboratory
GCF_000298475.2_ASM29847v2,Anas platyrhynchos,duck with no clinical signs
GCF_040250335.1_ASM4025033v1,Homo sapiens,urine
GCF_002853715.1_ASM285371v1,NA,clinical patient
GCF_021398655.1_ASM2139865v1,Morus alba,NA
GCF_025558285.1_ASM2555828v1,Camel,swab
GCF_000511405.1_ASM51140v1,NA,AFB-diseased colony
GCF_024298545.1_ASM2429854v1,Homo sapiens,NA
GCF_013488105.1_ASM1348810v1,Sus scrofa domestica,brain
GCF_023330825.1_ASM2333082v1,Homo sapiens,stool
GCF_012295615.1_ASM1229561v1,NA,Peter Dedon MIT
GCF_000022805.1_ASM2280v1,NA,NA
GCF_003234655.2_ASM323465v2,NA,leaf litter
GCF_001886995.1_ASM188699v1,gull,NA
GCF_016906245.1_ASM1690624v1,NA,DSMZ Isolate
GCF_025732135.1_ASM2573213v1,NA,soil
GCF_012647365.1_ASM1264736v1,NA,laboratory
GCF_001715615.1_ASM171561v1,NA,fermented chinese cabbage
GCF_023897035.1_ASM2389703v1,Homo sapiens,Deep venous catheter
GCF_002891965.1_ASM289196v1,NA,clam larvae aquaculture
GCF_002946675.1_ASM294667v1,NA,Gimbap
GCF_001457675.1_NCTC10384,Homo sapiens,feces
GCF_030489965.1_ASM3048996v1,Homo sapiens,NA
GCF_000225325.1_ASM22532v1,NA,NA
GCF_038432515.1_ASM3843251v1,Homo sapiens,Abs/pus/wd
GCF_021233135.1_ASM2123313v1,NA,Fermented vegetables
GCF_016598595.1_ASM1659859v1,NA,cold seep
GCF_000166695.1_ASM16669v1,NA,hot spring biomat
GCF_023517775.1_ASM2351777v1,Homo sapiens,blood culture
GCF_019175485.1_ASM1917548v1,NA,stream/river surface water
GCF_001908815.1_ASM190881v1,Capsicum annuum,Pepper leaf
GCF_030585545.1_ASM3058554v1,NA,bovine feces
GCF_030315915.2_ASM3031591v2,Homo sapiens,bile
GCF_021442085.1_ASM2144208v1,NA,mangrove sediment
GCF_022354285.1_ASM2235428v1,NA,Shatin WWTPs_14 WWTPs effluent
GCF_003352425.1_ASM335242v1,NA,cucumber
GCF_040550895.1_ASM4055089v1,NA,hospital
GCF_016864255.1_ASM1686425v1,Homo sapiens,urine
GCF_030013575.1_ASM3001357v1,Sus scrofa,feces
GCF_024346815.1_ASM2434681v1,Homo sapiens,Tracheal intubation
GCF_014068615.1_ASM1406861v1,NA,Carrot juice
GCF_013624375.1_ASM1362437v1,NA,Freshwater sample from upstream of wastewater treatment plant
GCF_031199395.2_ASM3119939v2,NA,experiment
GCF_025987685.1_ASM2598768v1,Phaseolus vulgaris,leaf
GCF_002355795.1_ASM235579v1,Homo sapiens,human-gut
GCF_002892085.1_ASM289208v1,NA,clam larvae aquaculture
GCF_033240085.1_ASM3324008v1,Homo sapiens,rectal swab
GCF_035594075.1_ASM3559407v1,NA,urine
GCF_027595145.1_ASM2759514v1,Homo sapiens,NA
GCF_040267755.1_ASM4026775v1,NA,Breast milk
GCF_040373215.1_WHO_O_2024,Homo sapiens,Urogenital
GCF_016939815.1_ASM1693981v1,Homo sapiens,endotracheal cannula
GCF_008808035.1_ASM880803v1,NA,Poultry carcass
GCF_036419255.1_ASM3641925v1,Homo sapiens,fecal sample
GCF_025560265.1_ASM2556026v1,walnut,crown gall
GCF_038441115.1_ASM3844111v1,Homo sapiens,blood
GCF_003095695.1_ASM309569v1,NA,intestine
GCF_003711225.1_ASM371122v1,NA,freshwater
GCF_008926185.1_ASM892618v1,NA,Diced lamb
GCF_009498175.3_ASM949817v3,Swine,Rectal swab
GCF_029906485.1_ASM2990648v1,NA,agricultural soil
GCF_003854935.1_ASM385493v1,Homo sapiens,clinical isolate
GCF_013394425.1_ASM1339442v1,Homo sapiens,NA
GCF_020827655.1_ASM2082765v1,Homo sapiens,blood
GCF_020702615.2_ASM2070261v2,Homo sapiens,NA
GCF_015767895.1_ASM1576789v1,NA,NA
GCF_013746155.1_ASM1374615v1,NA,Wastewater influent sample
GCF_001674505.2_ASM167450v2,Homo sapiens,NA
GCF_007989425.1_ASM798942v1,Ixodes ovatus,NA
GCF_015355975.1_ASM1535597v1,Homo sapiens,NA
GCF_027944775.1_ASM2794477v1,NA,ICU patient rectal swab
GCF_025983385.1_ASM2598338v1,Bovine,NA
GCF_030845555.1_ASM3084555v1,Homo sapiens,Surveillance
GCF_018075005.1_ASM1807500v1,NA,wound
GCF_001022095.1_ASM102209v1,Homo sapiens,NA
GCF_001886395.1_ASM188639v1,NA,seawater
GCF_036884805.1_ASM3688480v1,Homo sapiens,stool
GCF_035976515.1_ASM3597651v1,NA,NA
GCF_003308955.1_ASM330895v1,NA,NA
GCF_028551585.1_ASM2855158v1,NA,ICU patient rectal swab
GCF_012221565.1_ASM1222156v1,Homo sapiens,colonoscopy
GCF_016454645.1_ASM1645464v1,NA,swine
GCF_009909365.1_ASM990936v1,Homo sapiens,blood
GCF_964049315.1_30224_1_333,NA,NA
GCF_029537415.1_ASM2953741v1,NA,NA
GCF_014334255.1_ASM1433425v1,NA,NA
GCF_001945665.1_ASM194566v1,Homo sapiens,Blood
GCF_964054525.1_30821_1_274,NA,NA
GCF_003345335.1_ASM334533v1,Homo sapiens,NA
GCF_030553135.1_ASM3055313v1,NA,dried distillers grain
GCF_024266465.1_ASM2426646v1,Homo sapiens,stool
GCF_002180135.1_ASM218013v1,NA,NA
GCF_011046975.1_ASM1104697v1,NA,soil
GCF_021650975.2_ASM2165097v2,NA,Sihwaho Lake
GCF_020882625.1_ASM2088262v1,NA,ENVO:00002149
GCF_025559605.1_ASM2555960v1,Camel,swab
GCF_000341345.1_ASM34134v1,NA,NA
GCF_000750225.1_ASM75022v1,Homo sapiens,tracheal aspirate
GCF_009950475.1_ASM995047v1,NA,Raw mutton
GCF_024364845.1_ASM2436484v1,Homo sapiens,NA
GCF_023299645.1_ASM2329964v1,NA,pet food (BARF)
GCF_003665375.1_ASM366537v1,Homo sapiens,NA
GCF_026057735.1_ASM2605773v1,Homo sapiens,subgingival plaque of chronic periodontitis lesion
GCF_002983965.1_ASM298396v1,Homo sapiens,Stool
GCF_035594245.1_ASM3559424v1,Homo sapiens,rectal swab
GCF_033867515.1_ASM3386751v1,Homo sapiens,patient
GCF_030388645.1_ASM3038864v1,Homo sapiens,NA
GCF_002219265.1_ASM221926v1,Homo sapiens,NA
GCF_018282115.1_ASM1828211v1,NA,Tidal pool
GCF_000306865.1_ASM30686v1,NA,NA
GCF_000512835.2_ASM51283v2,NA,NA
GCF_036226685.1_ASM3622668v1,NA,soil
GCF_024700885.2_ASM2470088v2,Homo sapiens,stool sample
GCF_008033155.1_ASM803315v1,NA,kimchi
GCF_029227835.1_ASM2922783v1,bovine,NA
GCF_029011255.1_ASM2901125v1,Homo sapiens,vagina
GCF_022353865.1_ASM2235386v1,NA,Shek Wu Hui WWTPs_72 WWTPs effluent
GCF_030388425.1_ASM3038842v1,Homo sapiens,Patient blood
GCF_001677275.1_ASM167727v1,NA,Filtered Seawater; 0.2-1 micron fraction
GCF_000759555.1_ASM75955v1,NA,clinical isolate
GCF_039903365.1_ASM3990336v1,NA,natto
GCF_023299425.1_ASM2329942v1,NA,pet food (BARF)
GCF_006874765.1_ASM687476v1,Canis lupus familiaris,urine
GCF_002192295.1_ASM219229v1,NA,NA
GCF_001664465.1_ASM166446v1,Phaseolus vulgaris,legume-root nodule
GCF_001922105.1_ASM192210v1,Citrus hystrix,citrus leaf
GCF_009296145.1_ASM929614v1,NA,feces
GCF_002078495.2_ASM207849v2,NA,Dairy fermentation
GCF_040581435.1_ASM4058143v1,NA,SALMON (SA)
GCF_003429365.1_ASM342936v1,Homo sapiens,Human Stool
GCF_025559465.1_ASM2555946v1,Cattle,milk
GCF_003855295.1_ASM385529v1,Homo sapiens,urethra
GCF_023238365.1_ASM2323836v1,Homo sapiens,urine
GCF_029691425.1_ASM2969142v1,Homo sapiens,milk
GCF_002853385.2_ASM285338v2,Homo sapiens,NA
GCF_016454425.1_ASM1645442v1,NA,turkey
GCF_000493375.1_BAPNAU_WGS,NA,NA
GCF_003018755.1_ASM301875v1,Homo sapiens,stool
GCF_036865845.1_ASM3686584v1,Triticum aestivum 'Rembrandt',Flag leaf of wheat
GCF_021474205.1_ASM2147420v1,soybean,NA
GCF_019355535.1_ASM1935553v1,Phyla canescens,NA
GCF_034080225.1_ASM3408022v1,pig,feces
GCF_017347425.1_ASM1734742v1,Felis catus,Nasal cavity
GCF_023205035.1_ASM2320503v1,Homo sapiens,urine
GCF_028224675.1_ASM2822467v1,Homo sapiens,sputum
GCF_022811565.1_ASM2281156v1,NA,soil
GCF_003798165.1_ASM379816v1,Homo sapiens,Abdominal abscess
GCF_034704615.1_ASM3470461v1,Chicken,Chicken farm
GCF_012524235.2_UCSC_CitroTSA_2.0,NA,laboratory stock
GCF_028892845.1_ASM2889284v1,Bos taurus,Manila ropes placed above water tanks and feed bunks used as sampling devices
GCF_003717575.1_ASM371757v1,NA,NA
GCF_002844715.2_ASM284471v2,Equus caballus,Placental tissue
GCF_021378295.1_ASM2137829v1,NA,Orsay
GCF_023614505.1_ASM2361450v1,Homo sapiens,Conjunctival secretion
GCF_030490405.1_ASM3049040v1,Homo sapiens,NA
GCF_001558935.2_ASM155893v2,Homo sapiens,Stool
GCF_023518195.1_ASM2351819v1,NA,NA
GCF_003990725.2_ASM399072v2,NA,water sample
GCF_036776515.1_ASM3677651v1,Homo sapiens,sputum
GCF_022220945.1_ASM2222094v1,cattle,NA
GCF_016904925.1_ASM1690492v1,NA,saltpan
GCF_037871955.1_ASM3787195v1,Homo sapiens,NA
GCF_030062825.1_ASM3006282v1,Meles meles,Feces
GCF_002237465.1_ASM223746v1,Homo sapiens,endotracheal tube
GCF_018460065.1_ASM1846006v1,NA,stool
GCF_025263625.1_ASM2526362v1,NA,pig feces
GCF_904863255.1_MINF_9A,Homo sapiens,blood
GCF_024917855.1_ASM2491785v1,Homo sapiens,blood
GCF_008505035.1_ASM850503v1,Homo sapiens,rectal screen
GCF_016903395.1_ASM1690339v1,Homo sapiens,NA
GCF_001932775.1_ASM193277v1,Salmo salar,Liver
GCF_025560005.1_ASM2556000v1,walnut,crown gall
GCF_003036645.2_ASM303664v2,Homo sapiens,NA
GCF_034377425.1_ASM3437742v1,NA,NA
GCF_037923795.1_ASM3792379v1,Homo sapiens,NA
GCF_017724195.1_ASM1772419v1,Homo sapiens,Respiratory specimen
GCF_014189375.1_ASM1418937v1,Homo sapiens,Rectum
GCF_022014815.1_ASM2201481v1,NA,Urban soil
GCF_036272135.1_ASM3627213v1,Pig,NA
GCF_900183995.1_PD5205.1,NA,NA
GCF_003391275.1_ASM339127v1,Drosophila melanogaster,gut
GCF_030389295.1_ASM3038929v1,Homo sapiens,feces
GCF_019702965.1_ASM1970296v1,Homo sapiens,bile
GCF_000154765.2_ASM15476v2,NA,NA
GCF_000196435.1_ASM19643v1,NA,NA
GCF_009884315.1_ASM988431v1,Homo sapiens,stool
GCF_013167235.1_ASM1316723v1,cattle,cattle feces
GCF_020002245.1_ASM2000224v1,NA,soil
GCF_001704955.2_ASM170495v2,NA,freshwater
GCF_003034205.2_ASM303420v2,NA,cheese
GCF_030490655.1_ASM3049065v1,Homo sapiens,NA
GCF_910589455.1_Kp1-VIM,Homo sapiens,urine
GCF_024298745.1_ASM2429874v1,Homo sapiens,NA
GCF_020388275.1_ASM2038827v1,Homo sapiens,Skin swab
GCF_016889945.1_ASM1688994v1,NA,NA
GCF_037668675.1_ASM3766867v1,Chicken,NA
GCF_025723205.1_ASM2572320v1,Mus musculus,NA
GCF_009648575.1_ASM964857v1,NA,minced meat
GCF_014280435.1_ASM1428043v1,NA,Antarctic soil
GCF_023374875.1_ASM2337487v1,Homo sapiens,NA
GCF_003942025.1_ASM394202v1,Atlantic salmon,diseased Atlantic salmon
GCF_001278035.1_ASM127803v1,NA,activated sludge
GCF_038441125.1_ASM3844112v1,Homo sapiens,blood
GCF_017352075.1_ASM1735207v1,Homo sapiens,urine
GCF_001891105.1_ASM189110v1,eggplant,NA
GCF_008931485.1_ASM893148v1,Homo sapiens,clinical sample
GCF_030323605.1_ASM3032360v1,Homo sapiens,NA
GCF_000982825.1_ASM98282v1,NA,primary hospital lab
GCF_028747685.1_ASM2874768v1,Homo sapiens,blood
GCF_014672815.1_ASM1467281v1,NA,soil
GCF_022558705.1_ASM2255870v1,Homo sapiens,urine
GCF_036327715.1_ASM3632771v1,NA,mulberry wine
GCF_001969425.1_ASM196942v1,NA,Dessicated Chinese egg powder
GCF_001908415.1_ASM190841v1,NA,environment
GCF_003956345.1_ASM395634v1,Homo sapiens,stool
GCF_019443745.1_ASM1944374v1,NA,ocean sediment
GCF_006088755.1_ASM608875v1,NA,soil
GCF_017723975.1_ASM1772397v1,Homo sapiens,Respiratory specimen
GCF_009833025.1_ASM983302v1,NA,Diseased Labeo rohita fish
GCF_023734915.1_ASM2373491v1,Homo sapiens,NA
GCF_020736005.1_ASM2073600v1,NA,NA
GCF_009883875.1_ASM988387v1,Penaeus vannamei,AHPND infected Litopenaeus vannamei
GCF_001886595.1_ASM188659v1,NA,NA
GCF_019134555.1_ASM1913455v1,NA,culture collection
GCF_032833155.1_ASM3283315v1,Homo sapiens,blood
GCF_031851475.1_ASM3185147v1,Larus michahellis,NA
GCF_022354085.1_ASM2235408v1,NA,Shek Wu Hui WWTPs_49 WWTPs effluent
GCF_020808985.1_ASM2080898v1,Homo sapiens,feces
GCF_002952095.1_ASM295209v1,Homo sapiens,urine
GCF_021651035.1_ASM2165103v1,NA,soil
GCF_015240855.1_ASM1524085v1,Homo sapiens,blood
GCF_004028255.1_ASM402825v1,NA,sugarcane root
GCF_015167415.1_ASM1516741v1,NA,rice leaves
GCF_020042725.1_ASM2004272v1,NA,Rubing Cheese
GCF_010692925.1_ASM1069292v1,NA,contaminated soil
GCF_034121025.1_ASM3412102v1,Homo sapiens,blood
GCF_030020425.1_ASM3002042v1,Homo sapiens,urine
GCF_014295235.1_ASM1429523v1,Homo sapiens,feces from healthy individual
GCF_023653885.1_ASM2365388v1,NA,conjugation assay
GCF_016952595.1_ASM1695259v1,NA,swine
GCF_028335205.1_ASM2833520v1,Bos taurus,fecal sample
GCF_915401735.1_2019-04-28369-1-2,Canis lupus familiaris,Intestine
GCF_033441885.1_ASM3344188v1,Pelargonium x hortorum,NA
GCF_003515965.1_ASM351596v1,Homo sapiens,human stool
GCF_018223665.1_ASM1822366v1,NA,Beef Ribs
GCF_040543095.1_ASM4054309v1,Homo sapiens,swab
GCF_023205265.1_ASM2320526v1,NA,plant
GCF_004010575.1_ASM401057v1,NA,Stool
GCF_016510335.1_ASM1651033v1,Homo sapiens,urine
GCF_015074905.1_ASM1507490v1,Homo sapiens,stool
GCF_022759905.1_ASM2275990v1,Homo sapiens,stool
GCF_030758835.1_ASM3075883v1,Homo sapiens,NA
GCF_036345015.1_ASM3634501v1,NA,water
GCF_006742065.1_ASM674206v1,NA,NA
GCF_002984395.1_ASM298439v1,Homo sapiens,Urine catheter
GCF_003675305.1_ASM367530v1,Cerambycidae sp.,larvae
GCF_016925495.1_ASM1692549v1,NA,stream biofilm
GCF_014884745.1_ASM1488474v1,NA,tomato
GCF_024585485.1_ASM2458548v1,Poultry,Cloacal sample
GCF_023517715.1_ASM2351771v1,NA,Infusion stand_P63_BU16
GCF_001672455.2_ASM167245v2,Biserrula pelecinus L.,Root nodule
GCF_000010865.1_ASM1086v1,NA,NA
GCF_001927725.2_ASM192772v2,Oryza sativa,NA
GCF_002085925.2_ASM208592v2,NA,marine sediment
GCF_036287395.1_ASM3628739v1,Homo sapiens,blood
GCF_000024525.1_ASM2452v1,NA,NA
GCF_033245165.1_ASM3324516v1,Homo sapiens,blood
GCF_030408715.1_ASM3040871v1,Homo sapiens,human plantar abscess of 36-year-old male
GCF_030489905.1_ASM3048990v1,Homo sapiens,NA
GCF_002056385.1_ASM205638v1,NA,NA
GCF_036865875.1_ASM3686587v1,Triticum aestivum 'Rembrandt',Flag leaf of wheat
GCF_013426095.1_ASM1342609v1,NA,sewage
GCF_037879565.1_ASM3787956v1,Homo sapiens,NA
GCF_018228585.1_ASM1822858v1,NA,soil
GCF_013820465.1_ASM1382046v1,NA,Pooled sheep faecal samples collected from floor of farm
GCF_016127135.1_ASM1612713v1,NA,NA
GCF_034644455.1_ASM3464445v1,Homo sapiens,Infected Human Urine
GCF_014843255.1_ASM1484325v1,NA,waste water and activated sludge
GCF_027595125.1_ASM2759512v1,Homo sapiens,NA
GCF_040267735.1_ASM4026773v1,NA,tempeh
GCF_030585525.1_ASM3058552v1,NA,bovine feces
GCF_019970995.1_ASM1997099v1,NA,NA
GCF_002257765.2_ASM225776v2,Homo sapiens,NA
GCF_019329585.1_ASM1932958v1,Homo sapiens,NA
GCF_016864235.1_ASM1686423v1,NA,Water
GCF_004768645.1_ASM476864v1,Homo sapiens,NA
GCF_000009205.2_ASM920v2,NA,NA
GCF_002954055.1_ASM295405v1,Homo sapiens,Peripheral blood
GCF_021228755.1_ASM2122875v1,Homo sapiens,urine
GCF_017183655.1_ASM1718365v1,Homo sapiens,Clinical patient
GCF_009789555.1_ASM978955v1,NA,particulate matter
GCF_034642855.1_ASM3464285v1,Homo sapiens,Infected Human Urine
GCF_027286085.1_ASM2728608v1,NA,sewage plant
GCF_003018155.1_ASM301815v1,Homo sapiens,stool
GCF_035323065.1_ASM3532306v1,NA,Lettuce
GCF_001663715.1_ASM166371v1,NA,brewery environment
GCF_002157185.1_ASM215718v1,NA,soil
GCF_024971855.1_ASM2497185v1,NA,sewage
GCF_003855495.1_ASM385549v1,NA,groundwater
GCF_017164875.1_ASM1716487v1,NA,Bovine Faeces
GCF_022964875.1_ASM2296487v1,Homo sapiens,Chronic wound
GCF_040745645.1_ASM4074564v1,Wild bird,Fecal matter
GCF_028220175.1_ASM2822017v1,Homo sapiens,sputum
GCF_018336515.1_ASM1833651v1,Homo sapiens,Secretions
GCF_001611135.1_ASM161113v1,NA,pilsner beer
GCF_001890325.1_ASM189032v1,Homo sapiens,NA
GCF_003054785.2_ASM305478v2,NA,soil sample
GCF_013488165.1_ASM1348816v1,Sus scrofa domesticus,brain
GCF_023330845.1_ASM2333084v1,Homo sapiens,stool
GCF_024298525.1_ASM2429852v1,Homo sapiens,NA
GCF_004014775.2_ASM401477v2,NA,vinegar
GCF_000017665.1_ASM1766v1,NA,NA
GCF_000742655.1_ASM74265v1,NA,soil
GCF_016906225.1_ASM1690622v1,NA,DSMZ Isolate
GCF_001664265.1_ASM166426v1,Phaseolus vulgaris,legume-root nodule
GCF_003667925.1_ASM366792v1,NA,NA
GCF_002549815.1_ASM254981v1,Solanum lycopersicum,Tomato with bacterial wilt
GCF_040250355.1_ASM4025035v1,Homo sapiens,urine
GCF_023362195.1_ASM2336219v1,Homo sapiens,sputum
GCF_032464395.1_ASM3246439v1,Homo sapiens,NA
GCF_002761115.1_ASM276111v1,NA,Human
GCF_013167055.1_ASM1316705v1,NA,NA
GCF_014770655.1_ASM1477065v1,Ovis aries,finished sheep/lamb carcass in sales cooler
GCF_025266795.1_ASM2526679v1,Homo sapiens,NA
GCF_009739485.1_ASM973948v1,NA,NA
GCF_016126715.1_ASM1612671v1,Canis lupus familiaris,skin
GCF_016903335.1_ASM1690333v1,Homo sapiens,NA
GCF_030389235.1_ASM3038923v1,Homo sapiens,feces
GCF_022494415.1_ASM2249441v1,NA,Stanley WWTPs_4 WWTPs influent
GCF_905220715.1_XAC301,NA,leaf spots
GCF_038396885.1_ASM3839688v1,Homo sapiens,urine
GCF_000009605.1_ASM960v1,Acyrthosiphon pisum,NA
GCF_015220695.1_ASM1522069v1,Homo sapiens,eye
GCF_002812665.1_ASM281266v1,Homo sapiens,urine
GCF_003971565.1_ASM397156v1,Homo sapiens,Korean vaginal fluid
GCF_006517835.1_ASM651783v1,NA,Coal mine soil
GCF_002903215.1_ASM290321v1,NA,NA
GCF_031190615.1_ASM3119061v1,Homo sapiens,spinal fluid
GCF_016237985.1_ASM1623798v1,Homo,China: Anhui
GCF_013374275.1_ASM1337427v1,Homo sapiens,human stool
GCF_014217355.1_ASM1421735v1,Homo sapiens,Subgingival dental plaque
GCF_023516135.1_ASM2351613v1,Homo sapiens,Human feces
GCF_002303275.1_ASM230327v1,Homo sapiens,Stool
GCF_021513335.1_ASM2151333v1,Homo sapiens,NA
GCF_020883255.1_ASM2088325v1,Homo sapiens,NA
GCF_023518135.1_ASM2351813v1,NA,NA
GCF_030845795.1_ASM3084579v1,Homo sapiens,NA
GCF_013347125.1_ASM1334712v1,NA,shallow sea; symbosis with harmful algal bloom algae
GCF_004136155.1_ASM413615v1,Bovine,ground beef
GCF_001643355.2_ASM164335v2,NA,Aeromonas salmonicida J223 after thermal Shock
GCF_018279145.1_ASM1827914v1,NA,animal
GCF_019797765.1_ASM1979776v1,NA,Seawater
GCF_021137955.1_ASM2113795v1,Homo sapiens,urine
GCF_002012045.1_ASM201204v1,Homo sapiens,NA
GCF_011306175.1_ASM1130617v1,Anodonta arcaeformis,NA
GCF_017357305.1_ASM1735730v1,lentil,NA
GCF_900637875.1_52700_F01,Human (92 yr old Woman),Sputum
GCF_013487745.1_ASM1348774v1,NA,marine sediment
GCF_037157745.1_ASM3715774v1,Homo sapiens,sputum
GCF_016454485.1_ASM1645448v1,NA,turkey
GCF_002201995.1_ASM220199v1,NA,food
GCF_001900615.1_ASM190061v1,dog,NA
GCF_024397415.1_ASM2439741v1,Homo sapiens,NA
GCF_030506095.1_ASM3050609v1,elephant,feces
GCF_011290545.1_ASM1129054v1,NA,seawater in intertidal zone
GCF_010104355.1_ASM1010435v1,NA,soil [BTO:0003809]
GCF_003568625.1_ASM356862v1,NA,soil
GCF_003038215.3_ASM303821v3,Homo sapiens,NA
GCF_002948835.2_ASM294883v2,NA,NA
GCF_023299485.1_ASM2329948v1,NA,pet food (BARF)
GCF_031600295.1_ASM3160029v1,NA,Evolved in the lab from parent CGA009 strain
GCF_001543225.1_ASM154322v1,Bos taurus,NA
GCF_002848685.1_ASM284868v1,Homo sapiens,blood
GCF_003812925.1_ASM381292v1,Homo sapiens,NA
GCF_000210815.2_ASM21081v2,NA,NA
GCF_019598965.1_ASM1959896v1,NA,soil
GCF_029220045.1_ASM2922004v1,Solanum tuberosum,NA
GCF_002005345.1_ASM200534v1,NA,rice paddy soil
GCF_036226445.1_ASM3622644v1,NA,NA
GCF_001690075.1_ASM169007v1,NA,Chicken Meat
GCF_040536855.1_ASM4053685v1,Homo sapiens,NA
GCF_902509525.1_Se_RP62a_UoM,NA,clinical
GCF_018741085.1_ASM1874108v1,NA,soil
GCF_001623845.1_ASM162384v1,Bovine,bovine adipose trim
GCF_022559345.1_ASM2255934v1,Homo sapiens,feces
GCF_013343615.1_ASM1334361v1,NA,Food (meat)
GCF_002202075.1_ASM220207v1,Homo sapiens,NA
GCF_003595385.1_ASM359538v1,Homo sapiens,Groin
GCF_009938265.1_ASM993826v1,Togo hemipterus,Midgut crypts of stink bug Togo hemipterus
GCF_001989555.1_ASM198955v1,Homo sapiens,Clinical
GCF_024363255.1_ASM2436325v1,Trachurus japonicus,Japanese horse mackerel (Trachurus japonicus)
GCF_004120075.1_ASM412007v1,Homo sapiens,end of the catheter
GCF_020080145.1_ASM2008014v1,Homo sapiens,secretion
GCF_916098255.1_Cu-CCUG14913,Canis lupus familiaris,Feces
GCF_029227895.1_ASM2922789v1,bovine,NA
GCF_001787355.1_ASM178735v1,NA,Ragi
GCF_025452035.1_ASM2545203v1,Euphorbia pulcherrima cv. Atla,PO_0009002
GCF_022699345.1_ASM2269934v1,Homo sapiens,skin swab
GCF_025562635.2_ASM2556263v2,Homo sapiens,urethal swab
GCF_029591945.1_ASM2959194v1,NA,Chicken meat
GCF_038444095.1_Kp067-M3,Homo sapiens,NA
GCF_017189395.1_ASM1718939v1,Homo sapiens,Clinical patient
GCF_000069225.1_ASM6922v1,NA,NA
GCF_000250635.1_ASM25063v1,NA,NA
GCF_028994195.1_ASM2899419v1,NA,soil
GCF_032829175.1_ASM3282917v1,Homo sapiens,blood
GCF_013122645.1_ASM1312264v1,rice,NA
GCF_003173695.1_ASM317369v1,Apis mellifera,gut
GCF_029948145.1_ASM2994814v1,Homo sapiens,other
GCF_026643455.2_ASM2664345v2,Homo sapiens,NA
GCF_018289035.1_ASM1828903v1,Homo sapiens,feces
GCF_038442555.1_CIRI-F15-06,cat,urine
GCF_024397675.1_ASM2439767v1,Xinyang black-feather laying hens,ileum
GCF_005844025.1_ASM584402v1,Homo sapiens,NA
GCF_000179575.2_ASM17957v2,NA,deep-sea hydrothermal vent chimney at the Iheya Ridge in the Okinawa Trough
GCF_025200555.1_ASM2520055v1,Bos taurus,feedlot
GCF_001518775.1_ASM151877v1,fish,NA
GCF_000986765.1_ASM98676v1,Homo sapiens,stool sample from a 64-year-old woman from Hamburg who presented with bloody diarrhea and did not develop hemolytic uremic syndrome (HUS)
GCF_018279325.1_ASM1827932v1,Homo sapiens,NA
GCF_003718395.1_ASM371839v1,NA,NA
GCF_901827155.1_ASM90182715v1,NA,linuron-contaminated soil
GCF_008364465.2_ASM836446v2,NA,Carrots
GCF_004353445.2_CRIE_YEK19v5,Homo sapiens,patient's blood plasma
GCF_034272075.1_ASM3427207v1,NA,biogas fermenter sludge
GCF_030996525.1_ASM3099652v1,dog,Prostatic abscess
GCF_014217135.1_ASM1421713v1,Pig,cecal sample
GCF_024331445.2_ASM2433144v2,Homo sapiens,stool sample
GCF_019287195.1_ASM1928719v1,Homo sapiens,urine
GCF_036689565.1_ASM3668956v1,Brassica rapa var. glabra,Kimchi
GCF_024652925.1_ASM2465292v1,Homo sapiens,stool
GCF_023518355.1_ASM2351835v1,NA,Rectal swab of live bovine cattle
GCF_009497995.1_ASM949799v1,Homo sapiens,Tissue
GCF_021513155.1_ASM2151315v1,NA,Antarctica sediment
GCF_964036945.1_30345_1_279,NA,NA
GCF_037282145.1_ASM3728214v1,Homo sapiens,bloodstream
GCF_026873505.1_ASM2687350v1,Homo sapiens,feces
GCF_005221565.1_ASM522156v1,NA,cattle
GCF_029906425.1_ASM2990642v1,Homemade pickle,NA
GCF_030271855.1_ASM3027185v1,Homo sapiens,patient urine
GCF_000978815.2_ASM97881v2,NA,Rectal swab of live bovine cattle
GCF_015283885.1_ASM1528388v1,NA,Human fecal samples
GCF_002011925.2_ASM201192v2,NA,soil
GCF_016903155.1_ASM1690315v1,Homo sapiens,NA
GCF_030644305.1_ASM3064430v1,NA,Oyster
GCF_025143215.1_ASM2514321v1,NA,ENVO:00002034
GCF_027594565.1_ASM2759456v1,NA,Vacuum packed lamb meat imported from New Zealand to Switzerland
GCF_011045455.1_ASM1104545v1,NA,Mastitis Milk
GCF_025979705.1_ASM2597970v1,NA,soil sample
GCF_037772145.1_ASM3777214v1,Homo sapiens,NA
GCF_004798745.1_ASM479874v1,Homo sapiens,NA
GCF_023362135.1_ASM2336213v1,Homo sapiens,blood
GCF_032254155.1_ASM3225415v1,NA,water
GCF_034197895.1_ASM3419789v1,Homo sapiens,sputum
GCF_026409325.1_ASM2640932v1,rabbit,NA
GCF_033129965.1_ASM3312996v1,Homo sapiens,feces
GCF_016757695.1_ASM1675769v1,NA,fermented milk
GCF_001188755.1_ASM118875v1,NA,NA
GCF_030369695.1_ASM3036969v1,NA,soil
GCF_032293625.1_ASM3229362v1,Homo sapiens,NA
GCF_014169775.1_ASM1416977v1,NA,wastewater
GCF_020881955.1_ASM2088195v1,NA,water
GCF_018604345.1_ASM1860434v1,Homo sapiens,sputum
GCF_008271385.1_ASM827138v1,NA,Heifer vaginal mucus
GCF_001595725.1_ASM159572v1,NA,soil
GCF_964056585.1_30859_5_62,NA,NA
GCF_037522945.1_ASM3752294v1,Homo sapiens,NA
GCF_003073935.1_ASM307393v1,NA,NA
GCF_009912775.1_ASM991277v1,Homo sapiens,NA
GCF_018739705.1_ASM1873970v1,NA,soil
GCF_015571955.1_ASM1557195v1,Sus scrofa domesticus,feces
GCF_000017065.1_ASM1706v1,NA,NA
GCF_019443585.1_ASM1944358v1,Homo sapiens,sputum
GCF_001307295.1_ASM130729v1,NA,activated sludge
GCF_008329885.1_ASM832988v1,Homo sapiens,nasal perirectal swab
GCF_015284065.1_ASM1528406v1,NA,Human fecal samples
GCF_904425455.1_ASM90442545v1,NA,activated sludge
GCF_001586135.1_ASM158613v1,Solanum tuberosum,NA
GCF_000517605.1_ASM51760v1,Trifolium uniflorum,root nodule of Trifolium uniflorum collected on the edge of a valley
GCF_964063755.1_Latilactobacillus_sakei_CIRM-BIA1912,NA,NA
GCF_900620225.1_BPH2819,Homo sapiens,blood
GCF_001679725.1_ASM167972v1,NA,NA
GCF_022788735.1_ASM2278873v1,NA,Sediment from the Channel Sea by Roscoff
GCF_021442045.1_ASM2144204v1,Homo sapiens,human
GCF_028356175.1_ASM2835617v1,Coregonus peled,NA
GCF_000027045.1_ASM2704v1,NA,NA
GCF_000024325.1_ASM2432v1,NA,NA
GCF_000021685.1_ASM2168v1,NA,NA
GCF_009755785.1_ASM975578v1,Bos taurus coreanae,Rumen fluid
GCF_030585585.1_ASM3058558v1,Homo sapiens,NA
GCF_022354245.1_ASM2235424v1,NA,Shatin WWTPs_16 WWTPs effluent
GCF_026689335.1_ASM2668933v1,Homo sapiens,NA
GCF_019329525.1_ASM1932952v1,Homo sapiens,NA
GCF_002753075.1_ASM275307v1,Homo sapiens,blood
GCF_009363155.1_ASM936315v1,NA,soil
GCF_025987645.1_ASM2598764v1,Phaseolus vulgaris,leaf
GCF_040369085.1_ASM4036908v1,Homo sapiens,NA
GCF_009859475.1_ASM985947v1,NA,agricultural waste material [ENVO:01000371]
GCF_025490495.1_ASM2549049v1,Philodendron erubescens,Aerial roots
GCF_003072585.2_ASM307258v2,NA,air
GCF_035983575.1_ASM3598357v1,NA,NA
GCF_025561625.1_ASM2556162v1,Camel,NA
GCF_018228525.1_ASM1822852v1,NA,soil
GCF_029990555.1_ASM2999055v1,NA,wastewater
GCF_014162935.2_ASM1416293v2,NA,ISS Mineral Grit embedded in adhesive paper 3 environmental surface
GCF_007833595.1_ASM783359v1,NA,turbot
GCF_004345205.2_ASM434520v2,Homo sapiens,pulmonary; AIDS
GCF_028743375.1_ASM2874337v1,Homo sapiens,NA
GCF_029277825.1_ASM2927782v1,Homo sapiens,human
GCF_003594935.2_ASM359493v2,Homo sapiens,NA
GCF_030034655.1_ASM3003465v1,Homo sapiens,sputum
GCF_904528075.1_ASM90452807v1,NA,acid mine drainage
GCF_030704325.1_ASM3070432v1,Homo sapiens,urine
GCF_905331265.2_AI2999v1_cpp,Homo sapiens,Hospital Univeristario de Bellvitge (Barcelona)
GCF_002949515.1_ASM294951v1,NA,NA
GCF_024585425.1_ASM2458542v1,Poultry,Cloacal sample
GCF_035190385.1_ASM3519038v1,Euphorbia granulata,plant
GCF_001693615.1_ASM169361v1,Magallana gigas,Japanese oyster larvae
GCF_015475975.1_ASM1547597v1,Vitis vinifera,NA
GCF_037941005.1_ASM3794100v1,Homo sapiens,NA
GCF_015291665.1_ASM1529166v1,Arachis hypogaea,nodule
GCF_001668465.2_ASM166846v2,Homo sapiens,NA
GCF_019175445.1_ASM1917544v1,NA,stream/river surface water
GCF_025369695.1_ASM2536969v1,Poultry,Pullet
GCF_024585645.1_ASM2458564v1,Poultry,Cloacal sample
GCF_021233395.1_ASM2123339v1,NA,ENVO:01000161
GCF_016496025.1_ASM1649602v1,Homo sapiens,wound secretion
GCF_030758895.1_ASM3075889v1,Homo sapiens,sputum
GCF_001542815.1_ASM154281v1,NA,NA
GCF_011617105.1_ASM1161710v1,NA,plant rhizosphere
GCF_016925435.1_ASM1692543v1,Homo sapiens,blood
GCF_003288395.1_ASM328839v1,NA,NA
GCF_016598735.1_ASM1659873v1,NA,NA
GCF_019048265.1_ASM1904826v1,NA,NA
GCF_005706655.1_ASM570665v1,Homo sapiens,Appendix abscess
GCF_005221365.1_ASM522136v1,NA,NA
GCF_013825725.1_ASM1382572v1,NA,Pooled pig faecal samples collected from floor of farm
GCF_013730675.1_ASM1373067v1,NA,Wastewater influent sample
GCF_030061755.1_ASM3006175v1,Homo sapiens,Isolated from blood of a 79 years old male
GCF_036130235.1_ASM3613023v1,NA,soil
GCF_014719215.1_ASM1471921v1,Homo sapiens,blood
GCF_020353915.1_ASM2035391v1,Homo sapiens,human feces
GCF_008693385.1_ASM869338v1,Homo sapiens,clinical isolate
GCF_003692695.1_ASM369269v1,NA,NA
GCF_000283715.1_ASM28371v1,NA,NA
GCF_013207105.1_ASM1320710v1,NA,NA
GCF_016415505.1_ASM1641550v1,Homo sapiens,rectal swab
GCF_002006235.2_ASM200623v2,NA,NA
GCF_025561445.1_ASM2556144v1,Camel,swab
GCF_024700815.2_ASM2470081v2,Homo sapiens,stool sample
GCF_016806835.2_ASM1680683v2,NA,hydrocarbon-contaminated desert sand
GCF_023653825.1_ASM2365382v1,NA,conjugation assay
GCF_014295295.1_ASM1429529v1,Homo sapiens,feces from healthy individual
GCF_001902255.1_ASM190225v1,Homo sapiens,Perirectal
GCF_019329745.1_ASM1932974v1,Homo sapiens,NA
GCF_020683045.1_ASM2068304v1,Homo sapiens,urine
GCF_032295845.1_ASM3229584v1,Homo sapiens,NA
GCF_022354025.1_ASM2235402v1,NA,Shek Wu Hui WWTPs_59 WWTPs effluent
GCF_000014485.1_ASM1448v1,NA,NA
GCF_001865515.1_ASM186551v1,NA,chicken liver
GCF_028870515.1_ASM2887051v1,NA,NA
GCF_001647755.1_ASM164775v1,NA,chicken carcass
GCF_011304815.1_ASM1130481v1,Homo sapiens,stool
GCF_022936365.1_ASM2293636v1,Homo sapiens,feces
GCF_022494645.1_ASM2249464v1,NA,river water
GCF_014841465.2_ASM1484146v2,Brassica napus,Seed
GCF_022827545.1_ASM2282754v1,NA,soil
GCF_009913555.1_ASM991355v1,NA,kimchi
GCF_014764425.1_ASM1476442v1,NA,a feces sample of migratory birds origin
GCF_027286245.1_ASM2728624v1,Homo sapiens,urine
GCF_004564115.1_ASM456411v1,Homo sapiens,NA
GCF_014169515.1_ASM1416951v1,NA,wastewater
GCF_038441185.1_ASM3844118v1,Homo sapiens,respiratory
GCF_013874375.1_ASM1387437v1,Cat,feces
GCF_019976755.1_ASM1997675v1,NA,water
GCF_003048775.2_ASM304877v2,Homo sapiens,saliva
GCF_029991185.1_ASM2999118v1,NA,wastewater treatment plant efflux
GCF_018604125.1_ASM1860412v1,Homo sapiens,urine
GCF_005885835.1_ASM588583v1,Homo sapiens,blood
GCF_000233435.1_ASM23343v1,Mastotermes darwiniensis,NA
GCF_027886605.1_ASM2788660v1,NA,laboratory strain
GCF_005222305.1_ASM522230v1,NA,cattle
GCF_009709035.1_ASM970903v1,Oncorhynchus mykiss,NA
GCF_002173655.1_ASM217365v1,NA,food
GCF_001447115.1_ASM144711v1,NA,ground turkey
GCF_003485445.1_ASM348544v1,Allium cepa L.,rotten onion bulb
GCF_013167295.1_ASM1316729v1,cattle,cattle feces
GCF_040250195.1_ASM4025019v1,NA,rumen fluid
GCF_001188045.2_ASM118804v2,Environment,water
GCF_905338025.2_AN2363v1_cp,Homo sapiens,Hospital Arquitecto Marcide (Ferrol)
GCF_037821945.1_ASM3782194v1,Pig,NA
GCF_904864605.1_INF044,Homo sapiens,urine
GCF_019711195.1_ASM1971119v1,NA,Subsurface sediment
GCF_007035975.1_ASM703597v1,NA,water
GCF_009914435.1_ASM991443v1,cow,cow feces
GCF_015137465.1_ASM1513746v1,NA,sewage
GCF_000009705.1_ASM970v1,NA,NA
GCF_006777065.1_ASM677706v1,Homo sapiens,urine from healthy adult with cystitis
GCF_030162035.2_ASM3016203v2,NA,NA
GCF_021399075.1_ASM2139907v1,NA,Atlantic salmon
GCF_039640455.1_YP_8,Homo sapiens,NA
GCF_037199635.2_BSN117_Closure,Homo sapiens,blood
GCF_036865885.1_ASM3686588v1,Triticum aestivum 'Rembrandt',Flag leaf of wheat
GCF_037157725.1_ASM3715772v1,Homo sapiens,bronchoalveolar lavage fluid
GCF_001708555.1_ASM170855v1,NA,Fecal samples from slaughtered sheep
GCF_028609665.1_ASM2860966v1,NA,shrimp
GCF_016756075.1_ASM1675607v1,Homo sapiens,sputum
GCF_005221965.1_ASM522196v1,NA,cattle
GCF_037113575.1_ASM3711357v1,NA,wet market [ENVO:03501198]
GCF_037059035.1_ASM3705903v1,Vulpes vulpes,intestine
GCF_001457535.1_CIP70.10,NA,human skin tissue
GCF_009362975.1_ASM936297v1,NA,The fermentation starter of Baijiu
GCF_002811305.2_ASM281130v2,Homo sapiens,NA
GCF_003204465.1_ASM320446v1,NA,NA
GCF_008274925.1_ASM827492v1,NA,soil
GCF_022559325.1_ASM2255932v1,Homo sapiens,sputum
GCF_024508155.1_ASM2450815v1,NA,NA
GCF_022492875.1_ASM2249287v1,Homo sapiens,blood
GCF_003076395.1_ASM307639v1,Homo sapiens,bile
GCF_025452235.1_ASM2545223v1,Vicia costata,root nodule
GCF_028891505.1_ASM2889150v1,Homo sapiens,other
GCF_003312565.1_ASM331256v1,NA,NA
GCF_040803885.1_ASM4080388v1,Homo sapiens,respiratory tract
GCF_029220025.1_ASM2922002v1,Solanum lycopersicum,NA
GCF_040687755.1_ASM4068775v1,NA,NA
GCF_004405205.2_ASM440520v2,Homo sapiens,stool
GCF_002000665.1_ASM200066v1,Homo sapiens,Wound groin
GCF_020410865.1_ASM2041086v1,NA,NA
GCF_009258225.1_ASM925822v1,NA,seawater
GCF_016725645.1_ASM1672564v1,NA,NA
GCF_024917895.1_ASM2491789v1,Homo sapiens,blood
GCF_015508805.1_ASM1550880v1,Homo sapiens,NA
GCF_000309885.1_ASM30988v1,NA,not provided; submitted under MIGS 2.1
GCF_002214345.1_ASM221434v1,NA,bottom water
GCF_027594765.1_ASM2759476v1,Homo sapiens,NA
GCF_010918375.1_ASM1091837v1,pigeon,stool
GCF_036542485.1_ASM3654248v1,Homo sapiens,Peptone water
GCF_904863345.1_MSB1_10D,Homo sapiens,rectal swab
GCF_017724155.1_ASM1772415v1,Homo sapiens,Respiratory specimen
GCF_024741635.1_ASM2474163v1,Macaca mulatta,Wild animal
GCF_005671375.1_ASM567137v1,Homo sapiens,NA
GCF_018279125.1_ASM1827912v1,swine,heart
GCF_021137935.1_ASM2113793v1,Homo sapiens,rectal swab
GCF_028892885.1_ASM2889288v1,Bos taurus,Water from tanks in pens
GCF_032921865.1_ASM3292186v1,Macrocystis pyrifera gametophyte,Laboratory
GCF_022879595.1_ASM2287959v1,Leptoglossus zonatus,NA
GCF_013374215.1_ASM1337421v1,Homo sapiens,stomach
GCF_014217335.1_ASM1421733v1,Bankia setacea,gills
GCF_022220985.1_ASM2222098v1,Homo sapiens,NA
GCF_021513355.1_ASM2151335v1,Homo sapiens,NA
GCF_020883235.1_ASM2088323v1,Homo sapiens,NA
GCF_023518155.1_ASM2351815v1,NA,NA
GCF_036451995.1_ASM3645199v1,Homo sapiens,blood
GCF_015767855.1_ASM1576785v1,NA,NA
GCF_033412715.1_ASM3341271v1,NA,ENVO:00010483
GCF_024331425.2_ASM2433142v2,Homo sapiens,stool sample
GCF_009650315.1_ASM965031v1,Homo sapiens,stool
GCF_030996545.1_ASM3099654v1,dog,Prostatic abscess
GCF_014217155.1_ASM1421715v1,Pig,cecal sample
GCF_040822505.1_ASM4082250v1,Homo sapiens,feces
GCF_023518335.1_ASM2351833v1,Homo sapiens,blood
GCF_001456155.1_ASM145615v1,NA,soil
GCF_013347325.1_ASM1334732v1,Homo sapiens,clinical isolate
GCF_030845595.1_ASM3084559v1,Homo sapiens,respiratory
GCF_003072605.2_ASM307260v2,Sporobolus anglicus,NA
GCF_009708815.1_ASM970881v1,Salmo salar,NA
GCF_025244765.1_ASM2524476v1,NA,Anal swab samples collected from livestock farms
GCF_007833615.1_ASM783361v1,NA,the condensate water of the Shenzhou-9 spacecraft
GCF_010092565.1_ASM1009256v1,Salmo salar,ENVO:01000312
GCF_000019845.1_ASM1984v1,NA,NA
GCF_016903135.1_ASM1690313v1,NA,NA
GCF_038380105.1_ASM3838010v1,Sus scrofa domesticus,lymph node
GCF_002310675.1_ASM231067v1,canine,NA
GCF_040268315.1_ASM4026831v1,NA,soil
GCF_024362485.1_ASM2436248v1,NA,sediment
GCF_901827165.1_ASM90182716v1,NA,linuron-contaminated soil
GCF_004119975.1_ASM411997v1,Homo sapiens,bile
GCF_030296615.1_ASM3029661v1,NA,Sap
GCF_025263485.1_ASM2526348v1,Homo sapiens,sputum
GCF_001693595.1_ASM169359v1,Homo sapiens,NA
GCF_002903005.1_ASM290300v1,NA,NA
GCF_020882925.2_ASM2088292v2,Homo sapiens,urethal swab
GCF_003073335.1_ASM307333v1,NA,NA
GCF_029906445.1_ASM2990644v1,Tibetan kefir grain,NA
GCF_035975855.1_ASM3597585v1,NA,NA
GCF_001756025.2_ASM175602v2,NA,post chill chicken carcass
GCF_023299685.1_ASM2329968v1,NA,pet food (BARF)
GCF_030013785.1_ASM3001378v1,Sus scrofa,feces
GCF_029580815.1_ASM2958081v1,NA,Hospital wastewater
GCF_026430575.1_ASM2643057v1,people,NA
GCF_003697225.1_ASM369722v1,Homo sapiens,stool
GCF_003595605.1_ASM359560v1,NA,agar plate
GCF_024364885.1_ASM2436488v1,Homo sapiens,NA
GCF_022699325.1_ASM2269932v1,Homo sapiens,ear swab
GCF_001913215.1_ASM191321v1,Actinidia deliciosa,kiwifruit orchard
GCF_000495635.2_GB94_v2,Phakellia ventilabrum,sponge
GCF_002205715.1_ASM220571v1,Solanum lycopersicum,Root endosphere
GCF_037506515.1_ASM3750651v1,Homo sapiens,NA
GCF_003939325.2_ASM393932v2,NA,washroom sink in hospital intensive care unit
GCF_002557735.1_ASM255773v1,NA,food product
GCF_000359625.1_ASM35962v1,NA,NA
GCF_004332015.1_ASM433201v1,swine,animal-swine-sow
GCF_009708195.1_ASM970819v1,NA,Surface of a polyethylene microplastic particle present in tank 6 of a marine aquarium containing stony-coral fragments and water maintained at 26 degree C
GCF_001618305.1_ASM161830v1,Homo sapiens,unavailable
GCF_010365365.1_ASM1036536v1,NA,environment
GCF_907163315.1_AUS2002,Homo sapiens,hepatic abscess
GCF_018741285.1_ASM1874128v1,NA,soil
GCF_024299105.1_ASM2429910v1,NA,deep-sea water
GCF_033862455.1_ASM3386245v1,Homo sapiens,patient
GCF_024297105.1_ASM2429710v1,Sebastes schlegelii,Sea water
GCF_029691685.1_ASM2969168v1,Homo sapiens,Driveline
GCF_006385615.1_ASM638561v1,sheep,NA
GCF_004919145.1_ASM491914v1,Homo sapiens,NA
GCF_007923945.2_ASM792394v2,NA,swine
GCF_036289105.1_ASM3628910v1,Homo sapiens,urine
GCF_019669165.1_ASM1966916v1,Homo sapiens,NA
GCF_904866195.1_INF327,Homo sapiens,urine
GCF_014771275.1_ASM1477127v1,Bos taurus,non-specified beef samples
GCF_037288615.1_ASM3728861v1,Homo sapiens,bloodstream
GCF_000209655.1_ASM20965v1,NA,NA
GCF_021399215.1_ASM2139921v1,NA,Rainbow trout
GCF_030580635.1_ASM3058063v1,Zebrafish,zebrafish
GCF_040215525.1_ASM4021552v1,calf,feces
GCF_025142695.1_ASM2514269v1,NA,ENVO:00002034
GCF_016415705.1_ASM1641570v1,Homo sapiens,urine
GCF_900235895.1_PL963,NA,NA
GCF_025561645.1_ASM2556164v1,Camel,Skin swab
GCF_018228545.1_ASM1822854v1,NA,soil
GCF_022369175.1_ASM2236917v1,NA,Manis javanica
GCF_030020685.1_ASM3002068v1,Homo sapiens,urine
GCF_027557715.1_ASM2755771v1,NA,Asian pear tree
GCF_008693605.1_ASM869360v1,Homo sapiens,clinical isolate
GCF_013046865.1_ASM1304686v1,Homo sapiens,sputum
GCF_019329545.1_ASM1932954v1,Homo sapiens,NA
GCF_020683245.1_ASM2068324v1,NA,Top soil and leaf litter
GCF_022354225.1_ASM2235422v1,NA,Shatin WWTPs_17 WWTPs effluent
GCF_026689355.1_ASM2668935v1,Homo sapiens,NA
GCF_006516995.1_ASM651699v1,Homo sapiens,human feces
GCF_025398355.1_ASM2539835v1,Homo sapiens,urine
GCF_024585445.1_ASM2458544v1,Poultry,Cloacal sample
GCF_036839165.1_ASM3683916v1,Oryza sativa,NA
GCF_019175425.1_ASM1917542v1,NA,stream/river surface water
GCF_019286515.1_ASM1928651v1,Homo sapiens,urine
GCF_021654315.1_ASM2165431v1,Homo sapiens,human metabolite
GCF_040409775.1_ASM4040977v1,NA,Heterotrophic nitrifying aerobic denitrifying biofilm
GCF_019048065.1_ASM1904806v1,NA,NA
GCF_030034635.1_ASM3003463v1,Homo sapiens,urine
GCF_002849935.1_ASM284993v1,NA,Tilsit cheese
GCF_031878535.1_ASM3187853v1,Plant,NA
GCF_030704345.1_ASM3070434v1,NA,stool
GCF_019798185.1_ASM1979818v1,Homo sapiens,Blood
GCF_000155675.2_ASM15567v2,NA,NA
GCF_001534725.1_ASM153472v1,Salmo salar,liver
GCF_004847505.1_ASM484750v1,NA,frozen yellowfin tuna nakaochi scrape
GCF_037157715.1_ASM3715771v1,Homo sapiens,Wound discharge
GCF_002249955.1_ASM224995v1,NA,NA
GCF_009913955.1_ASM991395v1,NA,Soybean paste (Chonggugjang)
GCF_005854245.1_ASM585424v1,Homo sapiens,blood
GCF_036549535.1_ASM3654953v1,NA,sea mud
GCF_023330885.1_ASM2333088v1,Homo sapiens,stool
GCF_023169865.1_ASM2316986v1,NA,soil
GCF_014235165.1_ASM1423516v1,NA,soil
GCF_023204675.1_ASM2320467v1,Macaca mulatta,Oral swab
GCF_023362155.1_ASM2336215v1,Homo sapiens,blood
GCF_018200015.1_ASM1820001v1,NA,NA
GCF_022918835.1_ASM2291883v1,Homo sapiens,Vaginal secretion
GCF_013736875.1_ASM1373687v1,NA,Wastewater effluent sample
GCF_025558225.1_ASM2555822v1,Camel,milk
GCF_003204265.1_ASM320426v1,NA,NA
GCF_001901025.1_ASM190102v1,mouse,feces
GCF_029953575.1_ASM2995357v1,NA,Feedlot Water bowl
GCF_024663375.1_ASM2466337v1,NA,NA
GCF_016865445.1_ASM1686544v1,NA,lake water
GCF_011602505.1_ASM1160250v1,NA,Contaminated sludge
GCF_015571935.1_ASM1557193v1,Sus scrofa domesticus,swab
GCF_040687765.1_ASM4068776v1,NA,NA
GCF_032823475.1_ASM3282347v1,NA,lake
GCF_027286045.1_ASM2728604v1,Homo sapiens,other
GCF_016026055.1_ASM1602605v1,NA,NA
GCF_000832635.1_ASM83263v1,NA,NA
GCF_014169715.1_ASM1416971v1,NA,wastewater
GCF_020881935.1_ASM2088193v1,NA,water
GCF_006770485.1_ASM677048v1,Homo sapiens,healthy adult fecal sample
GCF_024971895.1_ASM2497189v1,Duck,fresh fecal
GCF_026074175.1_ASM2607417v1,Canis lupus familiaris,urine
GCF_009914235.1_ASM991423v1,Homo sapiens,sputum
GCF_038431835.1_ASM3843183v1,Homo sapiens,respiratory
GCF_915401745.1_2019-01-3283-1-1,Canis lupus familiaris,Intestine
GCF_000010585.1_ASM1058v1,NA,NA
GCF_003967055.1_ASM396705v1,NA,soil
GCF_030389005.1_ASM3038900v1,Homo sapiens,infant feces
GCF_023093935.1_ASM2309393v1,Homo sapiens,collection
GCF_040268325.1_ASM4026832v1,NA,raisin
GCF_016026235.1_ASM1602623v1,NA,NA
GCF_019969605.1_ASM1996960v1,NA,NA
GCF_001524645.2_ASM152464v2,NA,soil
GCF_016028235.1_ASM1602823v1,NA,NA
GCF_014169575.1_ASM1416957v1,NA,wastewater
GCF_024750555.1_ASM2475055v1,Dog,Small Animal Hospital; Chulalongkorn University
GCF_001900595.1_ASM190059v1,dog,NA
GCF_018739505.1_ASM1873950v1,NA,soil
GCF_028596205.1_ASM2859620v1,NA,NA
GCF_022494625.1_ASM2249462v1,NA,river water
GCF_034494405.1_ASM3449440v1,Homo sapiens,blood
GCF_021497985.1_ASM2149798v1,Capra aegagrus hircus,dairy goats with persistent mastitis before therapy with enrofloxacin
GCF_900639565.1_E8195_hybrid_assembly,NA,NA
GCF_008632415.1_ASM863241v1,chicken,NA
GCF_012050025.1_ASM1205002v1,Homo sapiens,Diarrheal patient
GCF_014764445.1_ASM1476444v1,NA,paddy soil
GCF_027286225.1_ASM2728622v1,Homo sapiens,blood of patient with fever after tick-bite innoculated in SCID mouse; and isolated in MKP-F culture
GCF_902723695.1_Kpn154,Homo sapiens,urine
GCF_014725795.1_ASM1472579v1,Homo sapiens,feces
GCF_034335725.2_ASM3433572v2,Homo sapiens,hospital
GCF_040822535.1_ASM4082253v1,Homo sapiens,feces
GCF_030490695.1_ASM3049069v1,Homo sapiens,NA
GCF_025820815.1_ASM2582081v1,NA,lake sediment
GCF_002848505.1_ASM284850v1,NA,meat processing facility
GCF_030440315.2_ASM3044031v2,NA,NA
GCF_003864015.1_ASM386401v1,NA,chicken tissues
GCF_020002285.1_ASM2000228v1,NA,soil
GCF_036787225.1_ASM3678722v1,Homo sapiens,Peri-rectal
GCF_009708795.1_ASM970879v1,Salmo salar,NA
GCF_034424275.1_ASM3442427v1,Homo sapiens,NA
GCF_027886665.1_ASM2788666v1,NA,laboratory strain
GCF_024298785.1_ASM2429878v1,Homo sapiens,NA
GCF_016889985.1_ASM1688998v1,NA,NA
GCF_000737555.1_ASM73755v1,NA,NA
GCF_028404105.1_ASM2840410v1,Homo sapiens,urine
GCF_033255445.1_ASM3325544v1,Homo sapiens,rectal swab
GCF_021768385.1_ASM2176838v1,Seriola lalandi,fish
GCF_032377095.1_ASM3237709v1,NA,NA
GCF_001889165.1_ASM188916v1,NA,marine
GCF_031198825.1_ASM3119882v1,NA,food
GCF_030944405.1_ASM3094440v1,NA,Mixed solution of sediment and sewage
GCF_030292115.1_ASM3029211v1,NA,field soil
GCF_004324025.2_ASM432402v2,NA,Clam
GCF_004291175.2_ASM429117v2,Homo sapiens,implant-asscoiated infection
GCF_024585625.1_ASM2458562v1,Poultry,Cloacal sample
GCF_025398135.1_ASM2539813v1,Homo sapiens,NA
GCF_019884805.1_ASM1988480v1,NA,cheese
GCF_016925455.1_ASM1692545v1,Homo sapiens,blood
GCF_002117345.1_ASM211734v1,NA,wheat beer
GCF_003399575.2_ASM339957v2,Cyclopterus lumpus,head kidney
GCF_023207995.1_ASM2320799v1,NA,Fermented milk
GCF_028356375.1_ASM2835637v1,Kareius bicoloratus,NA
GCF_040210495.1_ASM4021049v1,NA,soil
GCF_019134595.1_ASM1913459v1,Haliotis discus hannai,plate
GCF_022354045.1_ASM2235404v1,NA,Shek Wu Hui WWTPs_58 WWTPs effluent
GCF_020808945.1_ASM2080894v1,NA,Penaeus japonicus
GCF_019329725.1_ASM1932972v1,Homo sapiens,NA
GCF_020683025.1_ASM2068302v1,NA,Brook charr
GCF_031039875.1_ASM3103987v1,Homo sapiens,stool
GCF_018228725.1_ASM1822872v1,NA,hyperthermophilic compost
GCF_024700875.2_ASM2470087v2,Homo sapiens,stool sample
GCF_002752755.2_ASM275275v2,Homo sapiens,skin swab
GCF_016415565.1_ASM1641556v1,Homo sapiens,rectal swab
GCF_008727575.1_ASM872757v1,NA,NA
GCF_023653845.1_ASM2365384v1,NA,conjugation assay
GCF_003719235.1_ASM371923v1,NA,NA
GCF_023573065.1_ASM2357306v1,Avian,NA
GCF_040235295.1_ASM4023529v1,Homo sapiens,bronchoalveolar lavage
GCF_001887985.4_ASM188798v4,Homo sapiens,Secreta
GCF_039640175.1_YP_133,Marmota baibacina,NA
GCF_000018045.1_ASM1804v1,NA,NA
GCF_030013965.1_ASM3001396v1,Camelus dromedarius,Nose
GCF_038437885.1_ASM3843788v1,Homo sapiens,blood
GCF_036321505.1_ASM3632150v1,NA,Chinese fermented cereal foods
GCF_002944935.1_ASM294493v1,Homo sapiens,Urine
GCF_001562255.1_ASM156225v1,Stereocaulon sp.,NA
GCF_001191605.1_ASM119160v1,NA,Soil
GCF_024227995.1_ASM2422799v1,NA,sediment
GCF_003516105.2_ASM351610v2,Homo sapiens,feces
GCF_023370155.1_ASM2337015v1,NA,Fermented sausage
GCF_013377315.1_ASM1337731v1,NA,chicken
GCF_028622235.1_ASM2862223v1,Columba livia,NA
GCF_900087865.2_WHOK,NA,NA
GCF_022488445.1_ASM2248844v1,Homo sapiens,blood
GCF_035658535.1_ASM3565853v1,Moschus berezovskii,NA
GCF_012932215.1_ASM1293221v1,NA,seawater
GCF_033128305.1_ASM3312830v1,Homo sapiens,NA
GCF_001182785.1_ASM118278v1,NA,soil sample
GCF_033441695.1_ASM3344169v1,Pelargonium x hortorum,NA
GCF_030168445.1_ASM3016844v1,Chicken,poultry meats
GCF_019931635.1_ASM1993163v1,broiler chicken,intestine
GCF_028472865.1_ASM2847286v1,NA,shellfish
GCF_000648235.2_ASM64823v2,NA,NA
GCF_025559825.1_ASM2555982v1,walnut,crown gall
GCF_014905055.1_ASM1490505v1,NA,Makgeolli (Korean traditional alcoholic beverage)
GCF_035621435.1_ASM3562143v1,NA,fermented soybean food
GCF_003030105.1_ASM303010v1,NA,biological fluid
GCF_030444535.1_ASM3044453v1,NA,water
GCF_025426235.1_ASM2542623v1,pantropical spotted dolphin,NA
GCF_025397955.1_ASM2539795v1,NA,Marine surface water
GCF_000803645.1_ASM80364v1,NA,Soil sample
GCF_039909815.1_ASM3990981v1,Bos taurus,culture
GCF_022220505.1_ASM2222050v1,cattle,NA
GCF_027944955.1_ASM2794495v1,NA,button
GCF_022811925.1_ASM2281192v1,Soil in kangaroo area of zoo,NA
GCF_024206675.1_ASM2420667v1,Homo sapiens,blood
GCF_013416235.1_ASM1341623v1,NA,Pork &Cabbage Dumplings
GCF_001664365.1_ASM166436v1,Phaseolus vulgaris,legume-root nodule
GCF_040834065.1_ASM4083406v1,NA,Pre-washed mixed salad
GCF_036884625.1_ASM3688462v1,Homo sapiens,stool
GCF_001689935.1_ASM168993v1,Homo sapiens,Human
GCF_025244985.1_ASM2524498v1,NA,no
GCF_030625705.1_ASM3062570v1,avian,NA
GCF_005484805.1_ASM548480v1,NA,air
GCF_000019885.1_ASM1988v1,NA,NA
GCF_016939635.1_ASM1693963v1,Homo sapiens,sputum-aspirate
GCF_001890225.1_ASM189022v1,Homo sapiens,NA
GCF_001611035.1_ASM161103v1,NA,bottled beer
GCF_003286645.3_ASM328664v3,Homo sapiens,NA
GCF_017299535.1_ASM1729953v1,NA,Clone isolated from the evolution experiment described in Ketola et al. 2013 (doi: 10.1111/evo.12148)
GCF_001548095.1_Gm3709_assembly_1.0,NA,water
GCF_010993915.2_ASM1099391v2,dog,NA
GCF_011801475.1_ASM1180147v1,Grapevine,NA
GCF_001854205.2_ASM185420v2,NA,shallow tropical waters; normally from coral reef substrate
GCF_900497055.1_KP920,NA,NA
GCF_003018055.1_ASM301805v1,Homo sapiens,Stool
GCF_002234495.1_ASM223449v1,Skeletonema marinoi strain ST54,Top-layer sediments
GCF_004328535.1_ASM432853v1,NA,human skin swab
GCF_001717955.1_ASM171795v1,Panax ginseng,10 years old rusty ginseng root
GCF_002852915.4_ASM285291v4,Homo sapiens,NA
GCF_024917415.1_ASM2491741v1,Homo sapiens,blood
GCF_000294695.2_ASM29469v2,NA,NA
GCF_020809125.1_ASM2080912v1,NA,Biopesticide B401/B402 (Certan); Vita-Swarm
GCF_023921145.1_ASM2392114v1,Corvus macrorhynchos,Intestinal contents
GCF_040551235.1_ASM4055123v1,NA,hospital
GCF_038396465.1_ASM3839646v1,Homo sapiens,feces
GCF_028751315.1_ASM2875131v1,Sisymbrium officinale (syn. Erysimum),Symptomatic leaf tissue
GCF_000092525.1_ASM9252v1,NA,NA
GCF_915401715.1_2019-04-29034-1-3,Canis lupus familiaris,Intestine
GCF_009909465.1_ASM990946v1,NA,feces
GCF_029590315.1_ASM2959031v1,NA,soil
GCF_000618905.3_ASM61890v3,NA,NA
GCF_022846315.1_ASM2284631v1,NA,hot spring water
GCF_025263805.1_ASM2526380v1,NA,blood
GCF_013873515.1_ASM1387351v1,Homo sapiens,sputum
GCF_024917675.1_ASM2491767v1,Homo sapiens,blood
GCF_020097095.1_ASM2009709v1,NA,skin of a pig
GCF_028751175.1_ASM2875117v1,rice,seed
GCF_016939455.1_ASM1693945v1,NA,NA
GCF_032935635.1_ASM3293563v1,Homo sapiens,NA
GCF_001854285.1_ASM185428v1,NA,Paddy field; Sungai Manik; Malaysia
GCF_016126995.1_ASM1612699v1,NA,NA
GCF_002142655.1_ASM214265v1,Penaeus vannamei,NA
GCF_031038275.1_ASM3103827v1,Homo sapiens,stool
GCF_031036275.1_ASM3103627v1,Homo sapiens,blood
GCF_003956245.1_ASM395624v1,Homo sapiens,stool
GCF_001908515.1_ASM190851v1,Homo sapiens,Urine
GCF_008931585.1_ASM893158v1,Homo sapiens,clinical sample
GCF_023716705.1_ASM2371670v1,Galaxea fascicularis,ENVO:00000150
GCF_002078315.1_ASM207831v1,Amblyomma neumanni,NA
GCF_027594985.1_ASM2759498v1,Homo sapiens,NA
GCF_016743895.1_ASM1674389v1,NA,swine
GCF_013416055.1_ASM1341605v1,Canis lupus familiaris,Pus
GCF_030347175.1_ASM3034717v1,Gallus gallus,Liver and air sac
GCF_016629485.1_ASM1662948v1,NA,NA
GCF_030845915.1_ASM3084591v1,Homo sapiens,blood
GCF_003665475.1_ASM366547v1,citrus,NA
GCF_036884445.1_ASM3688444v1,Homo sapiens,stool
GCF_000203915.1_ASM20391v1,NA,NA
GCF_028892665.1_ASM2889266v1,Bos taurus,feces
GCF_013315675.1_ASM1331567v1,Homo sapiens,rectal swab from healthy college student
GCF_011149495.1_ASM1114949v1,Cat,nasal cavity
GCF_023035875.1_ASM2303587v1,Alectorobius puertoricensis,tick
GCF_002716885.1_ASM271688v1,NA,pig feces
GCF_000009805.1_ASM980v1,NA,NA
GCF_000156855.2_ASM15685v2,NA,NA
GCF_040703135.1_ASM4070313v1,Homo sapiens,sputum
GCF_013729795.1_ASM1372979v1,NA,Wastewater effluent sample
GCF_029391915.1_ASM2939191v1,NA,kimchi jar (Chinese traditional pickles)
GCF_023101685.1_ASM2310168v1,Acmispon strigosus,root nodule
GCF_000576165.1_ASM57616v1,NA,NA
GCF_003226875.1_ASM322687v1,Cryptocercus punctulatus,NA
GCF_016921015.2_ASM1692101v2,NA,Dairy Fermentation
GCF_003031325.1_ASM303132v1,Homo sapiens,sputum
GCF_003614235.1_ASM361423v1,swine,Swine liver
GCF_000227625.1_ASM22762v1,Homo sapiens,cerebrospinal fluid of a neonate with meningitis
GCF_000953355.1_XNC2,NA,NA
GCF_038025155.1_WGS_using_MinION_R10.4.1_of_Staphylococcus_aureus_TUM22702,Homo sapiens,NA
GCF_013331815.1_ASM1333181v1,NA,NA
GCF_022919055.1_ASM2291905v1,Homo sapiens,Vaginal secretion
GCF_946413195.1_SJC1051,NA,Bloodstream
GCF_009762745.1_ASM976274v1,NA,probiotic preparation 'Lactobacterinum'
GCF_035621655.1_ASM3562165v1,NA,pickling vegetable
GCF_023498005.1_ASM2349800v1,NA,soil
GCF_001990205.1_ASM199020v1,duck with tremor,NA
GCF_020616235.1_ASM2061623v1,Tomato,Tomato tissue
GCF_019551095.1_ASM1955109v1,Homo sapiens,blood
GCF_013357825.1_ASM1335782v1,NA,Water sample
GCF_017579865.1_ASM1757986v1,Homo sapiens,NA
GCF_036865665.1_ASM3686566v1,Triticum aestivum 'Rembrandt',Flag leaf of wheat
GCF_904865715.1_KSB1_5H,Homo sapiens,rectal swab
GCF_024266825.1_ASM2426682v1,Homo sapiens,skin swab forehead
GCF_003180975.1_ASM318097v1,Homo sapiens,feces
GCF_022353645.1_ASM2235364v1,NA,Shatin WWTPs_94 WWTPs influent
GCF_013458535.1_ASM1345853v1,NA,agricultural soil
GCF_000767645.1_ASM76764v1,Homo sapiens,NA
GCF_030020855.1_ASM3002085v1,Homo sapiens,urine
GCF_015352045.2_ASM1535204v2,Homo sapiens,NA
GCF_014524525.1_ASM1452452v1,Homo sapiens,blood
GCF_000442595.1_ASM44259v1,NA,tar at the shipwreck site of tanker Haven
GCF_014622945.2_ASM1462294v2,pig,NA
GCF_900698965.1_ErCipseudotaxifoliae_v2.0,Cinara pseudotaxifoliae,host's whole body
GCF_013377175.1_ASM1337717v1,Homo sapiens,secretion
GCF_029338255.1_ASM2933825v1,NA,sediment
GCF_001956965.1_ASM195696v1,Homo sapiens,anal swab
GCF_026013925.1_ASM2601392v1,NA,Rudong intertidal zone
GCF_001702195.1_ASM170219v1,NA,pilsner beer
GCF_024637875.1_ASM2463787v1,NA,common green bottle fly Lucilia sericata
GCF_037100195.1_ASM3710019v1,Homo sapiens,EVNO:01001029
GCF_037081895.1_ASM3708189v1,NA,Hospital Wastewater
GCF_034371605.1_ASM3437160v1,NA,hydrothermal vent plume
GCF_021496385.1_ASM2149638v1,NA,swine
GCF_018223845.1_ASM1822384v1,NA,activated sludge
GCF_018140655.1_ASM1814065v1,Homo sapiens,NA
GCF_029691855.1_ASM2969185v1,Homo sapiens,Driveline
GCF_025139025.1_ASM2513902v1,NA,ENVO:00002034
GCF_036242395.1_ASM3624239v1,NA,NA
GCF_000466925.3_ASM46692v3,Homo sapiens,homo sapience
GCF_022759725.1_ASM2275972v1,Homo sapiens,stool
GCF_028463965.1_ASM2846396v1,Homo sapiens,NA
GCF_015475595.1_ASM1547559v1,Homo sapiens,NA
GCF_040365755.1_ASM4036575v1,NA,breast puncture fluid
GCF_028219955.1_ASM2821995v1,Homo sapiens,sputum
GCF_024072275.1_ASM2407227v1,Arabidopsis thaliana,leaf
GCF_022385255.1_ASM2238525v1,Aglaonema sp.,greenhouse
GCF_030166475.1_ASM3016647v1,NA,water
GCF_030295545.1_ASM3029554v1,Homo sapiens,feces
GCF_037920665.1_ASM3792066v1,Dog,NA
GCF_001890425.1_ASM189042v1,Vavilovia formosa,soil
GCF_020912005.1_ASM2091200v1,NA,Luria Bertani broth Miller
GCF_016406185.1_ASM1640618v1,Malus sieversii,NA
GCF_006274605.1_ASM627460v1,NA,hydrothermal vent area derived sediment
GCF_040267625.1_MRSN124611,Homo sapiens,Surveillance
GCF_037890705.1_ASM3789070v1,chicken,NA
GCF_024749685.1_ASM2474968v1,Homo sapiens,NA
GCF_024918295.1_ASM2491829v1,Homo sapiens,blood
GCF_009649055.1_ASM964905v1,NA,chicken breast
GCF_904711305.1_2016-02-324,Aves,Wild bird
GCF_006874665.1_ASM687466v1,pig,fresh intestinal feces
GCF_000698515.2_ASM69851v2,Homo sapiens,clinical sample
GCF_001931615.1_ASM193161v1,NA,clinical
GCF_001713455.1_ASM171345v1,NA,Algal phycosphere
GCF_024532405.1_ASM2453240v1,LWG,Poyang Lake
GCF_015239775.1_ASM1523977v1,NA,river sediment
GCF_020695545.1_ASM2069554v1,Homo sapiens,urine
GCF_023361055.1_ASM2336105v1,Homo sapiens,blood
GCF_009665415.1_ASM966541v1,NA,NA
GCF_004114955.1_ASM411495v1,Arachis hypogaea,nodule
GCF_000023185.1_ASM2318v1,NA,NA
GCF_025919585.1_ASM2591958v1,dendrobium,NA
GCF_900116695.1_ASM90011669v1,natural / free-living,environmental
GCF_009930975.1_ASM993097v1,Homo sapiens,Physical
GCF_003391375.1_ASM339137v1,Oyster larvae,NA
GCF_029393075.1_ASM2939307v1,Ruminant,NA
GCF_029854455.1_ASM2985445v1,Medicago sativa,nodules
GCF_030323825.1_ASM3032382v1,NA,sputum
GCF_964041535.1_30348_1_89,NA,NA
GCF_000498655.1_ASM49865v1,NA,NA
GCF_022558925.1_ASM2255892v1,Homo sapiens,urine
GCF_038111625.1_BSN168,Homo sapiens,blood
GCF_038396455.1_ASM3839645v1,Homo sapiens,feces
GCF_016904555.1_ASM1690455v1,Homo sapiens,NA
GCF_008244705.1_ASM824470v1,Homo sapiens,NA
GCF_014171015.1_ASM1417101v1,NA,wastewater
GCF_002880635.1_ASM288063v1,NA,NA
GCF_019670285.1_ASM1967028v1,NA,Bos taurus
GCF_040554385.1_ASM4055438v1,NA,hospital
GCF_003717475.1_ASM371747v1,NA,NA
GCF_013340745.1_ASM1334074v1,NA,NA
GCF_009035845.1_ASM903584v1,Homo sapiens,Urine
GCF_025138695.1_ASM2513869v1,NA,ENVO:00002034
GCF_036884615.1_ASM3688461v1,Homo sapiens,stool
GCF_002209205.2_ASM220920v2,Environment,Ground turkey
GCF_032463565.1_ASM3246356v1,NA,Maguey plantation
GCF_002952715.2_ASM295271v2,NA,air
GCF_003347075.1_ASM334707v1,Homo sapiens,Feces
GCF_030980015.1_ASM3098001v1,NA,Human stool
GCF_030552995.1_ASM3055299v1,Homo sapiens,feces
GCF_040834055.1_ASM4083405v1,rice,NA
GCF_016889505.1_ASM1688950v1,chicken,NA
GCF_016638585.1_ASM1663858v1,Avian,feces
GCF_900635435.1_28021_A02,NA,not available: to be reported later
GCF_900639555.1_E8172_hybrid_assembly,NA,NA
GCF_023167685.1_ASM2316768v1,NA,Kiwifruit
GCF_032463705.1_ASM3246370v1,Homo sapiens,sputum
GCF_018884525.1_ASM1888452v1,Homo sapiens,stool
GCF_003193965.1_ASM319396v1,NA,NA
GCF_015377765.1_ASM1537776v1,NA,probitic products
GCF_002892205.1_ASM289220v1,NA,cleaning system aquaculture
GCF_002355515.1_ASM235551v1,NA,water
GCF_014788765.1_ASM1478876v1,Homo sapiens,blood
GCF_001577285.1_ASM157728v1,Homo sapiens,Wound Swab
GCF_025884255.1_ASM2588425v1,Homo sapiens,sputum
GCF_004101605.1_ASM410160v1,NA,food
GCF_008925965.1_ASM892596v1,Homo sapiens,NA
GCF_018361365.1_ASM1836136v1,Homo sapiens,Stool specimen
GCF_037563415.1_ASM3756341v1,Chicken,NA
GCF_011106775.1_ASM1110677v1,Homo sapiens,urine
GCF_021228975.1_ASM2122897v1,Human body fluids,NA
GCF_033685685.1_ASM3368568v1,NA,hospital
GCF_016804025.1_ASM1680402v1,Homo sapiens,NA
GCF_029204095.1_ASM2920409v1,Homo sapiens,sputum
GCF_032853125.1_ASM3285312v1,NA,spleen of prussian carp
GCF_017183875.1_ASM1718387v1,Homo sapiens,Clinical patient
GCF_037499725.1_ASM3749972v1,Homo sapiens,NA
GCF_024759365.1_ASM2475936v1,Homo sapiens,NA
GCF_000740965.1_ASM74096v1,Solanum tuberosum,potato stems
GCF_008926085.1_ASM892608v1,Homo sapiens,NA
GCF_040687985.1_ASM4068798v1,Homo sapiens,Urine
GCF_002741075.1_IEC330191.0,NA,NA
GCF_900639605.1_E8290_hybrid_assembly,NA,NA
GCF_035949105.1_ASM3594910v1,NA,NA
GCF_013744615.1_ASM1374461v1,NA,Freshwater sample from downstream of wastewater treatment plant
GCF_020861345.1_ASM2086134v1,NA,sludge from anaerobic membrane bioreactor
GCF_027913355.1_ASM2791335v1,Homo sapiens,blood
GCF_009661615.2_ASM966161v2,Homo sapiens,granulation tissue
GCF_001021875.1_ASM102187v1,Homo sapiens,nasal swab
GCF_000010545.1_ASM1054v1,NA,NA
GCF_003614435.1_ASM361443v1,Homo sapiens,sputum sample
GCF_002356155.1_MST3_assembly01,NA,soil
GCF_029714405.1_ASM2971440v1,Stylosanthes guianensis,NA
GCF_904863105.1_MINF_1D,Homo sapiens,sputum
GCF_013030135.1_ASM1303013v1,Homo sapiens,NA
GCF_025264285.1_ASM2526428v1,Homo sapiens,blood
GCF_037819775.1_ASM3781977v1,chicken,liver
GCF_024346655.1_ASM2434665v1,Homo sapiens,venipuncture tube
GCF_020905095.2_ASM2090509v2,Homo sapiens,urethal swab
GCF_009884415.1_ASM988441v1,Homo sapiens,rectum
GCF_007814525.1_ASM781452v1,NA,Buffalo milk
GCF_000236455.2_ASM23645v2,NA,NA
GCF_009664635.1_ASM966463v1,Homo sapiens,NA
GCF_020695725.1_ASM2069572v1,Homo sapiens,bile
GCF_023361235.1_ASM2336123v1,Homo sapiens,blood
GCF_006741705.1_ASM674170v1,NA,floor surface of Biological laboratory
GCF_025258765.1_ASM2525876v1,Homo sapiens,Wound/Abscess
GCF_003665275.1_ASM366527v1,NA,Cheonggukjang
GCF_023503985.1_ASM2350398v1,Atlantic salmon,NA
GCF_002983865.1_ASM298386v1,NA,Seaweed; Enteromorpha linza (coastal marine sediments); Aburatsubo Inlet; Australia
GCF_000767055.1_ASM76705v1,NA,NA
GCF_031851835.1_ASM3185183v1,Hordeum vulgare,leaf
GCF_022405335.1_ASM2240533v1,Homo sapiens,NA
GCF_029719985.1_ASM2971998v1,NA,Pooled faeces sample collected from floor of poultry farm
GCF_013341395.1_ASM1334139v1,Homo sapiens,urine specimens
GCF_001411765.2_ASM141176v2,NA,kimchi
GCF_013899685.1_ASM1389968v1,NA,Pooled sheep faecal samples collected from floor of farm
GCF_008931385.1_ASM893138v1,NA,Shower 2
GCF_035934735.1_ASM3593473v1,NA,sewage sludge
GCF_025369815.1_ASM2536981v1,Poultry,Broiler
GCF_030168615.1_ASM3016861v1,Homo sapiens,human
GCF_001969325.1_ASM196932v1,cage-cultured red drum,skin ulcer
GCF_003956445.1_ASM395644v1,Homo sapiens,stool
GCF_018128405.1_ASM1812840v1,Homo sapiens,rectal swab
GCF_030295725.1_ASM3029572v1,Seriola dumerili,Fish farm
GCF_003345235.1_ASM334523v1,Homo sapiens,feces
GCF_013348925.1_ASM1334892v1,Homo sapiens,sputum
GCF_023375285.1_ASM2337528v1,Sus scrofa domesticus,fecal sample
GCF_023066725.1_ASM2306672v1,Homo sapiens,NA
GCF_036670015.1_ASM3667001v1,NA,salt pond
GCF_019857345.1_ASM1985734v1,Homo sapiens,NA
GCF_002356575.1_ASM235657v1,NA,NA
GCF_014863525.1_ASM1486352v1,NA,Baengnokdam Summit Crater Area; Mt. Halla
GCF_021138155.1_ASM2113815v1,Homo sapiens,urine
GCF_002706565.1_ASM270656v1,NA,hot spring
GCF_013416255.1_ASM1341625v1,Homo sapiens,NA
GCF_018309165.1_ASM1830916v1,NA,Bee Honey
GCF_000970025.1_ASM97002v1,NA,NA
GCF_009738225.1_ASM973822v1,Homo sapiens,4-6 years old child with healthy oral
GCF_024206615.1_ASM2420661v1,Homo sapiens,blood
GCF_001677075.2_ASM167707v2,NA,clinical
GCF_031197025.1_ASM3119702v1,NA,farm animal
GCF_022170825.1_ASM2217082v1,Environment,soil
GCF_036884645.1_ASM3688464v1,Homo sapiens,stool
GCF_900497415.1_ASM90049741v1,NA,NA
GCF_031186115.1_ASM3118611v1,Pig,rectal swab
GCF_001886895.1_ASM188689v1,NA,Stool
GCF_030444555.1_ASM3044455v1,NA,water
GCF_025252265.1_ASM2525226v1,NA,soil
GCF_025426255.1_ASM2542625v1,NA,soil
GCF_018742185.1_ASM1874218v1,NA,soil
GCF_033216215.1_ASM3321621v1,NA,soil
GCF_027944935.1_ASM2794493v1,NA,sink countertop
GCF_022220565.1_ASM2222056v1,NA,soil
GCF_015992405.1_ASM1599240v1,Homo sapiens,Taichung Veterans General Hospital
GCF_003054385.1_ASM305438v1,Homo sapiens,Sputum sample
GCF_002285575.1_ASM228557v1,Bos taurus,bodily fluid
GCF_001610795.1_ASM161079v1,Citrus x aurantiifolia,NA
GCF_003410375.1_ASM341037v1,NA,raw fermented sausage
GCF_030505195.1_ASM3050519v1,NA,Metal working fluids
GCF_002759235.2_ASM275923v2,Phaseolus vulgaris,NA
GCF_024917475.1_ASM2491747v1,Homo sapiens,blood
GCF_003515465.1_ASM351546v1,Solanum tuberosum,Potato bacterial wilt
GCF_036923325.1_STEC27,NA,NA
GCF_028751375.1_ASM2875137v1,Brassica tournefortii,Symptomatic leaf tissue
GCF_014041645.2_ASM1404164v2,Homo sapiens,rectal swab
GCF_020809145.1_ASM2080914v1,NA,Biopesticide Delfin
GCF_023921125.1_ASM2392112v1,NA,faeces;Qinghai;China
GCF_002082645.1_ASM208264v1,Homo sapiens,sputum
GCF_030734145.1_ASM3073414v1,NA,wastewater
GCF_011035105.1_ASM1103510v1,Homo sapiens,Hospital ward
GCF_002156725.1_ASM215672v1,Homo sapiens,NA
GCF_016939655.1_ASM1693965v1,Homo sapiens,abscess
GCF_013206965.1_ASM1320696v1,NA,NA
GCF_032824215.1_ASM3282421v1,NA,Influent wastewater
GCF_002852325.2_ASM285232v2,Homo sapiens,NA
GCF_015283665.1_ASM1528366v1,NA,Human fecal samples
GCF_030296895.1_ASM3029689v1,Felis catus,NA
GCF_001885175.1_ASM188517v1,Homo sapiens,NA
GCF_000733255.1_ASM73325v1,NA,urine
GCF_023380225.1_ASM2338022v1,Austroplebeia australis,Bee
GCF_016839145.1_ASM1683914v1,NA,Minnesota
GCF_016451985.1_ASM1645198v1,NA,bovine
GCF_001022215.1_ASM102221v1,Homo sapiens,Respiratory
GCF_013745295.1_ASM1374529v1,NA,Wastewater influent sample
GCF_030252265.1_ASM3025226v1,chicken,intestinal contents of chickens with enteritis using blood plates
GCF_023370135.1_ASM2337013v1,pig,NA
GCF_002892185.1_ASM289218v1,NA,zooplankton aquaculture
GCF_000019365.1_ASM1936v1,NA,NA
GCF_000786695.1_ASM78669v1,NA,soil; mineral horizon
GCF_023573005.1_ASM2357300v1,Avian,NA
GCF_021432745.1_ASM2143274v1,Homo sapiens,patient
GCF_001051695.2_ASM105169v2,Homo sapiens,stool
GCF_023299805.1_ASM2329980v1,NA,pet food (BARF)
GCF_030515615.1_ASM3051561v1,Homo sapiens,CSF
GCF_000146165.2_ASM14616v2,NA,NA
GCF_004101585.1_ASM410158v1,NA,food
GCF_013732395.1_ASM1373239v1,NA,Freshwater sample from downstream of wastewater treatment plant
GCF_017893625.1_ASM1789362v1,NA,NA
GCF_012051825.1_ASM1205182v1,Homo sapiens,Diarrheal patient
GCF_017310055.1_ASM1731005v1,swine,liver
GCF_030435855.1_ASM3043585v1,Homo sapiens,Nasal cavity
GCF_004551615.1_ASM455161v1,NA,kimchi
GCF_020405285.1_ASM2040528v1,Homo sapiens,NA
GCF_001563265.1_ASM156326v1,NA,NA
GCF_019428485.1_ASM1942848v1,NA,raw sewage
GCF_025559845.1_ASM2555984v1,walnut,crown gall
GCF_005377825.1_ASM537782v1,Homo sapiens,NA
GCF_014905035.1_ASM1490503v1,NA,Makgeolli (Korean traditional alcoholic beverage)
GCF_036923505.1_STEC28,NA,NA
GCF_008926305.1_ASM892630v1,NA,Bobby veal steak
GCF_000338755.1_ASM33875v1,NA,NA
GCF_028622255.1_ASM2862225v1,NA,bird (unidentified species)
GCF_002853805.1_ASM285380v1,NA,clinical patient
GCF_030061985.1_ASM3006198v1,NA,mulberry
GCF_002407125.1_ASM240712v1,NA,chicken breast
GCF_002080395.1_ASM208039v1,cat,feces
GCF_036865605.1_ASM3686560v1,Triticum aestivum 'Rembrandt',Flag leaf of wheat
GCF_013357845.1_ASM1335784v1,NA,Water sample
GCF_013166895.1_ASM1316689v1,NA,NA
GCF_001598095.1_ASM159809v1,NA,Soil
GCF_022919035.1_ASM2291903v1,Homo sapiens,Vaginal secretion
GCF_040500465.1_ASM4050046v1,Mus musculus,NA
GCF_036324685.1_ASM3632468v1,Homo sapiens,urine
GCF_032401055.1_ASM3240105v1,Astragalus inopinatus,root nodule
GCF_947090765.1_MM223,NA,NA
GCF_001953255.1_ASM195325v1,Homo sapiens,blood
GCF_030515475.1_ASM3051547v1,Homo sapiens,blood
GCF_009676805.1_ASM967680v1,swine,feces
GCF_002504165.1_ASM250416v1,NA,sediment
GCF_003402955.1_ASM340295v1,pig,feces
GCF_023539035.1_ASM2353903v1,Homo sapiens,Human gut
GCF_009739985.1_ASM973998v1,Apostichopus japonicus,NA
GCF_022353625.1_ASM2235362v1,NA,Shatin WWTPs_95 WWTPs influent
GCF_014524545.1_ASM1452454v1,NA,solar panel array [ENVO:01000867]
GCF_000262655.1_ASM26265v1,Homo sapiens,female gastric cancer patient
GCF_033869935.1_ASM3386993v1,Homo sapiens,patient
GCF_024346605.1_ASM2434660v1,Trifolium dubium,NA
GCF_029338235.1_ASM2933823v1,NA,sediment
GCF_003667425.1_ASM366742v1,NA,Jin River water W5
GCF_020447175.2_ASM2044717v2,NA,NA
GCF_014622925.2_ASM1462292v2,pig,NA
GCF_032764245.1_ASM3276424v1,NA,atrazine-producing pesticide factory contaminated soil
GCF_000093185.1_ASM9318v1,Homo sapiens,gastric antral biopsy of patient with acute superficial gastritis
GCF_016939435.1_ASM1693943v1,NA,NA
GCF_024499155.1_ASM2449915v1,Sus scrofa,Pig feces
GCF_036621415.1_ASM3662141v1,NA,Sediments
GCF_001663395.1_ASM166339v1,NA,deep-sea sediment
GCF_029590375.1_ASM2959037v1,Moschus berezovskii,liver
GCF_014050515.2_ASM1405051v2,Homo sapiens,Rectal swab
GCF_025259185.1_ASM2525918v1,NA,NA
GCF_009739795.1_ASM973979v1,Homo sapiens,blood
GCF_001514375.1_ASM151437v1,Homo sapiens,pus
GCF_022846375.1_ASM2284637v1,NA,hot spring water
GCF_024917615.1_ASM2491761v1,Homo sapiens,blood
GCF_039640415.1_YP_91_KR,Oropsylla silantiewi,NA
GCF_000223905.1_ASM22390v1,NA,NA
GCF_002055765.1_ASM205576v1,NA,NA
GCF_002833405.1_ASM283340v1,NA,sea ice
GCF_000188735.1_ASM18873v1,NA,NA
GCF_001922385.1_ASM192238v1,NA,NA
GCF_030908685.1_ASM3090868v1,NA,NA
GCF_023035815.1_ASM2303581v1,Ornithodoros parkeri,lab mouse blood
GCF_001465595.2_ASM146559v2,NA,Sputum (Cystic Fibrosis Patient)
GCF_001986135.1_ASM198613v1,Homo sapiens,skin
GCF_023650915.1_ASM2365091v1,Penaeus vannamei,NA
GCF_024224615.1_ASM2422461v1,Gallus gallus domesticus,pooled poultry feces
GCF_007726525.1_ASM772652v1,NA,retail chicken
GCF_030347115.1_ASM3034711v1,Gallus gallus,Liver and spleen
GCF_001931595.1_ASM193159v1,NA,chicken breast
GCF_033678845.1_ASM3367884v1,NA,hospital
GCF_019797985.1_ASM1979798v1,Homo sapiens,blood
GCF_002250885.2_ASM225088v2,NA,Mashed potatoes
GCF_013416035.1_ASM1341603v1,Canis lupus familiaris,urine
GCF_030845975.1_ASM3084597v1,Homo sapiens,CSF
GCF_014679585.1_ASM1467958v1,NA,NA
GCF_018831285.1_ASM1883128v1,Phaseolus vulgaris,NA
GCF_036884425.1_ASM3688442v1,Homo sapiens,stool
GCF_018499845.2_ASM1849984v2,Homo sapiens,urine from a woman with pelvic cancer
GCF_002094975.1_ASM209497v1,Homo sapiens,saliva
GCF_017161785.1_ASM1716178v1,Homo sapiens,NA
GCF_002222635.1_ASM222263v1,Skeletonema marinoi strain RO5AC,Top-layer sediments
GCF_002243605.1_ASM224360v1,NA,high-temperature oilfield
GCF_000014445.1_ASM1444v1,NA,NA
GCF_038396435.1_ASM3839643v1,Homo sapiens,feces
GCF_900639725.1_E8423_hybrid_assembly,NA,NA
GCF_006542335.1_ASM654233v1,NA,Plant
GCF_030643765.1_ASM3064376v1,NA,aquaculture pond
GCF_016904535.1_ASM1690453v1,Homo sapiens,NA
GCF_030062435.1_ASM3006243v1,cabbage,cabbage leaves
GCF_013284505.2_ASM1328450v2,NA,soil from tomato plant
GCF_002843665.1_ASM284366v1,Homo sapiens,Blood; Central line
GCF_021365485.1_ASM2136548v1,Cucumis melo,Infected agricultural plant
GCF_964198845.1_Zagreb006_hybrid_assembly.fa.gz,Homo sapiens,clinical material
GCF_013744415.1_ASM1374441v1,NA,Freshwater sample from downstream of wastewater treatment plant
GCF_001610815.1_ASM161081v1,Citrus x paradisi,NA
GCF_029854435.1_ASM2985443v1,NA,petroleum contaminated soil
GCF_002068175.1_ASM206817v1,Oryctolagus cuniculus,lung
GCF_022558945.1_ASM2255894v1,Homo sapiens,urine
GCF_029910175.1_ASM2991017v1,Homo sapiens,Catheter
GCF_024499305.1_ASM2449930v1,NA,chicken
GCF_016889705.1_ASM1688970v1,NA,NA
GCF_024298905.1_ASM2429890v1,NA,salt
GCF_018141085.1_ASM1814108v1,Oryctes gigas,NA
GCF_032463505.1_ASM3246350v1,Apostichopus japonicus,NA
GCF_027186305.1_ASM2718630v1,Gossypium hirsutum,NA
GCF_032761195.1_ASM3276119v1,Homo sapiens,urine
GCF_003031735.1_ASM303173v1,Homo sapiens,abdominal
GCF_008728495.1_ASM872849v1,NA,bulk pig ear
GCF_003324995.1_ASM332499v1,NA,NA
GCF_004101385.1_ASM410138v1,NA,food
GCF_040267565.1_MRSN23713,Homo sapiens,Swab(Skin)
GCF_915402015.1_2019-04-29292-1-3,Canis lupus familiaris,Intestine
GCF_014725915.1_ASM1472591v1,Homo sapiens,trachea
GCF_002197125.1_ASM219712v1,Medicago truncatula,NA
GCF_900698885.1_ErCisplendens_pseudotsugae_v1.0,Cinara cf. splendens/pseudotsugae 3390,host's whole body
GCF_027925385.1_ASM2792538v1,NA,surface soil in rice paddy field
GCF_001702215.1_ASM170221v1,NA,brewery environment
GCF_003429065.3_ASM342906v3,Homo sapiens,blood
GCF_002868755.1_ASM286875v1,NA,kimchi
GCF_964198955.1_Zagreb038_hybrid_assembly.fa.gz,Homo sapiens,clinical material
GCF_000521565.1_ASM52156v1,Myzus persicae,NA
GCF_022759745.1_ASM2275974v1,Homo sapiens,stool
GCF_028219935.1_ASM2821993v1,Homo sapiens,lavage fluid
GCF_016432805.1_ASM1643280v1,Homo sapiens,NA
GCF_024138755.1_ASM2413875v1,Gopherus berlandieri,ENVO:00003031
GCF_022385235.1_ASM2238523v1,NA,rhizosphere soil
GCF_030295525.1_ASM3029552v1,Homo sapiens,feces
GCF_026000115.1_ASM2600011v1,Anguilla japonica,head of leptocephalus larvae of the Japanese eel
GCF_003515265.1_ASM351526v1,Solanum tuberosum,Potato bacterial wilt
GCF_003574255.1_ASM357425v1,Homo sapiens,NA
GCF_014623205.1_ASM1462320v1,Cattle,feces
GCF_001908695.1_ASM190869v1,Homo sapiens,anal swab
GCF_018223825.1_ASM1822382v1,Homo sapiens,blood
GCF_012053325.1_ASM1205332v1,Homo sapiens,Diarrheal patient
GCF_033037575.1_ASM3303757v1,equine,nose; neck
GCF_029691835.1_ASM2969183v1,Homo sapiens,Forehead
GCF_029318935.1_ASM2931893v1,chicken,NA
GCF_008931605.1_ASM893160v1,Homo sapiens,clinical sample
GCF_000010925.1_ASM1092v1,NA,NA
GCF_013820845.1_ASM1382084v1,NA,Pooled sheep faecal samples collected from floor of farm
GCF_001895885.1_ASM189588v1,NA,marine sponge
GCF_020695525.1_ASM2069552v1,Homo sapiens,rectal swab
GCF_007794935.1_ASM779493v1,Homo sapiens,NA
GCF_023361035.1_ASM2336103v1,Homo sapiens,blood
GCF_020024955.1_ASM2002495v1,chicken,feces
GCF_033400515.1_ASM3340051v1,NA,NA
GCF_028228155.1_ASM2822815v1,Vitis vinifera,NA
GCF_009856995.1_ASM985699v1,goose,NA
GCF_030440255.1_ASM3044025v1,Homo sapiens,human faeces
GCF_029773085.1_ASM2977308v1,Homo sapiens,plasma
GCF_003043895.1_ASM304389v1,NA,NA
GCF_000213635.1_ASM21363v1,NA,NA
GCF_016403065.1_ASM1640306v1,Homo sapiens,sputum
GCF_900638795.1_E4413_hybrid_assembly,NA,NA
GCF_000027085.1_ASM2708v1,NA,NA
GCF_025258705.1_ASM2525870v1,Homo sapiens,blood
GCF_001936175.1_ASM193617v1,NA,leaf tissues of rice in Korea
GCF_004103655.1_ASM410365v1,NA,food
GCF_024749485.1_ASM2474948v1,Homo sapiens,NA
GCF_024918095.1_ASM2491809v1,Homo sapiens,blood
GCF_001611425.1_ASM161142v1,Homo sapiens,26-year old man with an implant associated osteitis
GCF_017858835.1_ASM1785883v1,Oryza sativa,NA
GCF_022405355.1_ASM2240535v1,Homo sapiens,NA
GCF_003122105.1_ASM312210v1,NA,feces
GCF_038430005.1_ASM3843000v1,Homo sapiens,blood
GCF_904864535.1_INF313,Homo sapiens,urine
GCF_003181155.1_ASM318115v1,Homo sapiens,feces
GCF_037822845.1_ASM3782284v1,Pig,NA
GCF_007726325.1_ASM772632v1,NA,retail turkey
GCF_000961255.1_ASM96125v1,citrus spp.,citrus infected tissue
GCF_015509005.1_ASM1550900v1,Homo sapiens,NA
GCF_025142815.1_ASM2514281v1,NA,ENVO:00002034
GCF_023361255.1_ASM2336125v1,Homo sapiens,sputum
GCF_003717875.1_ASM371787v1,NA,NA
GCF_034336645.2_ASM3433664v2,Homo sapiens,hospital
GCF_003325235.1_ASM332523v1,NA,NA
GCF_015352015.2_ASM1535201v2,Homo sapiens,NA
GCF_013376855.2_ASM1337685v2,Homo sapiens,human clinical sample
GCF_023066745.1_ASM2306674v1,Homo sapiens,NA
GCF_011764365.2_ASM1176436v2,Homo sapiens,blood
GCF_036670075.1_ASM3667007v1,Homo sapiens,superficial wound
GCF_019857325.1_ASM1985732v1,Homo sapiens,NA
GCF_012053145.1_ASM1205314v1,Homo sapiens,Diarrheal patient
GCF_013348945.1_ASM1334894v1,Homo sapiens,sputum
GCF_000832425.1_ASM83242v1,sheep,NA
GCF_030489745.1_ASM3048974v1,Homo sapiens,NA
GCF_036865635.1_ASM3686563v1,Triticum aestivum 'Rembrandt',Flag leaf of wheat
GCF_014863545.1_ASM1486354v1,NA,Baengnokdam Summit Crater Area; Mt. Halla
GCF_022819715.1_ASM2281971v1,Bos taurus,urine
GCF_022759525.1_ASM2275952v1,Medium 987,NA
GCF_008124165.1_ASM812416v1,NA,mouse gut
GCF_002950055.1_ASM295005v1,NA,NA
GCF_009930575.1_ASM993057v1,Homo sapiens,feces
GCF_030168675.1_ASM3016867v1,pig,NA
GCF_025369875.1_ASM2536987v1,Poultry,Broiler
GCF_022221185.1_ASM2222118v1,NA,NA
GCF_032946055.1_ASM3294605v1,Homo sapiens,NA
GCF_030166675.1_ASM3016667v1,Homo sapiens,Skin eschar
GCF_037482145.1_ASM3748214v1,NA,water
GCF_016406385.1_ASM1640638v1,Homo sapiens,rectal swab
GCF_018128465.1_ASM1812846v1,Homo sapiens,outer malleolus
GCF_040500455.1_ASM4050045v1,Mus musculus,NA
GCF_002943855.1_ASM294385v1,Homo sapiens,Feces of patient with diarrhea
GCF_037885305.1_ASM3788530v1,Homo sapiens,NA
GCF_025884235.1_ASM2588423v1,Homo sapiens,sputum
GCF_004792415.1_ASM479241v1,eucalyptus,NA
GCF_025984525.1_ASM2598452v1,Bovine,NA
GCF_005310945.1_ASM531094v1,NA,NA
GCF_003025345.2_ASM302534v2,NA,Chilli rhizosphere
GCF_036884415.1_ASM3688441v1,Homo sapiens,stool
GCF_029232225.1_ASM2923222v1,NA,ENVO:01001050
GCF_016889565.1_ASM1688956v1,pig,liver
GCF_023330605.1_ASM2333060v1,NA,NA
GCF_003856675.1_ASM385667v1,Homo sapiens,feces
GCF_028892635.1_ASM2889263v1,Bos taurus,feces
GCF_019856595.1_ASM1985659v1,NA,swine
GCF_018884545.1_ASM1888454v1,Homo sapiens,stool
GCF_011466835.1_ASM1146683v1,Homo sapiens,lung
GCF_014169995.1_ASM1416999v1,Homo sapiens,Rectal swab
GCF_019285615.1_ASM1928561v1,NA,mangrove sediments
GCF_002196495.1_ASM219649v1,Homo sapiens,urine; urinary tract infection
GCF_033807535.1_ASM3380753v1,NA,Intertidal sediment (ENVO:00002179)
GCF_023028225.1_ASM2302822v1,NA,salt
GCF_026427495.1_ASM2642749v1,Homo sapiens,abdominal drainage
GCF_038096235.1_BSN183,Homo sapiens,blood
GCF_025758415.1_ASM2575841v1,Homo sapiens,urethra
GCF_000197735.1_ASM19773v1,NA,NA
GCF_003571565.1_ASM357156v1,NA,NA
GCF_017183815.1_ASM1718381v1,Homo sapiens,Clinical patient
GCF_016804045.1_ASM1680404v1,NA,dog
GCF_034642615.1_ASM3464261v1,Homo sapiens,Infected Human Urine
GCF_021497565.1_ASM2149756v1,NA,food additive
GCF_014622645.1_ASM1462264v1,Salmo salar,Salmo salar liver
GCF_016629445.1_ASM1662944v1,NA,yogurt
GCF_001011155.1_ASM101115v1,NA,Coastal seawater
GCF_017161725.1_ASM1716172v1,Homo sapiens,NA
GCF_001277255.1_ASM127725v1,NA,spiced meat
GCF_008000915.1_ASM800091v1,Wheat,leaves
GCF_021137715.1_ASM2113771v1,Homo sapiens,NA
GCF_001973785.2_ASM197378v2,Mus musculus,spleen mouse
GCF_028872235.1_ASM2887223v1,Homo sapiens,Rectal Swab
GCF_000195995.1_ASM19599v1,NA,NA
GCF_019974075.1_ASM1997407v1,NA,NA
GCF_011058275.1_ASM1105827v1,NA,soil
GCF_009708695.1_ASM970869v1,Oncorhynchus kisutch,NA
GCF_007833895.1_ASM783389v1,Homo sapiens,NA
GCF_030167055.1_ASM3016705v1,NA,semidesertic area with dry sandy soils; around 15 cm from the trunk of a lemon tree (5 cm deep)
GCF_002949815.1_ASM294981v1,NA,NA
GCF_019880345.1_ASM1988034v1,NA,swine
GCF_000832865.1_ASM83286v1,NA,Dust
GCF_006385115.1_ASM638511v1,bovine,NA
GCF_003048375.1_ASM304837v1,Homo sapiens,oral
GCF_020097055.1_ASM2009705v1,NA,nasal cavities of a pig
GCF_000834985.1_ASM83498v1,NA,NA
GCF_016725865.1_ASM1672586v1,NA,NA
GCF_020809385.1_ASM2080938v1,Homo sapiens,feces
GCF_021249305.1_ASM2124930v1,NA,A strain isolated from ascites of an Andrias davidianus by Shanghai Ocean University
GCF_000734895.2_ASM73489v2,NA,water
GCF_029987615.1_ASM2998761v1,NA,wastewater treatment plant efflux
GCF_022404575.1_ASM2240457v1,Homo sapiens,NA
GCF_024347015.1_ASM2434701v1,NA,scallop
GCF_022691365.1_ASM2269136v1,Homo sapiens,urine
GCF_000636135.1_ASM63613v1,Homo sapiens,stool sample from patient with gastroenteritis
GCF_001900495.1_ASM190049v1,cow,NA
GCF_004771295.1_ASM477129v1,NA,carrot
GCF_016939495.1_ASM1693949v1,Homo sapiens,rectal swab
GCF_904866485.1_KSB1_1H,Homo sapiens,rectal swab
GCF_022343105.1_ASM2234310v1,NA,water
GCF_000166295.1_ASM16629v1,NA,German Wadden Sea
GCF_027594945.1_ASM2759494v1,Homo sapiens,NA
GCF_016743855.1_ASM1674385v1,NA,swine
GCF_011045875.1_ASM1104587v1,NA,a feces sample of swine origin
GCF_005406325.1_ASM540632v1,NA,NA
GCF_008727475.1_ASM872747v1,NA,NA
GCF_034661255.1_ASM3466125v1,NA,NA
GCF_022353685.1_ASM2235368v1,NA,Shatin WWTPs_92 WWTPs influent
GCF_017165015.1_ASM1716501v1,Homo sapiens,feces
GCF_027947675.1_ASM2794767v1,Fish,NA
GCF_030020895.1_ASM3002089v1,Homo sapiens,urine
GCF_029338295.1_ASM2933829v1,NA,sediment
GCF_009650415.1_ASM965041v1,NA,flower
GCF_040404325.1_WHO_I_2024,Homo sapiens,Urogenital
GCF_029193595.2_ASM2919359v2,Homo sapiens,clinical
GCF_029320915.1_ASM2932091v1,Aquatic animal,NA
GCF_023735315.1_ASM2373531v1,Homo sapiens,NA
GCF_037081855.1_ASM3708185v1,NA,Leaf wash from mixed-leaf salad
GCF_037934445.1_ASM3793444v1,Homo sapiens,NA
GCF_003812225.1_ASM381222v1,Homo sapiens,UCC isolate
GCF_021496345.1_ASM2149634v1,NA,urban river water
GCF_002117245.1_ASM211724v1,NA,raw sausage
GCF_019428645.1_ASM1942864v1,NA,chicken
GCF_024927865.1_ASM2492786v1,Homo sapiens,urine
GCF_004337735.2_ASM433773v2,NA,feces
GCF_025985305.1_ASM2598530v1,Bovine,NA
GCF_034555415.1_ASM3455541v1,Homo sapiens,urine
GCF_030264275.1_ASM3026427v1,NA,seawater
GCF_028893015.1_ASM2889301v1,Bos taurus,Water from tanks in pens
GCF_005234135.1_ASM523413v1,NA,Turban shell
GCF_004324125.2_ASM432412v2,NA,feces
GCF_001693295.1_ASM169329v1,NA,NA
GCF_028622095.1_ASM2862209v1,NA,Freshwater stream system; activated sludge
GCF_033441435.1_ASM3344143v1,Penaeus vannamei,Shrimp hepatopancreas
GCF_018885365.1_ASM1888536v1,NA,farmland
GCF_028609845.1_ASM2860984v1,Alopochen aegyptiaca,preen glands
GCF_018436065.1_ASM1843606v1,Bos taurus,lymph nodes
GCF_000245535.1_ASM24553v1,Homo sapiens,typhoid carrier
GCF_920103885.1_DJ,Homo sapiens,urine
GCF_019551235.1_ASM1955123v1,Homo sapiens,blood
GCF_028893275.1_ASM2889327v1,Bos taurus,Pooled lung; small and large intestine
GCF_009913855.1_ASM991385v1,NA,young radish kimchi
GCF_964065115.1_Levilactobacillus_brevis_CIRM-BIA2515,NA,NA
GCF_022533465.1_ASM2253346v1,NA,Water
GCF_018219155.1_ASM1821915v1,NA,coral; primnoid
GCF_009740245.1_ASM974024v1,Homo sapiens,NA
GCF_023375015.1_ASM2337501v1,Prunus salicina,Plant leaf
GCF_003431405.1_ASM343140v1,Porcine,Lung
GCF_014789345.1_ASM1478934v1,NA,drinking water
GCF_963575755.1_GENOMIC21-001,NA,NA
GCF_001645685.2_ASM164568v2,NA,soil
GCF_000019565.1_ASM1956v1,NA,NA
GCF_020405225.1_ASM2040522v1,NA,sediment
GCF_025985165.1_ASM2598516v1,Bovine,NA
GCF_030264015.1_ASM3026401v1,NA,sediment
GCF_002165375.2_ASM216537v2,NA,Sewage
GCF_008693705.1_ASM869370v1,Homo sapiens,clinical isolate
GCF_040235255.1_ASM4023525v1,Homo sapiens,sputum
GCF_024758745.1_ASM2475874v1,Homo sapiens,NA
GCF_034643255.1_ASM3464325v1,Homo sapiens,Infected Human Urine
GCF_001535315.2_ASM153531v2,NA,peanut butter
GCF_014170655.1_ASM1417065v1,NA,wastewater
GCF_035582725.1_ASM3558272v1,NA,hydroalcoholic extract of Sphagnum fuscum
GCF_013829265.1_ASM1382926v1,NA,Pooled pig faecal samples collected from floor of farm
GCF_029607445.2_ASM2960744v2,Sesamum indicum,NA
GCF_001399655.1_ASM139965v1,Homo sapiens,wound
GCF_025808355.1_ASM2580835v1,NA,Internal organs of chicken
GCF_036226865.1_ASM3622686v1,NA,soil
GCF_005144425.2_ASM514442v2,NA,NA
GCF_017165275.1_ASM1716527v1,NA,Bovine Faeces
GCF_022625045.1_ASM2262504v1,NA,pepper stem
GCF_003718115.1_ASM371811v1,NA,NA
GCF_003444755.1_ASM344475v1,NA,high concentration of fluoride
GCF_001653935.1_ASM165393v1,NA,fresh-cut produce processing plant
GCF_024347275.1_ASM2434727v1,NA,NA
GCF_003203615.1_ASM320361v1,NA,NA
GCF_004758865.1_ASM475886v1,Homo sapiens,blood
GCF_900322715.1_C309,Homo sapiens,hospital
GCF_000949425.1_ASM94942v1,NA,soil
GCF_025259345.1_ASM2525934v1,NA,NA
GCF_033259165.1_ASM3325916v1,Homo sapiens,Urinary tract
GCF_033257165.1_ASM3325716v1,Homo sapiens,neonatal screen
GCF_023611805.1_ASM2361180v1,NA,activated sludge
GCF_013797345.1_ASM1379734v1,NA,Wastewater effluent sample
GCF_020097235.1_ASM2009723v1,NA,NA
GCF_019891015.1_ASM1989101v1,Canis lupus familiaris,NA
GCF_022404715.1_ASM2240471v1,Homo sapiens,NA
GCF_020099235.1_ASM2009923v1,NA,NA
GCF_034703025.1_ASM3470302v1,Chicken,Chicken farm
GCF_015767675.1_ASM1576767v1,Homo sapiens,NA
GCF_001901125.1_ASM190112v1,mouse,feces
GCF_000093005.1_ASM9300v1,NA,NA
GCF_017639005.1_ASM1763900v1,NA,surface water
GCF_027944995.1_ASM2794499v1,NA,bed curtain
GCF_029962165.1_ASM2996216v1,Homo sapiens,blood
GCF_003076495.1_ASM307649v1,Ailuropoda melanoleuca,feces
GCF_023702515.1_ASM2370251v1,NA,natto
GCF_019380275.1_ASM1938027v1,Homo sapiens,urethra
GCF_017161545.1_ASM1716154v1,Pyrus pyrifolia,NA
GCF_001929165.2_ASM192916v2,Oryza sativa,NA
GCF_003073235.1_ASM307323v1,Homo sapiens,NA
GCF_015571715.1_ASM1557171v1,Sus scrofa domesticus,feces
GCF_038367355.1_ASM3836735v1,NA,NA
GCF_005157325.1_ASM515732v1,porcine,feces from post-weaning diarrhea of piglets
GCF_039908075.1_UNIFI_Paer_26323,Homo sapiens,Pharyngeal swab
GCF_002903105.1_ASM290310v1,NA,NA
GCF_030733905.1_ASM3073390v1,Homo sapiens,NA
GCF_003547115.1_ASM354711v1,NA,NA
GCF_014169935.1_ASM1416993v1,NA,sea water
GCF_032880625.1_ASM3288062v1,Paralichthys olivaceus,commercial aquaculture farm
GCF_002949795.1_ASM294979v1,Lobaria pulmonaria thallus,NA
GCF_900129335.1_PP_HGAG_QV30_2SC_T4,Homo sapiens,Wound infection
GCF_032810905.1_ASM3281090v1,kiwifruit,diseased leaves
GCF_002117445.1_ASM211744v1,NA,soil
GCF_014117285.1_ASM1411728v1,Homo sapiens,blood
GCF_026427435.1_ASM2642743v1,Homo sapiens,BALF
GCF_009708915.1_ASM970891v1,Oncorhynchus mykiss,NA
GCF_030991385.1_ASM3099138v1,Anadara tuberculosa,mud
GCF_018141245.1_ASM1814124v1,Avian,NA
GCF_003812425.1_ASM381242v1,Homo sapiens,CVP line blood
GCF_036041405.1_ASM3604140v1,NA,soil
GCF_025200945.1_ASM2520094v1,NA,chicken
GCF_024734215.1_ASM2473421v1,NA,well water
GCF_022532085.1_ASM2253208v1,NA,soil
GCF_037126435.1_ASM3712643v1,NA,grean algae
GCF_005937795.2_ASM593779v2,NA,soil
GCF_025642315.1_ASM2564231v1,Homo sapiens,sputum
GCF_000511385.1_ASM51138v1,NA,scallop
GCF_000026445.2_ASM2644v2,NA,NA
GCF_000011065.1_ASM1106v1,NA,NA
GCF_019670025.1_ASM1967002v1,NA,sediment [ENVO_00002007]
GCF_019900305.2_ASM1990030v2,Bovine,Mastitis-milk
GCF_021459805.1_ASM2145980v1,Morus alba,NA
GCF_016864315.2_ASM1686431v2,Homo sapiens,bronchoalveolar lavage
GCF_029873515.1_ASM2987351v1,Nasonia vitripennis,whole pupae
GCF_032345935.1_ASM3234593v1,Homo sapiens,NA
GCF_008727275.1_ASM872727v1,NA,NA
GCF_000020885.1_ASM2088v1,NA,NA
GCF_025984585.1_ASM2598458v1,Bovine,NA
GCF_001553955.1_ASM155395v1,Homo sapiens,cerebrospinal fluid
GCF_002313085.1_ASM231308v1,Homo sapiens,blood
GCF_900174625.1_WI1-reUpload,Homo sapiens,Clinical isolate
GCF_022759585.1_ASM2275958v1,Homo sapiens,phlegm
GCF_000166115.1_ASM16611v1,NA,Terry C. Hazen (TCHazen@lbl.gov)
GCF_015291825.1_ASM1529182v1,pig,NA
GCF_022221125.1_ASM2222112v1,Homo sapiens,NA
GCF_036093575.1_ASM3609357v1,NA,soil
GCF_002216795.1_ASM221679v1,Vultur gryphus,NA
GCF_003795145.1_ASM379514v1,NA,kimchi
GCF_023375245.1_ASM2337524v1,Sus scrofa domesticus,fecal sample
GCF_019857385.1_ASM1985738v1,Homo sapiens,feces
GCF_036865695.1_ASM3686569v1,Triticum aestivum 'Kvium',Flag leaf of wheat
GCF_000258245.1_ASM25824v1,NA,fresh water hot spring
GCF_000022325.1_ASM2232v1,NA,NA
GCF_004322975.1_ASM432297v1,NA,NA
GCF_029229485.1_ASM2922948v1,NA,Sugarcane exudate
GCF_025987805.1_ASM2598780v1,Pyrus sinkiangensis,branches
GCF_001409135.1_10259,Homo sapiens,Human Stool
GCF_024346695.1_ASM2434669v1,Homo sapiens,urine
GCF_022921275.1_ASM2292127v1,Homo sapiens,gastric biopsy
GCF_011604725.1_ASM1160472v1,NA,water
GCF_000959725.1_ASM95972v1,NA,Plant
GCF_019703105.1_ASM1970310v1,Homo sapiens,bile
GCF_025917725.1_ASM2591772v1,Penaeus vannamei,enrironmental
GCF_025960625.1_ASM2596062v1,Endophyte of potato root,Three year continuous cropping of potato root
GCF_029773245.1_ASM2977324v1,Homo sapiens,plasma
GCF_020906215.1_ASM2090621v1,Skeletonema costatum,estuarine water [ENVO:01000301]
GCF_030717765.1_ASM3071776v1,Salix sp.,NA
GCF_009301415.1_ASM930141v1,NA,the fermentation starter of Baijiu
GCF_009685175.1_ASM968517v1,NA,Lake sediment
GCF_000330885.1_ASM33088v1,NA,Phaseolus vulgaris root nodule
GCF_024918035.1_ASM2491803v1,Homo sapiens,blood
GCF_024749425.1_ASM2474942v1,Homo sapiens,NA
GCF_029773025.1_ASM2977302v1,Homo sapiens,plasma
GCF_020906075.1_ASM2090607v1,Skeletonema costatum,estuarine water [ENVO:01000301]
GCF_002752955.1_ASM275295v1,Homo sapiens,sputum
GCF_018394355.1_ASM1839435v1,Homo sapiens,blood
GCF_037630675.1_ASM3763067v1,Homo sapiens,NA
GCF_006351845.1_ASM635184v1,NA,retail chicken
GCF_024749645.1_ASM2474964v1,Homo sapiens,NA
GCF_024918255.1_ASM2491825v1,Homo sapiens,blood
GCF_003432265.1_ASM343226v1,Bovine,sterile
GCF_020695585.1_ASM2069558v1,Homo sapiens,urine - permanent urinary catheter
GCF_000495455.2_ASM49545v2,NA,soil
GCF_025908475.1_ASM2590847v1,NA,cyanobacterial bloom
GCF_021166115.1_ASM2116611v1,Homo sapiens,NA
GCF_029981845.1_ASM2998184v1,Cryptomonas gyropyrenoidosa SAG 25.80,freshwater
GCF_011604545.1_ASM1160454v1,Trifolium repens,Clover nodules
GCF_023361095.1_ASM2336109v1,Homo sapiens,secretion
GCF_001593565.1_ASM159356v1,Homo sapiens,NA
GCF_001652385.2_ASM165238v2,NA,madre curry powder hot
GCF_040388595.1_WHO_alpha_2024,Homo sapiens,Urogenital
GCF_005221865.1_ASM522186v1,NA,cattle
GCF_030061915.1_ASM3006191v1,NA,wolfberry
GCF_027555065.1_ASM2755506v1,NA,NA
GCF_902712845.1_GHE19-1,NA,NA
GCF_017352155.2_ASM1735215v2,NA,Salt lake
GCF_009627495.1_ASM962749v1,Homo sapiens,feces
GCF_029691895.1_ASM2969189v1,Homo sapiens,Forehead
GCF_019192645.1_ASM1919264v1,Homo sapiens,urine
GCF_003112225.1_ASM311222v1,Bos taurus,feces
GCF_033253665.1_ASM3325366v1,Homo sapiens,pooled swabs
GCF_028219995.1_ASM2821999v1,Homo sapiens,sputum
GCF_024585805.1_ASM2458580v1,Pig,Rectal Swab
GCF_022385295.1_ASM2238529v1,NA,soil from geothermal area
GCF_030295585.1_ASM3029558v1,Homo sapiens,feces
GCF_005979305.1_ASM597930v1,Pig,faecal swab
GCF_009914535.1_ASM991453v1,NA,Foam on activated sludge
GCF_016406145.1_ASM1640614v1,Urochloa reptans,Brachiaria reptans plant leaf source
GCF_022221345.1_ASM2222134v1,Homo sapiens,NA
GCF_000661915.1_ASM66191v1,NA,marine sediment
GCF_019286955.1_ASM1928695v1,Homo sapiens,Endotracheal aspirate
GCF_019670245.1_ASM1967024v1,NA,Bos taurus
GCF_000597865.1_ASM59786v1,NA,black mud
GCF_001444465.1_ASM144446v1,Rattus,animal
GCF_003999505.1_ASM399950v1,common bean,leaves of Phaseolus vulgaris
GCF_018138125.1_ASM1813812v1,NA,soil
GCF_005145085.1_ASM514508v1,Homo sapiens,first stool of the newborn
GCF_013340785.1_ASM1334078v1,Homo sapiens,human scar swab
GCF_900234395.1_JOUY54_assembly_v1,NA,French dry-type Pork sausage
GCF_002813755.1_ASM281375v1,NA,soil
GCF_018141025.1_ASM1814102v1,Solanum lycopersicum L.,Rhizosphere
GCF_015654205.1_ASM1565420v1,Solanum lycopersicum,NA
GCF_001640925.1_ASM164092v1,Homo sapiens,blood
GCF_004355865.1_ASM435586v1,Oryza sativa,NA
GCF_000281195.1_ASM28119v1,pig,feces
GCF_023374695.1_ASM2337469v1,Homo sapiens,NA
GCF_014058425.1_ASM1405842v1,NA,Animal feed
GCF_025642175.1_ASM2564217v1,NA,rhizosphere soil
GCF_002214245.1_ASM221424v1,Atlantic salmon,The RAS Atlantic Salmon facility
GCF_033852495.1_ASM3385249v1,Homo sapiens,patient
GCF_904711265.1_2014-01-7375,Gallus gallus domesticus,Broiler
GCF_030015595.1_ASM3001559v1,Camelus dromedarius,Nose
GCF_019976915.1_ASM1997691v1,Equus caballus,liver
GCF_029854495.1_ASM2985449v1,Homo sapiens,blood
GCF_038396495.1_ASM3839649v1,NA,hospital wastewater
GCF_024365025.1_ASM2436502v1,Homo sapiens,NA
GCF_003626955.1_ASM362695v1,NA,soil
GCF_017096405.2_ASM1709640v2,Homo sapiens,sputum
GCF_013177495.2_ASM1317749v2,NA,soil
GCF_015649805.1_ASM1564980v1,NA,wastewater
GCF_016904595.1_ASM1690459v1,Homo sapiens,NA
GCF_002000765.1_ASM200076v1,Homo sapiens,Perineum
GCF_009867115.1_ASM986711v1,Homo sapiens,blood
GCF_036601155.1_AB5075_UoB_1.0,Homo sapiens,tibia/osteomyelitis of diabetes patient
GCF_003076895.1_ASM307689v1,Penaeus vannamei,NA
GCF_001623645.2_ASM162364v2,Homo sapiens,stool
GCF_021496325.1_ASM2149632v1,NA,urban river water
GCF_023735375.1_ASM2373537v1,Homo sapiens,NA
GCF_001902355.1_ASM190235v1,Homo sapiens,urine
GCF_001636015.1_ASM163601v1,Bos taurus,case of pinkeye
GCF_014524585.1_ASM1452458v1,NA,slaughtered pig
GCF_003609775.1_ASM360977v1,Homo sapiens,NA
GCF_037749255.1_ASM3774925v1,NA,NA
GCF_027947615.1_ASM2794761v1,avian,NA
GCF_001005925.2_ASM100592v2,NA,green chili
GCF_017165075.1_ASM1716507v1,NA,Bovine Faeces
GCF_029489995.1_ASM2948999v1,NA,sediment
GCF_004141955.1_ASM414195v1,Homo sapiens,urine
GCF_028893075.1_ASM2889307v1,Bos taurus,Large intestine
GCF_004168325.2_ASM416832v2,NA,NA
GCF_033441455.1_ASM3344145v1,Penaeus vannamei,shrimp
GCF_038442385.1_CIRI-F19-10-4,cat,urine
GCF_001718635.1_ASM171863v1,NA,environmental
GCF_036894365.1_ASM3689436v1,NA,soil
GCF_024526015.1_FMAS_PN5,Homo sapiens,blood
GCF_001692535.1_ASM169253v1,Homo sapiens,human
GCF_019428625.1_ASM1942862v1,NA,chicken
GCF_003288295.1_ASM328829v1,Bos taurus,feces
GCF_013166855.1_ASM1316685v1,NA,NA
GCF_900637865.1_52683_G03,environmental,Cooling tower water
GCF_015767475.1_ASM1576747v1,pig,pig farms
GCF_003113495.2_ASM311349v2,Homo sapiens,NA
GCF_001028645.1_ASM102864v1,NA,NA
GCF_030167035.1_ASM3016703v1,NA,soil in warm; humid forested area with dark clay soils (5 cm deep)
GCF_029962365.1_ASM2996236v1,NA,household dust
GCF_005222205.1_ASM522220v1,NA,Agricultural field
GCF_009709135.1_ASM970913v1,Oncorhynchus kisutch,NA
GCF_009497715.1_ASM949771v1,Homo sapiens,NA
GCF_002173755.1_ASM217375v1,NA,soil
GCF_000832445.1_ASM83244v1,Homo sapiens,NA
GCF_023702715.1_ASM2370271v1,Craugastor fitzingeri,skin
GCF_019797945.1_ASM1979794v1,NA,chicken feces
GCF_000877815.1_ASM87781v1,NA,Waxworms gut
GCF_020549965.1_ASM2054996v1,Phascolarctos cinereus,Urogenital tract
GCF_017161745.1_ASM1716174v1,Homo sapiens,NA
GCF_021137775.1_ASM2113777v1,Homo sapiens,urine
GCF_000961235.1_ASM96123v1,Citrus x aurantiifolia,citrus infected tissue
GCF_005885935.1_ASM588593v1,Homo sapiens,stool
GCF_024347075.1_ASM2434707v1,NA,NA
GCF_902502825.2_E03_1.v3,NA,Paddy soil under the long-term application of triazophos insecticide
GCF_000204645.1_ASM20464v1,NA,anaerobic sewer sludge
GCF_027594925.1_ASM2759492v1,Homo sapiens,NA
GCF_011045815.1_ASM1104581v1,NA,a nose swab sample of swine origin
GCF_003010455.1_ASM301045v1,NA,Traditional fermented food in Korea
GCF_022014695.1_ASM2201469v1,Equus ferus caballus (Thoroughbred),feces
GCF_000272535.2_ASM27253v2,Equus ferus caballus,clinical
GCF_013201175.1_ASM1320117v1,pig,slaughterhouse
GCF_003204175.1_ASM320417v1,NA,NA
GCF_001865415.1_ASM186541v1,NA,chicken
GCF_021249365.1_ASM2124936v1,NA,Hospital sewage
GCF_034340365.2_ASM3434036v2,Homo sapiens,hospital
GCF_022494855.1_ASM2249485v1,NA,river water
GCF_038367165.1_ASM3836716v1,NA,NA
GCF_019924095.1_ASM1992409v1,NA,Tidal pool
GCF_020809185.1_ASM2080918v1,NA,Biopesticide Solbac
GCF_021650835.1_ASM2165083v1,Homo sapiens,feces
GCF_000197755.2_ASM19775v2,NA,NA
GCF_003073835.1_ASM307383v1,NA,NA
GCF_020099255.1_ASM2009925v1,NA,NA
GCF_009730435.1_ASM973043v1,NA,NA
GCF_022404775.1_ASM2240477v1,Homo sapiens,NA
GCF_016939695.1_ASM1693969v1,Homo sapiens,rectal swab
GCF_008807855.1_ASM880785v1,NA,activated sludge
GCF_000493595.1_EcoPMV1,NA,NA
GCF_016839185.1_ASM1683918v1,NA,Minnesota
GCF_030296855.1_ASM3029685v1,Homo sapiens,feces
GCF_005083845.1_ASM508384v1,Aphis helianthi,air
GCF_903978225.1_CFBP_8129.2,Solanum lycopersicum,NA
GCF_001593665.2_ASM159366v2,Melon,rotted fruit from symptomatic plant
GCF_000479375.3_ASM47937v3,NA,home-made koumiss
GCF_011065325.1_ASM1106532v1,Canis lupus familiaris,host skin
GCF_033848475.1_ASM3384847v1,Homo sapiens,patient
GCF_023702575.1_ASM2370257v1,Homo sapiens,no
GCF_000264455.2_ASM26445v2,NA,NA
GCF_023746725.1_ASM2374672v1,swine,feces
GCF_009708315.1_ASM970831v1,Salmo salar,NA
GCF_030908425.1_ASM3090842v1,Homo sapiens,pus
GCF_002863725.1_ASM286372v1,NA,Konosirus punctatus
GCF_000521505.1_ASM52150v1,NA,NA
GCF_017639065.1_ASM1763906v1,NA,imported food: chilli pepper
GCF_003595485.1_ASM359548v1,Homo sapiens,Pus leg
GCF_007954445.1_ASM795444v1,Homo sapiens,Tricuspid valve; anterior leaflet
GCF_029962105.1_ASM2996210v1,NA,NA
GCF_037549885.1_ASM3754988v1,Homo sapiens,NA
GCF_019931695.1_ASM1993169v1,Homo sapiens,NA
GCF_020405245.1_ASM2040524v1,NA,gobi saline soil
GCF_900235885.1_CFBP6109,NA,NA
GCF_019297835.1_ASM1929783v1,NA,morning glory
GCF_025559885.1_ASM2555988v1,walnut,crown gall
GCF_030007975.1_ASM3000797v1,Homo sapiens,Human gut
GCF_015697215.1_ASM1569721v1,NA,ground chicken
GCF_900087815.2_WHOX,NA,NA
GCF_002949415.1_ASM294941v1,NA,NA
GCF_028622295.1_ASM2862229v1,NA,bird (unidentified species)
GCF_000008885.1_ASM888v1,Glossina brevipalpis,NA
GCF_028893215.1_ASM2889321v1,Bos taurus,feces
GCF_030144685.1_ASM3014468v1,Homo sapiens,urinary
GCF_023375075.1_ASM2337507v1,Prunus dulcis,Plant leaf
GCF_018885165.1_ASM1888516v1,Homo sapiens,stool
GCF_904866215.1_INF359,Homo sapiens,urine
GCF_036226805.1_ASM3622680v1,NA,NA
GCF_037943745.1_ASM3794374v1,Chicken,liver
GCF_025808335.1_ASM2580833v1,NA,Straw bedding samples at chicken farm
GCF_017165215.1_ASM1716521v1,NA,Bovine Faeces
GCF_007855645.1_ASM785564v1,NA,saline soil
GCF_038442575.1_CIRI-F15-01B,cat,urine
GCF_009650195.1_ASM965019v1,NA,Microcystis culture
GCF_025562815.2_ASM2556281v2,NA,Dairy
GCF_036702575.1_ASM3670257v1,NA,raw milk
GCF_021498145.1_ASM2149814v1,Homo sapiens,bone infection of foot
GCF_020204845.1_ASM2020484v1,Hibiscus rosa-sinensis,NA
GCF_029607425.2_ASM2960742v2,Citrus sinensis,NA
GCF_000971725.1_ASM97172v1,Homo sapiens,Portugal:Lisbon
GCF_020002335.2_ASM2000233v2,NA,Peach leaves
GCF_023066785.1_ASM2306678v1,Homo sapiens,NA
GCF_013372065.1_ASM1337206v1,NA,water pond
GCF_013348985.1_ASM1334898v1,NA,monitor panel
GCF_023375225.1_ASM2337522v1,Sus scrofa domesticus,fecal sample
GCF_003203595.1_ASM320359v1,NA,NA
GCF_021183605.1_ASM2118360v1,NA,NA
GCF_030489785.1_ASM3048978v1,Homo sapiens,NA
GCF_033224565.1_ASM3322456v1,Homo sapiens,NA
GCF_005391285.2_ASM539128v2,Bos taurus,feces
GCF_000023005.1_ASM2300v1,Amblyomma variegatum (cattle tick),NA
GCF_000020365.1_ASM2036v1,NA,NA
GCF_030295785.1_ASM3029578v1,pig,excrement
GCF_016406345.1_ASM1640634v1,Homo sapiens,rectal swab
GCF_904833135.1_L1_E925,NA,NA
GCF_022221145.1_ASM2222114v1,Bos taurus,NA
GCF_024205905.1_ASM2420590v1,dog,Ear swab
GCF_002163935.1_ASM216393v1,NA,porcine
GCF_037414495.1_BSN131,Homo sapiens,blood
GCF_037081805.1_ASM3708180v1,Canis lupus familiaris,Faecal sample
GCF_022405395.1_ASM2240539v1,Homo sapiens,NA
GCF_005222405.1_ASM522240v1,NA,cattle
GCF_015832075.1_ASM1583207v1,Homo sapiens,NA
GCF_030717705.1_ASM3071770v1,Homo sapiens,blood
GCF_017514945.1_ASM1751494v1,NA,RoundUp
GCF_021044665.1_ASM2104466v1,Melilotus albus,root nodule
GCF_024749445.1_ASM2474944v1,Homo sapiens,NA
GCF_024918055.1_ASM2491805v1,Homo sapiens,same blood draw as MB8764
GCF_020905035.2_ASM2090503v2,Homo sapiens,urethal swab
GCF_029855025.1_ASM2985502v1,Aesculus hippocastanum,NA
GCF_001972625.2_ASM197262v2,Mus musculus,intestine mouse
GCF_900639595.1_E8377_hybrid_assembly,NA,NA
GCF_022921215.1_ASM2292121v1,Homo sapiens,gastric biopsy
GCF_025919745.1_ASM2591974v1,NA,soil
GCF_000194745.1_ASM19474v1,NA,NA
GCF_019703165.1_ASM1970316v1,Homo sapiens,bile
GCF_004120175.1_ASM412017v1,Homo sapiens,sputum
GCF_025917745.1_ASM2591774v1,Penaeus vannamei,NA
GCF_001669145.2_ASM166914v2,Homo sapiens,NA
GCF_040084815.1_ASM4008481v1,NA,NA
GCF_014169955.1_ASM1416995v1,NA,human cell culture
GCF_026427455.1_ASM2642745v1,Homo sapiens,blood
GCF_024507995.1_ASM2450799v1,NA,cow
GCF_001687565.2_ASM168756v2,NA,cyanobacterial mat sample of Antarctic lake
GCF_038396695.1_ASM3839669v1,NA,river water
GCF_004193755.1_ASM419375v1,Homo sapiens,urine
GCF_003017935.1_ASM301793v1,Homo sapiens,stool
GCF_015571775.1_ASM1557177v1,Sus scrofa domesticus,feces
GCF_017798265.1_ASM1779826v1,mulberry,NA
GCF_036088315.1_ASM3608831v1,NA,soil
GCF_030169005.1_ASM3016900v1,fish,NA
GCF_029873575.1_ASM2987357v1,NA,soil
GCF_000145295.1_ASM14529v1,NA,NA
GCF_021459865.1_ASM2145986v1,Morus alba,NA
GCF_003597755.1_ASM359775v1,Homo sapiens,sputum
GCF_035620075.1_ASM3562007v1,Homo sapiens,blood
GCF_013738635.1_ASM1373863v1,NA,Wastewater effluent sample
GCF_037046505.2_BSN82_Closure,Homo sapiens,blood
GCF_016727305.1_ASM1672730v1,NA,NA
GCF_018141225.1_ASM1814122v1,Avian,NA
GCF_001454985.1_ASM145498v1,NA,petroleum-contaminated soil
GCF_018582665.1_ASM1858266v1,NA,barial marine waters
GCF_001902555.1_ASM190255v1,NA,Coal Bed
GCF_016638525.1_ASM1663852v1,Avian,feces
GCF_023746575.1_ASM2374657v1,NA,Chicken manure
GCF_024734275.1_ASM2473427v1,NA,well water
GCF_036820215.1_ASM3682021v1,chicken,cloacal swab
GCF_007197835.1_ASM719783v1,Homo sapiens,sputum
GCF_003718295.1_ASM371829v1,NA,NA
GCF_018884585.1_ASM1888458v1,Homo sapiens,stool
GCF_025642375.1_ASM2564237v1,Homo sapiens,urethal swab
GCF_002012145.1_ASM201214v1,Homo sapiens,NA
GCF_018141045.1_ASM1814104v1,NA,soil sample
GCF_003206535.1_ASM320653v1,Homo sapiens,tracheal secretions
GCF_004136055.1_ASM413605v1,Bovine,bovine hide
GCF_033129525.1_ASM3312952v1,Homo sapiens,feces
GCF_030552935.1_ASM3055293v1,Homo sapiens,sputum
GCF_025884095.1_ASM2588409v1,Homo sapiens,throat swab
GCF_030169265.1_ASM3016926v1,NA,chicken feces
GCF_000016205.1_ASM1620v1,NA,NA
GCF_000015165.1_ASM1516v1,NA,NA
GCF_019670225.1_ASM1967022v1,NA,Bos taurus
GCF_009363655.1_ASM936365v1,NA,Surface of a polyethylene microplastic particle present in tank 6 of a marine aquarium containing stony-coral fragments and water maintained at 26 degree C
GCF_001874645.1_ASM187464v1,NA,glacial stream
GCF_033403855.1_ASM3340385v1,NA,NA
GCF_007833295.1_ASM783329v1,Dairy cow,milk from dairy cow with acute mastitis
GCF_031890185.1_ASM3189018v1,Allium cepa,NA
GCF_009720445.1_ASM972044v1,Homo sapiens,urine
GCF_036275755.1_ASM3627575v1,Pig,NA
GCF_949786285.1_EC0026B_R4,NA,Derived from parental isolate EC0026B in laboratory.
GCF_024365045.1_ASM2436504v1,NA,soil
GCF_002214745.2_ASM221474v2,Homo sapiens,Human Stool
GCF_014720855.1_ASM1472085v1,Homo sapiens,blood
GCF_016413725.1_ASM1641372v1,Pteropus livingstonii,feces
GCF_023734795.1_ASM2373479v1,Homo sapiens,NA
GCF_022374895.2_ASM2237489v2,NA,NA
GCF_034440735.1_ASM3444073v1,NA,soil near an iron factory
GCF_038367155.1_ASM3836715v1,NA,NA
GCF_005944105.1_ASM594410v1,NA,Quinoline-degrading denitrifying bioreactor
GCF_001753485.1_ASM175348v1,NA,Cattle Hide
GCF_002007085.2_ASM200708v2,Homo sapiens,NA
GCF_016803855.1_ASM1680385v1,Homo sapiens,Rectal swab of patient hospitalized for an unrelated disease
GCF_002903485.1_ASM290348v1,NA,NA
GCF_022558985.1_ASM2255898v1,Homo sapiens,NA
GCF_028749805.1_ASM2874980v1,Brassica oleracea var. capitata,Symptomatic leaf tissue
GCF_014672695.1_ASM1467269v1,NA,NCIMB
GCF_026427635.1_ASM2642763v1,NA,hot spring
GCF_013267315.1_ASM1326731v1,NA,NA
GCF_000635895.2_ASM63589v2,NA,sludge of an anaerobic digestion reactor
GCF_001455225.1_ASM145522v1,NA,sewage plant sludge
GCF_000723725.2_ASM72372v2,NA,NA
GCF_024498575.1_ASM2449857v1,NA,sucrose solution
GCF_002202175.1_ASM220217v1,NA,NA
GCF_030582375.1_ASM3058237v1,Glycine soja,NA
GCF_006461325.2_ASM646132v2,grass carp,NA
GCF_011604525.1_ASM1160452v1,Trifolium pratense,Clover nodules
GCF_022921075.1_ASM2292107v1,NA,air
GCF_021166175.1_ASM2116617v1,Homo sapiens,NA
GCF_019703305.1_ASM1970330v1,Canis lupus familiaris,NA
GCF_900087905.2_WHOU,NA,NA
GCF_021730325.1_ASM2173032v1,chicken,feces
GCF_029773045.1_ASM2977304v1,Homo sapiens,plasma
GCF_005280675.1_ASM528067v1,Homosapiens,sputum
GCF_020906015.1_ASM2090601v1,Skeletonema costatum,estuarine water [ENVO:01000301]
GCF_030717565.1_ASM3071756v1,Homo sapiens,sputum
GCF_024918235.1_ASM2491823v1,Homo sapiens,blood
GCF_024749625.1_ASM2474962v1,Homo sapiens,NA
GCF_000026225.1_ASM2622v1,NA,NA
GCF_000023785.1_ASM2378v1,NA,NA
GCF_000412775.1_ASM41277v1,NA,NA
GCF_024585865.1_ASM2458586v1,Pig,Rectal Swab
GCF_022759785.1_ASM2275978v1,Homo sapiens,stool
GCF_012516415.1_ASM1251641v1,NA,R.J.Roberts
GCF_016406125.1_ASM1640612v1,NA,flotation deposits | sea sand
GCF_013305305.1_ASM1330530v1,Homo sapiens,blood
GCF_024138795.1_ASM2413879v1,NA,fresh-cut fruits
GCF_022221325.1_ASM2222132v1,NA,NA
GCF_001900715.1_ASM190071v1,dog,NA
GCF_002866885.2_ASM286688v2,Homo sapiens,feces
GCF_016066915.1_ASM1606691v1,Sichuan pickle,NA
GCF_009912075.1_ASM991207v1,Homo sapiens,NA
GCF_003100395.1_ASM310039v1,NA,soil
GCF_026248005.1_ASM2624800v1,Homo sapiens,rectal swab
GCF_003627775.1_ASM362777v1,Phaseolus,agricultural soil
GCF_022226995.1_ASM2222699v1,Homo sapiens,skin
GCF_013729075.1_ASM1372907v1,NA,Wastewater effluent sample
GCF_016801675.1_ASM1680167v1,NA,NA
GCF_000006945.2_ASM694v2,NA,NA
GCF_000013045.1_ASM1304v1,NA,NA
GCF_015290985.1_ASM1529098v1,Homo sapiens,sputum
GCF_029541805.1_ASM2954180v1,Milk,NA
GCF_024752535.1_ASM2475253v1,NA,Mouldy hay
GCF_001886575.1_ASM188657v1,Homo sapiens,Clinical
GCF_009883895.1_ASM988389v1,Penaeus japonicus,AHPND infected Penaeus japonicus
GCF_028623105.1_ASM2862310v1,Homo sapiens,leg
GCF_009661665.2_ASM966166v2,Homo sapiens,urine
GCF_036014075.1_ASM3601407v1,NA,NA
GCF_027943665.1_ASM2794366v1,Homo sapiens,stool
GCF_901457775.2_ASM90145777v2,NA,alginate-supplemented microcosm
GCF_022925255.1_ASM2292525v1,Homo sapiens,gastric biopsy
GCF_029457495.1_ASM2945749v1,NA,petroleum contaminated soil
GCF_015841135.1_ASM1584113v1,Homo sapiens,Rectal swab
GCF_021391575.1_ASM2139157v1,Homo sapiens,patient
GCF_017751265.1_ASM1775126v1,NA,NA
GCF_015288205.1_ASM1528820v1,NA,Human fecal samples
GCF_001675145.1_ASM167514v1,Homo sapiens,NA
GCF_013282315.1_ASM1328231v1,NA,surface water
GCF_024583175.1_ASM2458317v1,NA,fish
GCF_023158935.1_ASM2315893v1,NA,milking environment
GCF_020990625.1_ASM2099062v1,NA,plant tissue
GCF_004010595.1_ASM401059v1,NA,NA
GCF_019330145.1_ASM1933014v1,Homo sapiens,NA
GCF_022691445.1_ASM2269144v1,Homo sapiens,urine
GCF_000219215.1_ASM21921v1,NA,soil
GCF_024347735.1_ASM2434773v1,NA,NA
GCF_022461025.2_ASM2246102v2,Homo sapiens,NA
GCF_014854695.1_ASM1485469v1,NA,sewage tank
GCF_029692065.1_ASM2969206v1,NA,marinated raw chicken
GCF_030450005.1_ASM3045000v1,NA,fruits
GCF_964198735.1_Zagreb017_hybrid_assembly.fa.gz,Homo sapiens,clinical material
GCF_024917195.1_ASM2491719v1,Homo sapiens,NA
GCF_009833945.1_ASM983394v1,female,blood
GCF_001674475.2_ASM167447v2,Homo sapiens,NA
GCF_013812875.1_ASM1381287v1,NA,Pooled pig faecal samples collected from floor of farm
GCF_000487935.2_ASM48793v2,NA,NA
GCF_904866405.1_INF279,Homo sapiens,urine
GCF_019880465.1_ASM1988046v1,Helicoverpa armigera,dead larvae
GCF_029713965.1_ASM2971396v1,Homo sapiens,NA
GCF_013787185.1_ASM1378718v1,Homo sapiens,respiratory tract
GCF_014844115.1_ASM1484411v1,NA,kimchi
GCF_002085755.1_ASM208575v1,Homo sapiens,sputum
GCF_003234335.2_ASM323433v2,NA,leaf litter
GCF_000165815.1_ASM16581v1,NA,NA
GCF_023735435.1_ASM2373543v1,Homo sapiens,NA
GCF_020525925.1_ASM2052592v1,Homo sapiens,blood
GCF_003130755.1_ASM313075v1,Turbot,heart blood
GCF_003193705.1_ASM319370v1,NA,NA
GCF_017565685.3_ASM1756568v3,Glycine max cv. AC Glengarry,Root nodule from soybean plant inoculated with root zone soil from Apios americana
GCF_029909995.1_ASM2990999v1,Arachis hypogaea,Groundnut Field
GCF_904865835.1_MSB1_9I,Homo sapiens,rectal swab
GCF_004101865.1_ASM410186v1,NA,salt lake
GCF_040438625.1_ASM4043862v1,Homo sapiens,NA
GCF_038244785.1_ASM3824478v1,NA,stool
GCF_001465175.1_ASM146517v1,NA,the pit mud of a Chinese liquor factory
GCF_014168895.1_ASM1416889v1,NA,wastewater
GCF_015650045.1_ASM1565004v1,NA,Malus sylvestris
GCF_036362865.1_ASM3636286v1,Bos taurus,milk
GCF_028736015.1_ASM2873601v1,Homo sapiens,Rectal Swab
GCF_033128685.1_ASM3312868v1,Homo sapiens,feces
GCF_004000475.1_ASM400047v1,common bean,leaves of Phaseolus vulgaris
GCF_000828515.1_ASM82851v1,Megacopta punctatissima,NA
GCF_000007605.1_ASM760v1,NA,NA
GCF_025985425.1_ASM2598542v1,Zophobas morio,larva tissue
GCF_009834225.1_ASM983422v1,Tanacetum vulgare,plant
GCF_013782005.1_ASM1378200v1,NA,Wastewater effluent sample
GCF_000017725.2_ASM1772v2,NA,NA
GCF_038442735.1_ASM3844273v1,Homo sapiens,catheter
GCF_001278745.1_ASM127874v1,Homo sapiens,Blood
GCF_009667835.1_ASM966783v1,NA,animal
GCF_000961295.1_ASM96129v1,citrus spp.,citrus infected tissue
GCF_020886575.2_ASM2088657v2,Homo sapiens,NA
GCF_002950235.1_ASM295023v1,NA,NA
GCF_002157165.1_ASM215716v1,NA,soil
GCF_013739595.1_ASM1373959v1,NA,Wastewater influent sample
GCF_017898025.1_ASM1789802v1,Homo sapiens,blood
GCF_008124305.1_ASM812430v1,NA,mouse gut
GCF_040365085.1_ASM4036508v1,NA,breast puncture fluid
GCF_001932815.1_ASM193281v1,Salmo salar,Liver
GCF_035213235.1_ASM3521323v1,Glycine max,NA
GCF_905332395.2_AI2894v1_cpp,Homo sapiens,Hospital Universitario Ramon y Cajal (Madrid)
GCF_029624875.1_ASM2962487v1,Homo sapiens,Rectal swab
GCF_001648155.1_ASM164815v1,NA,glacier from Lahual Spiti valley
GCF_018323885.1_ASM1832388v1,NA,NA
GCF_028867175.1_ASM2886717v1,sheep,NA
GCF_001664285.1_ASM166428v1,Phaseolus vulgaris,legume-root nodule
GCF_024496205.1_ASM2449620v1,Homo sapiens,sputum
GCF_030322945.1_ASM3032294v1,Homo sapiens,sputamentum
GCF_006064855.1_ASM606485v1,NA,seawater
GCF_013745515.1_ASM1374551v1,NA,Freshwater sample from upstream of wastewater treatment plant
GCF_003325055.1_ASM332505v1,NA,NA
GCF_036010525.1_ASM3601052v1,NA,NA
GCF_000400635.2_ASM40063v2,NA,NA
GCF_017165555.1_ASM1716555v1,Homo sapiens,sputum
GCF_002220615.1_ASM222061v1,Homo sapiens,University of Michigan Health System
GCF_029016125.1_ASM2901612v1,Allium cepa,NA
GCF_001677495.1_ASM167749v1,NA,lettuce
GCF_030344975.1_ASM3034497v1,Equus ferus caballus,feces
GCF_030036655.1_ASM3003665v1,NA,wastewater
GCF_033954895.1_ASM3395489v1,NA,combination probiotic preparations
GCF_001936315.1_ASM193631v1,Homo sapiens,feces
GCF_030515195.1_ASM3051519v1,Homo sapiens,CSF
GCF_023573785.1_ASM2357378v1,Homo sapiens,NA
GCF_033971045.1_ASM3397104v1,Bos taurus,feces
GCF_008831445.1_ASM883144v1,Canicola,NA
GCF_003571705.1_ASM357170v1,NA,NA
GCF_028621855.1_ASM2862185v1,NA,Contaminated soil
GCF_003020885.1_ASM302088v1,Homo sapiens,urine
GCF_030505615.1_ASM3050561v1,NA,sediment
GCF_002947135.1_ASM294713v1,NA,NA
GCF_023206615.1_ASM2320661v1,NA,NA
GCF_000178975.2_ASM17897v2,NA,NA
GCF_016446335.1_ASM1644633v1,Homo sapiens,sputum
GCF_031183715.1_ASM3118371v1,NA,Human feces
GCF_001880225.1_ASM188022v1,NA,Air conditioning system
GCF_001660005.1_ASM166000v1,Ornithodoros hermsi,mountain cabin
GCF_003957805.1_ASM395780v1,NA,ENVO:00002006
GCF_021729965.1_ASM2172996v1,Penaeus vannamei,NA
GCF_015238615.1_ASM1523861v1,NA,NA
GCF_020640955.1_ASM2064095v1,Homo sapiens,bile
GCF_004848685.1_ASM484868v1,Homo sapiens,NA
GCF_024347555.1_ASM2434755v1,NA,NA
GCF_016903835.1_ASM1690383v1,Homo sapiens,NA
GCF_039724765.1_E37_hybrid,NA,NA
GCF_036014215.1_ASM3601421v1,NA,soil
GCF_002080065.1_ASM208006v1,Homo sapiens,NA
GCF_003717395.1_ASM371739v1,NA,NA
GCF_016772575.1_ASM1677257v1,Homo sapiens,blood
GCF_030486425.1_ASM3048642v1,NA,an LDPE film in soil
GCF_023078515.1_ASM2307851v1,NA,kimchi
GCF_021391715.1_ASM2139171v1,Trifolium pratense,Plant nodule
GCF_023374185.1_ASM2337418v1,Homo sapiens,urine
GCF_012052225.1_ASM1205222v1,Homo sapiens,Diarrheal patient
GCF_020422925.2_ASM2042292v2,Homo sapiens,mountain cabin
GCF_013614655.1_ASM1361465v1,NA,Freshwater sample from downstream of wastewater treatment plant
GCF_038024705.1_WGS_using_MinION_R10.4.1_of_Staphylococcus_aureus_TUM22749,Homo sapiens,NA
GCF_000016265.1_ASM1626v1,NA,NA
GCF_015992385.1_ASM1599238v1,Homo sapiens,Taichung Veterans General Hospital
GCF_002935085.1_ASM293508v1,NA,NA
GCF_023101305.1_ASM2310130v1,NA,water sink surface
GCF_040554455.1_ASM4055445v1,NA,hospital
GCF_009857055.1_ASM985705v1,Homo sapiens,sputum
GCF_033095805.1_ASM3309580v1,Aedes aegypti,larvae gut
GCF_011058735.1_ASM1105873v1,Homo sapiens,Mid-vagina
GCF_003033905.1_ASM303390v1,NA,bovine mastitis
GCF_023824035.1_ASM2382403v1,NA,soil
GCF_013374975.1_ASM1337497v1,Homo sapiens,blood
GCF_900637775.1_52592_D02,Homo sapiens,Vein blood
GCF_020423205.1_ASM2042320v1,NA,Rectal swab of live bovine cattle
GCF_013378015.1_ASM1337801v1,cattle,upper respiratory tract
GCF_029910495.1_ASM2991049v1,NA,soil associated with Quercus lobator
GCF_009931335.1_ASM993133v1,Sus scrofa,NA
GCF_021534985.1_ASM2153498v1,NA,pork
GCF_002951615.1_ASM295161v1,NA,soil
GCF_015870965.1_ASM1587096v1,Homo sapiens,human clinical sample
GCF_000204565.1_ASM20456v1,NA,NA
GCF_019738975.1_ASM1973897v1,Homo sapiens,blood
GCF_009909385.1_ASM990938v1,Homo sapiens,body fluid
GCF_027570235.2_ASM2757023v2,NA,wastewater
GCF_011769965.2_ASM1176996v2,NA,soil
GCF_022059905.1_ASM2205990v1,Homo sapiens,NA
GCF_024759485.1_ASM2475948v1,Homo sapiens,NA
GCF_002285715.1_ASM228571v1,Homo sapiens,NA
GCF_024400375.1_ASM2440037v1,NA,soil
GCF_009664045.1_ASM966404v1,Homo sapiens,stool
GCF_001676725.1_ASM167672v1,Homo sapiens,Sputum
GCF_017742855.1_ASM1774285v1,Homo sapiens,Respiratory specimen
GCF_037199755.2_BSN38-MRSA1_Closure,Homo sapiens,blood
GCF_021559835.1_ASM2155983v1,Homo sapiens,feces
GCF_003665395.1_ASM366539v1,NA,Cheonggukjang
GCF_964055375.1_30859_5_40,NA,NA
GCF_020138715.1_ASM2013871v1,NA,salmon
GCF_013167995.1_ASM1316799v1,Homo sapiens,NA
GCF_005860795.2_ASM586079v2,NA,Saline Desert Soil
GCF_000048645.1_ASM4864v1,NA,NA
GCF_031357085.1_ASM3135708v1,NA,NA
GCF_029873235.1_ASM2987323v1,NA,sewage
GCF_024803605.1_ASM2480360v1,NA,Atlantic Mackerel
GCF_018771705.1_ASM1877170v1,Solanum lycopersicum,soil
GCF_020735625.1_ASM2073562v1,NA,NA
GCF_009846595.1_ASM984659v1,poultry,stool
GCF_964049475.1_30345_1_220,NA,NA
GCF_025642435.1_ASM2564243v1,Homo sapiens,urethal swab
GCF_002706705.1_ASM270670v1,NA,air of cow shed
GCF_000008445.1_ASM844v1,NA,NA
GCF_947539765.1_AMBF275_2_hybrid,NA,carrot juice fermentation
GCF_017190595.1_ASM1719059v1,Homo sapiens,Clinical patient
GCF_017161035.1_ASM1716103v1,NA,NA
GCF_025913735.1_ASM2591373v1,NA,meat
GCF_009883715.1_ASM988371v1,NA,soil
GCF_002219285.1_ASM221928v1,NA,bronchial lavage
GCF_002218025.2_ASM221802v2,NA,cheese
GCF_000832765.1_ASM83276v1,NA,NA
GCF_036884395.1_ASM3688439v1,Homo sapiens,stool
GCF_001021995.1_ASM102199v1,Homo sapiens,Perirectal
GCF_003095675.1_ASM309567v1,NA,intestine
GCF_013596835.1_ASM1359683v1,NA,Pooled pig faecal samples collected from floor of farm
GCF_023375565.1_ASM2337556v1,healthy cat,NA
GCF_019048965.1_ASM1904896v1,NA,Baechu-kimchi
GCF_006088835.1_ASM608883v1,Homo sapiens,blood
GCF_001729745.1_ASM172974v1,Homo sapiens,NA
GCF_016406405.1_ASM1640640v1,Homo sapiens,rectal swab
GCF_964059015.1_Hyamygdali-3475_v1.0,Hyalopterus amygdali,NA
GCF_010367305.1_ASM1036730v1,Homo sapines,ascites
GCF_001045795.2_ASM104579v2,Homo sapiens,bood
GCF_020271765.1_ASM2027176v1,NA,a feces sample of chicken origin
GCF_003671975.1_ASM367197v1,NA,soil
GCF_008926165.1_ASM892616v1,NA,Bovine (bobby calf; fecal)
GCF_014322245.1_ASM1432224v1,Homo sapiens,rectal swab
GCF_000262695.1_ASM26269v1,NA,rice root
GCF_040366825.1_WHO_Z_2024,Homo sapiens,Urogenital
GCF_009191525.1_ASM919152v1,NA,the respiratory tract of a pig with swine respiratory disease
GCF_019243055.1_ASM1924305v1,NA,cheese
GCF_004014895.1_ASM401489v1,Homo sapiens,NA
GCF_023920245.1_ASM2392024v1,Homo sapiens,HVS
GCF_035593365.1_ASM3559336v1,NA,blood
GCF_023277945.1_ASM2327794v1,Prunus avium,NA
GCF_001577365.1_ASM157736v1,Himantormia,NA
GCF_028750015.1_ASM2875001v1,Brassica oleracea var. capitata,Symptomatic leaf tissue
GCF_030708175.1_ASM3070817v1,NA,human
GCF_030848345.1_ASM3084834v1,Homo sapiens,rectal swab
GCF_031583145.1_ASM3158314v1,NA,cell culture
GCF_002224585.2_ASM222458v2,rice,NA
GCF_017298635.1_ASM1729863v1,NA,water
GCF_003666465.1_ASM366646v1,NA,NA
GCF_015910245.1_ASM1591024v1,NA,Rectal
GCF_001022075.1_ASM102207v1,Homo sapiens,Respiratory
GCF_024665675.1_ASM2466567v1,Homo sapiens,NA
GCF_003330905.1_ASM333090v1,NA,NA
GCF_003184205.1_ASM318420v1,NA,Alkaline pool submerged anode electrode
GCF_003193885.1_ASM319388v1,NA,NA
GCF_907176135.1_USZ_VRE5_P5_hybrid_assembly,Homo sapiens,Superficial wound
GCF_000834315.1_ASM83431v1,NA,NA
GCF_027126715.1_ASM2712671v1,Homo sapiens,NA
GCF_002953455.1_ASM295345v1,Homo sapiens,blood
GCF_019603355.1_ASM1960335v1,NA,compost
GCF_040436475.1_ASM4043647v1,Homo sapiens,NA
GCF_031039175.1_ASM3103917v1,Homo sapiens,stool
GCF_022559875.1_ASM2255987v1,Homo sapiens,rectal swab
GCF_030931735.1_ASM3093173v1,Homo sapiens,BALF
GCF_020023465.1_ASM2002346v1,swine,NA
GCF_002224505.1_ASM222450v1,NA,salami
GCF_032943435.1_ASM3294343v1,Homo sapiens,NA
GCF_003991565.1_ASM399156v1,Homo sapiens,stool
GCF_001953035.1_ASM195303v1,NA,NA
GCF_013113775.1_ASM1311377v1,NA,NA
GCF_022531845.1_ASM2253184v1,Homo sapiens,NA
GCF_039779435.1_ASM3977943v1,Homo sapiens,NA
GCF_900235815.1_CFBP3840,NA,NA
GCF_037478085.1_ASM3747808v1,Rhizopus microsporus,rice wine tablet
GCF_030848125.1_ASM3084812v1,Cat,urine
GCF_030038665.1_ASM3003866v1,NA,wastewater efflux
GCF_030166395.1_ASM3016639v1,NA,water
GCF_963575805.1_GENOMIC21-005,NA,NA
GCF_022869945.1_ASM2286994v1,NA,NA
GCF_021654875.1_ASM2165487v1,Homo sapiens,human blood of bacteremia patient
GCF_024072595.1_ASM2407259v1,Arabidopsis thaliana,leaf
GCF_023634805.2_ASM2363480v2,Indosasa shibataeoides,NA
GCF_020149875.1_ASM2014987v1,Homo sapiens,wound swab
GCF_020143085.2_ASM2014308v2,Macaca mulatta,feces
GCF_019243235.1_ASM1924323v1,NA,cheese
GCF_009892345.1_ASM989234v1,Homo sapiens,Ascites liquid
GCF_009036045.1_ASM903604v1,Oreochromis niloticus,NA
GCF_009930895.1_ASM993089v1,cow,milk
GCF_024760285.1_ASM2476028v1,Homo sapiens,NA
GCF_023612295.1_ASM2361229v1,NA,Garlic rhizosphere soil
GCF_036429575.1_ASM3642957v1,Homo sapiens,urine
GCF_035205985.1_ASM3520598v1,Homo sapiens,sputum
GCF_001932795.1_ASM193279v1,Salmo salar,Liver
GCF_003586065.1_EcRM9872,Bos taurus,feces
GCF_013317735.2_ASM1331773v2,Raspberry,NA
GCF_000092345.1_ASM9234v1,NA,NA
GCF_024734755.1_ASM2473475v1,Homo sapiens,purulent-necrotic detritus
GCF_020735445.1_ASM2073544v1,NA,NA
GCF_014495745.1_ASM1449574v1,Himo sapiens,Homo sapiens
GCF_002893845.1_ASM289384v1,NA,Chinese food lobster sauce
GCF_025913555.1_ASM2591355v1,potato,NA
GCF_023657675.1_ASM2365767v1,Canis lupus familiaris,NA
GCF_000662395.1_ASM66239v1,NA,ice cream
GCF_016889085.1_ASM1688908v1,Homo sapiens,NA
GCF_006965465.1_ASM696546v1,NA,NA
GCF_025558945.1_ASM2555894v1,Camel,Ear swab
GCF_030285525.1_ASM3028552v1,Gallus gallus domesticus,feces
GCF_009671105.1_ASM967110v1,swine,feces
GCF_028884855.1_ASM2888485v1,Beagle,NA
GCF_001664485.1_ASM166448v1,Phaseolus vulgaris,legume-root nodule
GCF_018255815.1_ASM1825581v1,NA,pig feces
GCF_036013895.1_ASM3601389v1,NA,soil
GCF_006874785.1_ASM687478v1,Homo sapiens,Feces of patient with hemolytic uremic syndrome
GCF_020138575.1_ASM2013857v1,NA,Pea soup; FP
GCF_002192275.1_ASM219227v1,NA,NA
GCF_024803465.1_ASM2480346v1,banana,banana with sheath rot
GCF_000198775.1_ASM19877v1,NA,NA
GCF_008330025.1_ASM833002v1,NA,NA
GCF_034105255.2_BSN62-2,Homo sapiens,blood
GCF_013786565.1_ASM1378656v1,NA,Wastewater influent sample
GCF_003957785.1_ASM395778v1,Homo sapiens,urine
GCF_028553745.1_ASM2855374v1,NA,washing water of Bugula plumosa
GCF_017096325.2_ASM1709632v2,Homo sapiens,bronchial
GCF_003020705.1_ASM302070v1,Homo sapiens,not_blood
GCF_013378275.1_ASM1337827v1,cat,rectal swab
GCF_029714185.1_ASM2971418v1,Calliactis tricolor,NA
GCF_013267455.1_ASM1326745v1,NA,NA
GCF_002855325.1_ASM285532v1,NA,clinical patient
GCF_033554055.1_ASM3355405v1,NA,kimchi
GCF_012689565.1_ASM1268956v1,NA,NEB269
GCF_905232515.2_AI2661v1_cp,Homo sapiens,Hospital Universitario Central de Asturias (Oviedo)
GCF_002250965.2_ASM225096v2,NA,Mashed potatoes
GCF_023848535.1_ASM2384853v1,NA,chicken meat
GCF_009662495.1_ASM966249v1,Homo sapiens,blood
GCF_037275385.1_ASM3727538v1,Homo sapiens,bloodstream
GCF_022982975.1_ASM2298297v1,Homo sapiens,Vaginal secretion
GCF_039830155.1_STY_12013191,Homo sapiens,blood
GCF_021496405.1_ASM2149640v1,Homo sapiens,urine
GCF_904864515.1_KSB2_2C,Homo sapiens,rectal swab
GCF_023573585.1_ASM2357358v1,NA,hospital
GCF_000828935.1_ASM82893v1,Homo sapiens,NA
GCF_026802365.1_ASM2680236v1,Chicken,Anaerobic digestion effluents of chicken manure
GCF_030719015.1_ASM3071901v1,NA,conjugation experiments
GCF_040550165.1_ASM4055016v1,NA,hospital
GCF_009739675.1_ASM973967v1,Homo sapiens,blood
GCF_034119905.1_ASM3411990v1,Homo sapiens,sputum
GCF_020524035.2_ASM2052403v2,NA,sediment
GCF_040105125.1_NS30,Homo sapiens,mid stream urine
GCF_023205995.1_ASM2320599v1,Homo sapiens,urine
GCF_013423885.1_ASM1342388v1,turtle,organ
GCF_900636455.1_42166_D01,NA,not available: to be reported later
GCF_000834925.1_ASM83492v1,NA,NA
GCF_003018435.1_ASM301843v1,NA,NA
GCF_009832765.1_ASM983276v1,NA,mead
GCF_000024585.1_ASM2458v1,NA,NA
GCF_027943605.1_ASM2794360v1,Homo sapiens,serum
GCF_028623165.1_ASM2862316v1,NA,lichen surface
GCF_021172105.3_ASM2117210v3,dog,NA
GCF_037575825.1_ASM3757582v1,Chicken,NA
GCF_009739865.1_ASM973986v1,Homo sapiens,blood
GCF_017751205.1_ASM1775120v1,Sus scrofa domesticus,feces
GCF_904863395.1_INF250,Homo sapiens,urine
GCF_021391515.1_ASM2139151v1,NA,Contaminated soil sample CPT56DS-C from Oak Ridge Reservation Area 3
GCF_024583115.1_ASM2458311v1,Pig,NA
GCF_003798205.1_ASM379820v1,UCC strain,UCC isolate
GCF_022870645.1_ASM2287064v1,Homo sapiens,sputum
GCF_023101105.1_ASM2310110v1,Acmispon strigosus,root nodule
GCF_032947135.1_ASM3294713v1,Homo sapiens,NA
GCF_016801615.1_ASM1680161v1,NA,NA
GCF_029718885.1_ASM2971888v1,NA,Pooled sediment sample collected from floor of poultry farm
GCF_024752555.1_ASM2475255v1,NA,Chicken caecum
GCF_029541865.1_ASM2954186v1,Milk,NA
GCF_003717615.1_ASM371761v1,NA,NA
GCF_037522075.1_ASM3752207v1,Dog,NA
GCF_029692005.1_ASM2969200v1,Homo sapiens,human feces
GCF_003606265.1_ASM360626v1,NA,NA
GCF_018628815.1_ASM1862881v1,Homo sapiens,NA
GCF_030505415.1_ASM3050541v1,NA,soil
GCF_025259665.1_ASM2525966v1,Homo sapiens,Wound/Abscess
GCF_002078765.3_ASM207876v3,NA,Dairy fermentation
GCF_030414235.1_ASM3041423v1,Homo sapiens,clinically infected patient
GCF_001660585.1_ASM166058v1,Mus musculus,gut flora of female BALB/c mice (Charles River Laboratories)
GCF_022370515.1_ASM2237051v1,NA,hospital wastewater
GCF_003287015.1_ASM328701v1,Bos taurus,ocular secretion
GCF_029590495.1_ASM2959049v1,Homo sapiens,NA
GCF_029713905.1_ASM2971390v1,Homo sapiens,NA
GCF_024664095.1_ASM2466409v1,NA,NA
GCF_019823875.1_ASM1982387v1,Homo sapiens,blood
GCF_015774955.1_ASM1577495v1,NA,river
GCF_019330125.1_ASM1933012v1,Homo sapiens,NA
GCF_022691425.1_ASM2269142v1,Homo sapiens,nares
GCF_024347755.1_ASM2434775v1,NA,NA
GCF_003991175.1_ASM399117v1,NA,soil
GCF_001357935.2_80_2002,NA,Not known
GCF_003268615.1_ASM326861v1,Cryptocercus clevelandi,NA
GCF_000195935.2_ASM19593v2,NA,NA
GCF_964065205.1_Lacticaseibacillus_paracasei_CIRM-BIA2373,NA,NA
GCF_003008555.2_ASM300855v2,Penaeus vannamei (shrimp),intestine content
GCF_009762325.1_ASM976232v1,NA,soil
GCF_024579755.1_ASM2457975v1,Pig,Rectal swab
GCF_020990425.1_ASM2099042v1,NA,pig feed
GCF_002946695.1_ASM294669v1,NA,NA
GCF_016903855.1_ASM1690385v1,Homo sapiens,NA
GCF_002891985.1_ASM289198v1,NA,fish larvae aquaculture
GCF_018966845.1_ASM1896684v1,duck,Swabs of feces
GCF_028621835.1_ASM2862183v1,NA,wastewater
GCF_014466985.1_ASM1446698v1,NA,deep-sea hydrothermal vent flange structure
GCF_024917395.1_ASM2491739v1,Homo sapiens,blood
GCF_030584865.1_ASM3058486v1,Glycine max,root nodule
GCF_015535055.1_ASM1553505v1,Homo sapiens,blood
GCF_023206675.1_ASM2320667v1,NA,laboratory evolution
GCF_018127765.1_ASM1812776v1,Homo sapiens,human oral cavity
GCF_016403875.2_ASM1640387v2,Homo sapiens,stool
GCF_902813185.1_Denitratisoma_oestradiolicum_DSM16959,NA,NA
GCF_022220285.1_ASM2222028v1,NA,Turkey Cecum
GCF_011058755.1_ASM1105875v1,Homo sapiens,Mid-vagina
GCF_009184765.2_ASM918476v2,Homo sapiens,NA
GCF_023824055.1_ASM2382405v1,NA,soil
GCF_016772515.1_ASM1677251v1,NA,Jeotgal
GCF_010669225.1_ASM1066922v1,Homo sapiens,feces
GCF_023221595.1_ASM2322159v1,NA,soil
GCF_015286005.1_ASM1528600v1,NA,Human fecal samples
GCF_002892065.1_ASM289206v1,NA,algae aquaculture
GCF_002355775.1_ASM235577v1,NA,NA
GCF_001940525.2_ASM194052v2,NA,Surface seawater
GCF_001941785.1_ASM194178v1,Homo sapiens,vaginal tract
GCF_000017145.1_ASM1714v1,NA,NA
GCF_003994855.1_ASM399485v1,NA,subseafloor basaltic crust
GCF_013317765.2_ASM1331776v2,Lettuce,NA
GCF_002951595.1_ASM295159v1,Homo sapiens,urine
GCF_020985225.1_ASM2098522v1,Free-range White-tailed deer,Cecal
GCF_020149825.1_ASM2014982v1,Homo sapiens,rectal swab
GCF_000333835.2_ASM33383v2,NA,biopsy of antral stomach region from European patient with peptic ucler and chronic gastritis disease
GCF_004010995.1_ASM401099v1,Homo sapiens,NA
GCF_030264755.1_ASM3026475v1,NA,sausage
GCF_029027925.1_ASM2902792v1,chicken,intestine
GCF_001183845.1_ASM118384v1,Homo sapiens,NA
GCF_031891025.1_ASM3189102v1,Allium cepa,NA
GCF_036324305.1_ASM3632430v1,NA,rice rhizosphere
GCF_020541025.1_ASM2054102v1,Homo sapiens,sputum
GCF_002180255.1_ASM218025v1,NA,NA
GCF_003589785.1_ASM358978v1,NA,Ground Beef
GCF_009738455.1_ASM973845v1,NA,River
GCF_014170115.1_ASM1417011v1,NA,Cow rumen
GCF_012934655.2_ASM1293465v2,Homo sapiens,rectal swab from healthy college student
GCF_005518055.1_ASM551805v1,Homo sapiens,sputum
GCF_003698225.1_ASM369822v1,Commiphora wightii,NA
GCF_034564955.1_ASM3456495v1,chicken,manure
GCF_003294895.2_ASM329489v2,sludge,sludge from bioreactor treating oxytetracycline bearing wastewater
GCF_964198825.1_Zagreb022_hybrid_assembly.fa.gz,Homo sapiens,clinical material
GCF_033675045.1_ASM3367504v1,NA,hospital
GCF_030719275.1_ASM3071927v1,NA,soil [ENVO:00001998]|soil organic matter [ENVO:04000008]|plant litter [ENVO:01000628]|plant matter [ENVO:01001121]
GCF_032259785.1_ASM3225978v1,Sus scrofa,NA
GCF_024496265.1_ASM2449626v1,NA,passage
GCF_030322925.1_ASM3032292v1,Homo sapiens,blood
GCF_002847305.1_ASM284730v1,Tegillarca granosa,NA
GCF_040436425.1_ASM4043642v1,Homo sapiens,NA
GCF_009664455.1_ASM966445v1,Homo sapiens,NA
GCF_002240185.1_ASM224018v1,NA,Pisum sativum root-nodule
GCF_022559825.1_ASM2255982v1,Homo sapiens,blood
GCF_943184895.1_DAPP-PG_734,NA,Olive knot caused by Pseudomonas savastanoi pv. savastanoi
GCF_011465255.1_ASM1146525v1,Homo sapiens,Sputum sample
GCF_018128385.1_ASM1812838v1,Homo sapiens,decubitus ulcer
GCF_016406465.1_ASM1640646v1,Homo sapiens,rectal swab
GCF_000439255.1_ASM43925v1,NA,NA
GCF_023100785.1_ASM2310078v1,NA,main river that flows through Guiyu town
GCF_001700835.1_ASM170083v1,Shrimps,Shrimps
GCF_033398815.1_ASM3339881v1,NA,NA
GCF_003030365.1_ASM303036v1,NA,water
GCF_000814305.1_ASM81430v1,Homo sapiens,Bodily fluid
GCF_013341415.1_ASM1334141v1,Homo sapiens,urine specimens
GCF_026248545.1_ASM2624854v1,Chicken,gut
GCF_014689145.1_ASM1468914v1,Homo sapiens,Rectal swab
GCF_014723095.1_ASM1472309v1,Homo sapiens,blood
GCF_904863325.1_INF354,Homo sapiens,urine
GCF_964199065.1_Zagreb020_hybrid_assembly.fa.gz,Homo sapiens,clinical material
GCF_024760085.1_ASM2476008v1,Homo sapiens,NA
GCF_037708695.1_ASM3770869v1,Chicken,NA
GCF_019046905.1_ASM1904690v1,NA,NA
GCF_019334625.1_ASM1933462v1,Swine,NA
GCF_021166435.1_ASM2116643v1,NA,Packaged lettuce
GCF_001549695.1_ASM154969v1,NA,NA
GCF_024665615.1_ASM2466561v1,Homo sapiens,NA
GCF_004328945.1_ASM432894v1,NA,freshwater
GCF_003717015.1_ASM371701v1,NA,NA
GCF_022369815.1_ASM2236981v1,Homo sapiens,blood
GCF_016127895.1_ASM1612789v1,NA,NA
GCF_031039375.1_ASM3103937v1,Homo sapiens,stool
GCF_015239295.1_ASM1523929v1,Homo sapiens,sputum
GCF_038442235.1_CIRI-F19-10-CH8,cat,urine
GCF_003798405.1_ASM379840v1,Homo sapiens,NA
GCF_014070455.1_ASM1407045v1,NA,soil
GCF_001704335.1_ASM170433v1,Drosophila melanogaster,whole fly
GCF_024918775.1_ASM2491877v1,Homo sapiens,blood
GCF_004768525.1_ASM476852v1,Nasonia vitripennis,whole insect
GCF_031583125.1_ASM3158312v1,NA,Rhododendron pulchrum Sweet
GCF_003660125.1_ASM366012v1,NA,Burns unit surveillance
GCF_029773505.1_ASM2977350v1,Homo sapiens,plasma
GCF_001663475.1_ASM166347v1,Homo sapiens,NA
GCF_013733095.1_ASM1373309v1,NA,Wastewater effluent sample
GCF_003018235.1_ASM301823v1,Homo sapiens,stool
GCF_008124085.1_ASM812408v1,NA,mouse gut
GCF_009789635.1_ASM978963v1,NA,lichen
GCF_038446055.1_ASM3844605v1,Homo sapiens,sputum
GCF_003612915.1_ASM361291v1,Homo sapiens,eye
GCF_026427375.1_ASM2642737v1,Homo sapiens,blood
GCF_029714385.1_ASM2971438v1,Onobrychis viciifolia,NA
GCF_024349765.1_ASM2434976v1,NA,NA
GCF_019444635.1_ASM1944463v1,NA,sputum
GCF_001664105.1_ASM166410v1,Phaseolus vulgaris,legume-root nodule
GCF_003953905.1_ASM395390v1,Homo sapiens,NA
GCF_002968695.1_ASM296869v1,NA,NA
GCF_033129065.1_ASM3312906v1,Homo sapiens,feces
GCF_007904085.1_ASM790408v1,NA,soda lake Magadi
GCF_009184865.1_ASM918486v1,Broussonetia papyrifera,plant leaves
GCF_025642455.1_ASM2564245v1,Homo sapiens,urethal swab
GCF_017576965.1_ASM1757696v1,NA,Traditional fermented dairy products in Inner Mongolia
GCF_016727425.1_ASM1672742v1,NA,NA
GCF_017161055.1_ASM1716105v1,Swine,NA
GCF_003717995.1_ASM371799v1,NA,NA
GCF_025913755.1_ASM2591375v1,NA,meat
GCF_032600985.1_ASM3260098v1,NA,soil
GCF_025138375.1_ASM2513837v1,NA,ENVO:00002034
GCF_008761495.2_ASM876149v2,NA,NA
GCF_000484505.2_ASM48450v2,rabbit,Rabbit feces
GCF_001922465.1_ASM192246v1,NA,NA
GCF_035326845.1_ASM3532684v1,Kummerowia stipulacea,NA
GCF_036281635.1_ASM3628163v1,Pig,NA
GCF_002761275.1_ASM276127v1,Homo sapiens,Peritoneal fluid
GCF_040739495.1_DSM20326,Homo sapiens,healthy human skin
GCF_020138775.1_ASM2013877v1,NA,feces
GCF_000224575.1_ASM22457v1,Homo sapiens,asymptomatic Santal ethnic minority patient
GCF_019378875.1_ASM1937887v1,NA,Alluvial sediment [ENVO_01001203]
GCF_030285545.1_ASM3028554v1,Gallus gallus domesticus,feces
GCF_013738375.1_ASM1373837v1,NA,Wastewater effluent sample
GCF_030178475.1_ASM3017847v1,NA,cassava root
GCF_020172745.1_ASM2017274v1,swine,NA
GCF_014217805.1_ASM1421780v1,NA,Mud
GCF_020138515.1_ASM2013851v1,NA,feces
GCF_949786315.1_EC0026B_R3,NA,Derived from parental isolate EC0026B in laboratory.
GCF_000093065.1_ASM9306v1,Pediculus humanus corporis,NA
GCF_036244815.1_ASM3624481v1,NA,soil
GCF_001536925.1_BMC_PRJEB12378v1,NA,NA
GCF_000297055.2_ASM29705v2,NA,NA
GCF_019704155.2_ASM1970415v2,NA,soil
GCF_901446755.2_ASM90144675v2,NA,alginate-supplemented microcosm
GCF_020735425.1_ASM2073542v1,NA,NA
GCF_033129205.1_ASM3312920v1,Homo sapiens,feces
GCF_020771675.1_ASM2077167v1,Homo sapiens,skin secretions
GCF_003665615.1_ASM366561v1,Homo sapiens,NA
GCF_033857255.1_ASM3385725v1,Homo sapiens,patient
GCF_023657615.1_ASM2365761v1,Canis lupus familiaris,NA
GCF_013378215.1_ASM1337821v1,cat,pus
GCF_003428425.1_ASM342842v1,Homo sapiens,NA
GCF_003956025.1_ASM395602v1,Homo sapiens,NA
GCF_001908775.1_ASM190877v1,Solanum lycopersicum,tomato field
GCF_022539425.1_ASM2253942v1,Homo sapiens,Sputum specimen
GCF_003515385.1_ASM351538v1,Solanum tuberosum,Potato bacterial wilt
GCF_030389965.1_ASM3038996v1,NA,Single colony of Candidatus Chlorohelix allophototropha from a non-axenic enrichment (subculture 19.9); enrichment culture was started from water from the upper anoxic zone (3.88 m depth) of an iron-rich Boreal Shield lake
GCF_030436205.1_ASM3043620v1,NA,NA
GCF_040735635.1_ASM4073563v1,Homo sapiens,NA
GCF_036630095.1_ASM3663009v1,NA,NA
GCF_028553725.1_ASM2855372v1,NA,soil
GCF_002356115.1_ASM235611v1,NA,soil
GCF_017096345.2_ASM1709634v2,Homo sapiens,blood
GCF_023546885.1_ASM2354688v1,NA,water
GCF_003019015.1_ASM301901v1,NA,NA
GCF_018394415.1_ASM1839441v1,Chicken,NA
GCF_037911985.1_ASM3791198v1,Homo sapiens,Oral cavity
GCF_032295145.1_ASM3229514v1,Homo sapiens,NA
GCF_026802135.1_ASM2680213v1,Homo sapiens,NA
GCF_030848145.1_ASM3084814v1,Dog,swab hip joint
GCF_030708375.1_ASM3070837v1,Homo sapiens,NA
GCF_013113715.1_ASM1311371v1,Salvia splendens,flower
GCF_022921755.1_ASM2292175v1,Homo sapiens,gastric biopsy
GCF_032598765.1_ASM3259876v1,NA,Biofertilizer
GCF_900520385.1_ASM90052038v1,NA,NA
GCF_009392895.1_ASM939289v1,NA,Xinjiang Aibi Salt Lake
GCF_001026965.1_ASM102696v1,Homo sapiens,Lower respiratory tract
GCF_014843995.1_ASM1484399v1,NA,Tibicos symbiotic community
GCF_003324875.1_ASM332487v1,NA,NA
GCF_040436415.1_ASM4043641v1,Homo sapiens,NA
GCF_030582455.1_ASM3058245v1,NA,NA
GCF_024532385.1_ASM2453238v1,TBG,Poyang Lake
GCF_004010615.1_ASM401061v1,NA,stool
GCF_034356035.1_ASM3435603v1,NA,human feces
GCF_003589805.1_ASM358980v1,NA,ground turkey
GCF_006228245.1_ASM622824v1,NA,NA
GCF_026194635.2_ASM2619463v2,NA,Draining-Matting Conveyor
GCF_019334445.1_ASM1933444v1,NA,urine
GCF_002082825.1_ASM208282v1,Homo sapiens,sputum
GCF_016406605.1_ASM1640660v1,Homo sapiens,rectal swab
GCF_000318785.1_ASM31878v1,NA,NA
GCF_003231095.1_ASM323109v1,Homo sapiens,pus
GCF_007113525.2_ASM711352v2,NA,Microscale soil grain
GCF_900094185.1_Ef_DMG1500501,Homo sapiens,human
GCF_013899365.1_ASM1389936v1,NA,Pooled cattle faecal samples collected from floor of farm
GCF_025398855.1_ASM2539885v1,pig,NA
GCF_018093105.1_ASM1809310v1,Homo sapiens,isolated from contaminated platelets
GCF_000010945.1_ASM1094v1,NA,NA
GCF_019454345.1_ASM1945434v1,Homo sapiens,sputum
GCF_040712275.1_JJ1216,cotton,rhizosphere
GCF_026191725.2_ASM2619172v2,Porphyridium cruentum,estuarine water
GCF_003691405.1_ASM369140v1,NA,condensation water of the Shenzhou-10 spacecraft
GCF_001989635.1_ASM198963v1,Homo sapiens,stool
GCF_003454755.1_ASM345475v1,NA,soil
GCF_006704595.2_ASM670459v2,Homo sapiens,sputum
GCF_030995105.1_ASM3099510v1,Anadara tuberculosa,mud
GCF_001557535.2_ASM155753v2,NA,lichen
GCF_023735695.1_ASM2373569v1,Homo sapiens,NA
GCF_000024405.1_ASM2440v1,Termite,NA
GCF_037478075.1_ASM3747807v1,Rhizopus microsporus,ground nuts
GCF_030036695.1_ASM3003669v1,NA,environmental: river/lake
GCF_022460435.2_ASM2246043v2,Homo sapiens,NA
GCF_023573745.1_ASM2357374v1,Homo sapiens,NA
GCF_964065235.1_Leuconostoc_pseudomesenteroides_CIRM-BIA2446,NA,NA
GCF_020221715.1_ASM2022171v1,Homo sapiens,blood
GCF_026183455.1_ASM2618345v1,NA,environment
GCF_902509505.1_Se_BPH0736,NA,clinical
GCF_007035805.1_ASM703580v1,NA,water
GCF_018139045.1_ASM1813904v1,NA,antimony mine
GCF_020616775.1_ASM2061677v1,NA,Pork
GCF_025170725.2_ASM2517072v2,Homo sapiens,urethal swab
GCF_030866885.1_ASM3086688v1,Homo sapiens,sputum
GCF_035598075.1_ASM3559807v1,Homo sapiens,rectal swab
GCF_001593285.1_ASM159328v1,Botryllus sp.,NA
GCF_020985285.1_ASM2098528v1,NA,Andrias davidianus
GCF_035758505.1_ASM3575850v1,Pseudodiaptomus ishigakiensis,marine calanoid copepods
GCF_028622515.1_ASM2862251v1,Passer domesticus,NA
GCF_035658215.1_ASM3565821v1,Homo sapiens,Rectal swab
GCF_023658035.1_ASM2365803v1,Homo sapiens,NA
GCF_004295405.1_ASM429540v1,Homo sapiens,blood
GCF_009913035.1_ASM991303v1,Homo sapiens,NA
GCF_030011575.1_ASM3001157v1,NA,blood
GCF_007954925.2_ASM795492v2,Homo sapiens,NA
GCF_001741545.1_ASM174154v1,Homo sapiens,Rectal
GCF_002752735.1_ASM275273v1,Homo sapiens,synovial fluid
GCF_037126185.1_ASM3712618v1,NA,experiment
GCF_022478075.1_ASM2247807v1,NA,cheese
GCF_022870485.1_ASM2287048v1,NA,Rock salt from Permian period
GCF_034259105.1_ASM3425910v1,NA,traditional air-dried mutton products
GCF_029278565.1_ASM2927856v1,NA,sediment
GCF_029223605.1_ASM2922360v1,NA,NA
GCF_015992345.1_ASM1599234v1,Homo sapiens,Taichung Veterans General Hospital
GCF_030544505.1_ASM3054450v1,Copris tripartitus,gut
GCF_029201465.1_ASM2920146v1,Homo sapiens,urine
GCF_013748855.1_ASM1374885v1,NA,Wastewater influent sample
GCF_002165295.2_ASM216529v2,NA,Sewage
GCF_016599815.1_ASM1659981v1,NA,NA
GCF_019317005.1_ASM1931700v1,Homo sapiens,Endotracheal aspirate
GCF_002302335.1_ASM230233v1,Homo sapiens,Diarrheal stool
GCF_024584965.1_ASM2458496v1,Bos taurus,NA
GCF_028222115.1_ASM2822211v1,Homo sapiens,sputum
GCF_023347215.1_ASM2334721v1,NA,NA
GCF_024917335.1_ASM2491733v1,Homo sapiens,blood
GCF_030028115.1_ASM3002811v1,black bass,intestinal
GCF_037101265.1_ASM3710126v1,Homo sapiens,Urine
GCF_023921665.1_ASM2392166v1,NA,NA
GCF_005221605.1_ASM522160v1,NA,cattle
GCF_000017745.1_ASM1774v1,NA,NA
GCF_036250835.1_ASM3625083v1,NA,NA
GCF_008365235.1_ASM836523v1,Homo sapiens,screening swab
GCF_029636405.1_ASM2963640v1,Ovis aries,carcass
GCF_004337655.1_ASM433765v1,NA,fertilizer
GCF_022468835.2_ASM2246883v2,Homo sapiens,NA
GCF_002838185.1_ASM283818v1,NA,subseafloor sediment
GCF_024664255.1_ASM2466425v1,NA,NA
GCF_037023715.1_ASM3702371v1,NA,Leaf wash from spinach salad
GCF_026625205.1_ASM2662520v1,NA,environmental
GCF_020640995.1_ASM2064099v1,swine,feces of swine
GCF_024664035.1_ASM2466403v1,NA,NA
GCF_009905115.1_ASM990511v1,Homo sapiens,feces
GCF_022820405.1_ASM2282040v1,Amphibia,NA
GCF_019078745.1_ASM1907874v1,NA,Beijing
GCF_019330185.1_ASM1933018v1,Homo sapiens,NA
GCF_025560905.1_ASM2556090v1,Camel,milk
GCF_022691485.1_ASM2269148v1,Homo sapiens,Rectum
GCF_026821715.1_ASM2682171v1,Homo sapiens,NA
GCF_030413825.1_ASM3041382v1,Homo sapiens,Leg pus
GCF_000821185.2_ASM82118v2,NA,NA
GCF_002591335.1_ASM259133v1,NA,soil
GCF_029590435.1_ASM2959043v1,NA,mutton
GCF_037568285.1_ASM3756828v1,Chicken,NA
GCF_024204805.1_ASM2420480v1,Homo sapiens,blood
GCF_017639585.1_ASM1763958v1,Homo sapiens,NA
GCF_019317265.1_ASM1931726v1,Homo sapiens,urine
GCF_016452125.1_ASM1645212v1,NA,bovine
GCF_022925295.1_ASM2292529v1,Homo sapiens,gastric biopsy
GCF_036884365.1_ASM3688436v1,Homo sapiens,stool
GCF_020388925.1_ASM2038892v1,Homo sapiens,Skin swab
GCF_002441955.1_ASM244195v1,NA,muddy water
GCF_008727595.1_ASM872759v1,NA,NA
GCF_020691705.1_ASM2069170v1,Homo sapiens,stool
GCF_030533665.1_ASM3053366v1,Homo sapiens,secretion
GCF_029457455.1_ASM2945745v1,NA,petroleum contaminated soil
GCF_013423825.1_ASM1342382v1,NA,sewage
GCF_037957215.1_ASM3795721v1,Homo sapiens,NA
GCF_001900575.1_ASM190057v1,cow,NA
GCF_025958325.1_ASM2595832v1,Homo sapiens,NA
GCF_023205935.1_ASM2320593v1,NA,seawater
GCF_002077195.1_ASM207719v1,NA,raw milk cheese
GCF_040256665.1_ASM4025666v1,Homo sapiens,NA
GCF_027942015.1_ASM2794201v1,NA,NA
GCF_016726205.1_ASM1672620v1,NA,NA
GCF_028622775.1_ASM2862277v1,Homo sapiens,Wound/Abscess
GCF_002442935.1_ASM244293v1,NA,Korean fermented food
GCF_000194785.1_ASM19478v1,NA,traditional dairy products
GCF_014841055.1_ASM1484105v1,swine,feces
GCF_030179035.1_ASM3017903v1,NA,Sink Drain
GCF_027497435.1_ASM2749743v1,yak,NA
GCF_024300825.1_ASM2430082v1,NA,sediment of a solar saltern
GCF_001521895.1_ASM152189v1,Homo sapiens,urine
GCF_037277815.1_ASM3727781v1,Homo sapiens,bloodstream
GCF_030295035.1_ASM3029503v1,NA,hot spring water
GCF_025402915.1_ASM2540291v1,Homo sapiens,sputum of an intensive care unit patient at Meizhou People's Hospital
GCF_009708775.1_ASM970877v1,Salmo salar,NA
GCF_005280415.1_ASM528041v1,Homo sapiens,blood
GCF_010731915.1_ASM1073191v1,NA,NA
GCF_009756515.1_ASM975651v1,Homo sapiens,stool
GCF_000962775.1_ASM96277v1,Homo sapiens,skin
GCF_017565645.3_ASM1756564v3,Glycine max cv. AC Orford,Root nodule from soybean plant inoculated with root zone soil from Amphicarpaea bracteata
GCF_009619495.1_ASM961949v1,NA,NA
GCF_000016805.1_ASM1680v1,NA,NA
GCF_900698995.1_ErCisplendens_Palmer_v1.0,Cinara splendens,host's whole body
GCF_000961175.1_ASM96117v1,citrus spp.,citrus infected tissue
GCF_037510535.1_ASM3751053v1,Mammal,NA
GCF_001750685.1_ASM175068v1,NA,oil contaninated soil
GCF_014168855.1_ASM1416885v1,NA,wastewater
GCF_025725705.1_ASM2572570v1,Homo sapiens,bronchoalveolar lavage fluid
GCF_030166355.1_ASM3016635v1,NA,GUT
GCF_016944715.1_ASM1694471v1,Homo sapiens,rectal swab
GCF_000318845.1_ASM31884v1,NA,NA
GCF_022869985.1_ASM2286998v1,NA,NA
GCF_002165305.2_ASM216530v2,NA,Sewage
GCF_012516395.1_ASM1251639v1,NA,freshwater
GCF_002000685.1_ASM200068v1,Homo sapiens,Nose
GCF_026314945.1_ASM2631494v1,NA,freshwater river
GCF_024172245.1_ASM2417224v1,Homo sapiens,NA
GCF_000193495.2_ASM19349v2,NA,NA
GCF_012980845.1_ASM1298084v1,Pear tree,NA
GCF_000159455.2_ASM15945v2,NA,NA
GCF_011745665.1_ASM1174566v1,Zophobas atratus,NA
GCF_015219905.1_ASM1521990v1,Homo sapiens,eye
GCF_015217905.1_ASM1521790v1,Pig,feces
GCF_024760245.1_ASM2476024v1,Homo sapiens,NA
GCF_040801825.1_ASM4080182v1,NA,manure
GCF_009949145.1_ASM994914v1,NA,goat
GCF_001636275.1_ASM163627v1,NA,bioreactor
GCF_020991205.1_ASM2099120v1,Homo sapiens,urine
GCF_024532325.1_ASM2453232v1,GWG,Poyang Lake
GCF_000019305.1_ASM1930v1,NA,NA
GCF_000975175.1_ASM97517v1,NA,soil
GCF_030913595.1_ASM3091359v1,Broiler chicken,rectal swab
GCF_000255955.1_ASM25595v1,Homo sapiens,male cancer patient
GCF_019357555.1_ASM1935755v1,calf,nasal swab sample
GCF_030127085.1_ASM3012708v1,Duck,NA
GCF_037478045.1_ASM3747804v1,Rhizopus microsporus,Rabbit dung
GCF_032375265.1_ASM3237526v1,NA,NA
GCF_016904275.1_ASM1690427v1,Homo sapiens,NA
GCF_033870115.1_ASM3387011v1,Homo sapiens,patient
GCF_024759625.1_ASM2475962v1,Homo sapiens,NA
GCF_013284245.2_ASM1328424v2,NA,soil of Citrus sinensis plantation
GCF_030062375.1_ASM3006237v1,NA,pig intestine
GCF_029867025.1_ASM2986702v1,NA,pig feed
GCF_006777085.1_ASM677708v1,Homo sapiens,urine from healthy adult with cystitis
GCF_023546825.1_ASM2354682v1,NA,water
GCF_003627395.2_ASM362739v2,NA,butter starter
GCF_038396375.1_ASM3839637v1,NA,river water
GCF_028553785.1_ASM2855378v1,NA,isolated from bluespotted cornetfish
GCF_904864615.1_MSB1_7A,Homo sapiens,rectal swab
GCF_029714145.1_ASM2971414v1,Homo sapiens,NA
GCF_005221985.1_ASM522198v1,NA,cattle
GCF_012113615.1_ASM1211361v1,NA,milk
GCF_013389715.1_ASM1338971v1,Homo sapiens,urine
GCF_023520815.1_ASM2352081v1,Tomato,NA
GCF_011801365.1_ASM1180136v1,NA,Hexachlorocyclohexane (HCH) pesticide-contaminated soil
GCF_037023725.1_ASM3702372v1,NA,Leaf wash from mixed-leaf vegetable salad
GCF_002848365.2_ASM284836v2,Homo sapiens,Respiratory sample - sputum
GCF_008693965.1_ASM869396v1,Homo sapiens,clinical isolate
GCF_018884065.1_ASM1888406v1,Homo sapiens,ascitic fluid
GCF_006716725.1_ASM671672v1,Homo sapiens,blood
GCF_014495785.1_ASM1449578v1,Homo sapiens,rectal swab
GCF_005222065.1_ASM522206v1,NA,cattle
GCF_009709355.1_ASM970935v1,Salmo salar,NA
GCF_002173535.1_ASM217353v1,NA,food
GCF_004209795.1_ASM420979v1,Homo sapiens,blood
GCF_023023685.1_ASM2302368v1,Homo sapiens,sputum
GCF_016889045.1_ASM1688904v1,Homo sapiens,NA
GCF_025913595.1_ASM2591359v1,NA,pig
GCF_031202655.1_ASM3120265v1,NA,Handmade yogurt
GCF_001708225.1_ASM170822v1,Homo sapiens,blood
GCF_004799605.1_ASM479960v1,NA,DSM:3754
GCF_012934905.1_ASM1293490v1,Homo sapiens,blood
GCF_003312585.1_ASM331258v1,NA,open ocean water
GCF_035991205.1_ASM3599120v1,NA,NA
GCF_900639525.1_E7663_hybrid_assembly,NA,NA
GCF_002205775.2_ASM220577v2,NA,fermented fish
GCF_003076375.1_ASM307637v1,NA,Sheep placental tissue
GCF_030285785.1_ASM3028578v1,NA,NA
GCF_900660545.1_50884_C01-3,Dog,Lung
GCF_007954625.1_ASM795462v1,NA,kimchi
GCF_031357045.1_ASM3135704v1,NA,soil
GCF_036270335.1_ASM3627033v1,Pig,NA
GCF_023823815.1_ASM2382381v1,NA,soil
GCF_006094355.1_ASM609435v1,NA,NA
GCF_020905875.1_ASM2090587v1,Skeletonema costatum,estuarine water [ENVO:01000301]
GCF_000027065.2_ASM2706v1,NA,NA
GCF_000195575.1_ASM19557v1,NA,seawater
GCF_021484825.1_ASM2148482v1,NA,feces
GCF_000828575.1_ASM82857v1,NA,NA
GCF_910591805.1_UR2111869Assembly,NA,Underground farm slurry reservoir
GCF_000147335.1_ASM14733v1,NA,fresh water in rice field
GCF_015277755.1_ASM1527775v1,Homo sapiens,induction culture
GCF_036884355.1_ASM3688435v1,Homo sapiens,stool
GCF_033863975.1_ASM3386397v1,Homo sapiens,patient
GCF_000263195.1_ASM26319v1,NA,warm spring water
GCF_021534945.1_ASM2153494v1,NA,pork
GCF_037561805.1_ASM3756180v1,Chicken,NA
GCF_000471025.2_ASM47102v2,Gallus gallus,cloacal swab
GCF_013389575.1_ASM1338957v1,Gallus gallus,cecal contents of broiler chicken
GCF_016026995.1_ASM1602699v1,NA,NA
GCF_900196535.2_ASM90019653v2,Sus scrofa,Pig rectal swab
GCF_001687805.1_ASM168780v1,Paralichthys olivaceus,NA
GCF_003627315.1_ASM362731v1,NA,fermented vegetables
GCF_030062115.1_ASM3006211v1,NA,pancreas of a zebra
GCF_023734275.1_ASM2373427v1,NA,starter culture
GCF_009912415.1_ASM991241v1,Homo sapiens,NA
GCF_030291735.1_ASM3029173v1,NA,soil
GCF_000832485.1_ASM83248v1,NA,NA
GCF_017742895.1_ASM1774289v1,Homo sapiens,blood
GCF_017098185.2_ASM1709818v2,Homo sapiens,sputum
GCF_004337745.2_ASM433774v2,NA,feces
GCF_000833065.1_ASM83306v1,Bos taurus,Beefmaster heifer
GCF_002967975.2_ASM296797v2,Homo sapiens,blood
GCF_022405415.1_ASM2240541v1,Homo sapiens,NA
GCF_000835185.1_ASM83518v1,NA,soil
GCF_001806405.1_ASM180640v1,Homo sapiens,Sputum
GCF_008727395.1_ASM872739v1,NA,NA
GCF_000758365.1_ASM75836v1,swine,Swine intestine
GCF_029674805.1_ASM2967480v1,NA,wastewater
GCF_015910285.1_ASM1591028v1,NA,urine
GCF_024925485.1_ASM2492548v1,Homo sapiens,nose
GCF_030316235.1_ASM3031623v1,Homo sapiens,stool
GCF_000019485.1_ASM1948v1,NA,NA
GCF_017815795.1_ASM1781579v1,red kangaroo,feces
GCF_016127835.1_ASM1612783v1,NA,NA
GCF_030252775.1_ASM3025277v1,Homo sapiens,Medical/diagnostic sample
GCF_011516665.3_ASM1151666v3,Glycine max cv. AC Glengarry,Root nodule from soybean plant inoculated with root zone soil from Apios americana
GCF_035918275.1_ASM3591827v1,NA,Industrial wastewater from a coking plant
GCF_023658265.1_ASM2365826v1,Canis lupus familiaris,NA
GCF_004119995.1_ASM411999v1,Homo sapiens,ascites
GCF_002949675.1_ASM294967v1,NA,NA
GCF_040256655.1_ASM4025665v1,Homo sapiens,urine
GCF_002796605.1_ASM279660v1,Leontopodium alpinum,Tianshan mountain
GCF_014723035.1_ASM1472303v1,Homo sapiens,blood
GCF_002310695.1_ASM231069v1,canine,NA
GCF_019334685.1_ASM1933468v1,NA,soil
GCF_004368015.1_ASM436801v1,NA,chicken
GCF_001521715.1_ASM152171v1,Homo sapiens,physical
GCF_032931615.1_ASM3293161v1,NA,Intertidal
GCF_019857465.1_ASM1985746v1,Homo sapiens,NA
GCF_037920325.1_ASM3792032v1,Dog,NA
GCF_024224355.1_ASM2422435v1,Gallus gallus domesticus,pooled poultry feces
GCF_035184765.2_ASM3518476v2,Homo sapiens,NA
GCF_001623725.1_ASM162372v1,Bovine,bovine post-intervention carcass
GCF_013792545.1_ASM1379254v1,NA,Freshwater sample from downstream of wastewater treatment plant
GCF_019317065.1_ASM1931706v1,Homo sapiens,Pus
GCF_009650075.1_ASM965007v1,Homo sapiens,NA
GCF_015992325.1_ASM1599232v1,Homo sapiens,Taichung Veterans General Hospital
GCF_030544565.1_ASM3054456v1,Bovine,NA
GCF_040435965.1_ASM4043596v1,chicken,NA
GCF_024584905.1_ASM2458490v1,Bos taurus,NA
GCF_023824095.1_ASM2382409v1,NA,soil
GCF_003719755.1_ASM371975v1,NA,NA
GCF_000006685.1_ASM668v1,NA,NA
GCF_023221555.1_ASM2322155v1,Cow,NA
GCF_039704295.1_ASM3970429v1,Homo sapiens,urine
GCF_007833575.1_ASM783357v1,Homo sapiens,urine
GCF_002211905.1_ASM221190v1,Homo sapiens,wound
GCF_000507225.1_ASM50722v1,NA,NA
GCF_011492965.1_ASM1149296v1,NA,marine sediment
GCF_024398905.1_ASM2439890v1,NA,Pavement of the street
GCF_001456235.1_ASM145623v1,Citrus,Plant xylem
GCF_003522845.1_ASM352284v1,Homo sapiens,Bronchial fluid
GCF_036630065.1_ASM3663006v1,NA,NA
GCF_002796585.1_ASM279658v1,NA,NA
GCF_022468855.2_ASM2246885v2,Homo sapiens,NA
GCF_017299275.1_ASM1729927v1,NA,Clone isolated from the evolution experiment described in Ketola et al. 2013 (doi: 10.1111/evo.12148)
GCF_024579795.1_ASM2457979v1,Pig,Rectal swab
GCF_024664235.1_ASM2466423v1,NA,NA
GCF_016903895.1_ASM1690389v1,Homo sapiens,NA
GCF_964038595.1_30348_2_44,NA,NA
GCF_026625265.1_ASM2662526v1,NA,environmental
GCF_037101205.1_ASM3710120v1,Mastacembelus,NA
GCF_008370165.1_ASM837016v1,Acyrthosiphon pisum,hemolymph
GCF_037775235.1_ASM3777523v1,Chicken,NA
GCF_024917355.1_ASM2491735v1,Homo sapiens,blood
GCF_900660435.1_50465_D02-3,Homo sapiens,Oropharynx
GCF_002442535.1_ASM244253v1,Homo sapiens,NA
GCF_011006575.1_ASM1100657v1,NA,blood
GCF_030847705.1_ASM3084770v1,Homo sapiens,urine
GCF_019453995.1_ASM1945399v1,Oedothorax gibbosus,Offspring from female W744 and male W776
GCF_037478015.1_ASM3747801v1,Hono sapiens,NA
GCF_001913175.1_ASM191317v1,Homo sapiens,urine sample
GCF_036106915.1_ASM3610691v1,NA,soil
GCF_030863965.1_ASM3086396v1,NA,Beef Cattle Feces - Rectal Grab
GCF_001655415.1_ASM165541v1,Homo sapiens,Patient sample
GCF_023573725.1_ASM2357372v1,Homo sapiens,NA
GCF_002370085.3_ASM237008v3,Canis lupus familiaris,urine
GCF_002753915.1_ASM275391v1,Ovis aries,sheep brocho-alveolar lavage
GCF_020221775.1_ASM2022177v1,rabbit,NA
GCF_005144945.1_ASM514494v1,Homo sapiens,NA
GCF_026183435.1_ASM2618343v1,Canis lupus familiaris mixed breed,stool
GCF_028748965.1_ASM2874896v1,Homo sapiens,Tracheal Aspirate/Wash
GCF_019977815.1_ASM1997781v1,Penaeus japonicus,NA
GCF_029542745.1_ASM2954274v1,NA,natural water sources close by farm or community
GCF_009363835.1_ASM936383v1,NA,ENVO:01000301
GCF_900243355.1_RW109,NA,NA
GCF_036010585.1_ASM3601058v1,NA,NA
GCF_033221155.1_ASM3322115v1,Homo sapiens,NA
GCF_003063625.1_ASM306362v1,NA,microbial mat/biofilm
GCF_027271215.1_ASM2727121v1,Homo sapiens,NA
GCF_030995165.1_ASM3099516v1,cat,urine
GCF_033128445.1_ASM3312844v1,Homo sapiens,feces
GCF_005954705.1_ASM595470v1,porcine,NA
GCF_004919225.1_ASM491922v1,Homo sapiens,NA
GCF_025958125.1_ASM2595812v1,Homo sapiens,NA
GCF_035658275.1_ASM3565827v1,NA,Rhizosphere of Bidens alba
GCF_027942215.1_ASM2794221v1,patient,sputum
GCF_028622575.1_ASM2862257v1,Sturnus vulgaris,NA
GCF_018323825.1_ASM1832382v1,Sus scrofa domesticus,Diarrhea
GCF_016728005.1_ASM1672800v1,NA,NA
GCF_003627095.1_ASM362709v1,Trypoxylus dichotomus,gut of larva
GCF_001865575.2_ASM186557v2,Lebeckia ambigua,Root nodule
GCF_022819265.1_ASM2281926v1,NA,kefir grains
GCF_008329865.1_ASM832986v1,Homo sapiens,nasal perirectal swab
GCF_030656675.1_ASM3065667v1,NA,Sod-podzolic soil contaminated with solvents
GCF_021462285.1_ASM2146228v1,Costelytra zealandica,diseased grass grub larva
GCF_022394675.1_ASM2239467v1,NA,soil from tomato plants
GCF_035621115.1_ASM3562111v1,NA,duck
GCF_014841035.1_ASM1484103v1,swine,feces
GCF_003367555.1_ASM336755v1,Homo sapiens,urine
GCF_013739755.1_ASM1373975v1,NA,Freshwater sample from downstream of wastewater treatment plant
GCF_034555395.1_ASM3455539v1,Homo sapiens,urine
GCF_000445035.1_ASM44503v1,NA,NA
GCF_030168165.1_ASM3016816v1,NA,food
GCF_000382985.1_ASM38298v1,NA,NA
GCF_024300845.1_ASM2430084v1,Homo sapiens,Drainage
GCF_020162255.1_ASM2016225v1,NA,American Alligator's water tank
GCF_030295055.1_ASM3029505v1,Homo sapiens,NA
GCF_025402975.1_ASM2540297v1,NA,NA
GCF_000239475.1_ASM23947v1,Ixodes persulcatus,female tick
GCF_023205955.1_ASM2320595v1,NA,seawater
GCF_028622715.1_ASM2862271v1,Homo sapiens,blood
GCF_023809625.1_ASM2380962v1,Homo sapiens,blood
GCF_027942075.1_ASM2794207v1,NA,egg
GCF_001708635.1_ASM170863v1,NA,Sheep fecal sample
GCF_013740655.1_ASM1374065v1,NA,Freshwater sample from downstream of wastewater treatment plant
GCF_002787645.1_ASM278764v1,Homo sapiens,Rectal swab
GCF_002906455.1_ASM290645v1,NA,Bay of Bengal
GCF_029542525.1_ASM2954252v1,Mus musculus,NA
GCF_024532115.1_ASM2453211v1,EW,Poyang Lake
GCF_040436685.1_ASM4043668v1,Homo sapiens,NA
GCF_006711645.1_ASM671164v1,NA,anodic biofilm of glucose-fed microbial fuel cell originally inoculated with sewage sludge
GCF_032302155.1_ASM3230215v1,horse,NA
GCF_014168835.1_ASM1416883v1,NA,wastewater
GCF_037888995.1_ASM3788899v1,Homo sapiens,Colorectal adenocarcinoma
GCF_029916805.1_ASM2991680v1,NA,Collected from calf feces
GCF_002587005.1_ASM258700v1,wild bird,NA
GCF_002865605.1_ASM286560v1,NA,NA
GCF_004799585.1_ASM479958v1,Homo sapiens,Walter Reed Collection. Sansonetti; P. J.; et al. (1982). 'Involvement of a plasmid in the invasive ability of Shigella flexneri.' Infect Immun 35(3): 852-860.
GCF_023735495.1_ASM2373549v1,Homo sapiens,NA
GCF_023573545.1_ASM2357354v1,Sinocyclocheilus grahami,intestine
GCF_000225465.1_ASM22546v1,Uroleucon ambrosiae,NA
GCF_020525985.1_ASM2052598v1,Water,NA
GCF_011305535.1_ASM1130553v1,NA,Hydrophilus acuminatus
GCF_000014845.1_ASM1484v1,NA,lesion site (lung) of a dead turkey with colibacillosis
GCF_030515355.1_ASM3051535v1,Homo sapiens,CSF
GCF_003288375.1_ASM328837v1,NA,NA
GCF_014854635.1_ASM1485463v1,NA,river water
GCF_020809405.1_ASM2080940v1,bovine,feces
GCF_002741335.1_ASM274133v1,NA,NA
GCF_015052765.1_ASM1505276v1,NA,NA
GCF_027558835.1_ASM2755883v1,Homo sapiens,hospital
GCF_024204865.1_ASM2420486v1,Homo sapiens,blood
GCF_030039225.1_ASM3003922v1,NA,environmental: river near WWTP effluent
GCF_029636605.1_ASM2963660v1,Equus quagga,carcass
GCF_022846455.1_ASM2284645v1,NA,Soil
GCF_000024865.1_ASM2486v1,NA,NA
GCF_017299015.1_ASM1729901v1,NA,Clone isolated from the evolution experiment described in Ketola et al. 2013 (doi: 10.1111/evo.12148)
GCF_030436095.1_ASM3043609v1,Homo sapiens,Secretions
GCF_008364515.2_ASM836451v2,NA,Lollo Rosso
GCF_024664055.1_ASM2466405v1,NA,NA
GCF_030413845.1_ASM3041384v1,Homo sapiens,urine
GCF_005221385.1_ASM522138v1,NA,NA
GCF_034493545.1_ASM3449354v1,NA,NA
GCF_024347795.1_ASM2434779v1,NA,NA
GCF_002163755.1_ASM216375v1,NA,Ocean
GCF_964199055.1_Zagreb045_hybrid_assembly.fa.gz,Homo sapiens,clinical material
GCF_003609695.1_ASM360969v1,NA,NA
GCF_017372215.1_ASM1737221v1,Homo sapiens,NA
GCF_022870685.1_ASM2287068v1,Homo sapiens,Stool from an infant
GCF_002073615.2_ASM207361v2,NA,NA
GCF_905071835.1_MSB1_4I,Homo sapiens,rectal swab
GCF_015290925.1_ASM1529092v1,NA,Manis javanica
GCF_016071195.1_ASM1607119v1,Homo sapiens,stool
GCF_003718575.1_ASM371857v1,NA,NA
GCF_029201665.1_ASM2920166v1,Phaseolus vulgaris,nodule from plant grown in inoculum free soil
GCF_027359235.1_ASM2735923v1,Homo sapiens,blood
GCF_019317205.1_ASM1931720v1,Homo sapiens,blood
GCF_016452145.1_ASM1645214v1,NA,swine
GCF_032595875.1_ASM3259587v1,NA,Ixodes dentatus tick
GCF_009912195.1_ASM991219v1,Homo sapiens,NA
GCF_029854315.1_ASM2985431v1,NA,plant
GCF_040404415.1_WHO_D_2024,Homo sapiens,Urogenital
GCF_002201975.1_ASM220197v1,NA,food
GCF_029910655.1_ASM2991065v1,NA,canal sediment
GCF_025809255.1_ASM2580925v1,Homo sapiens,NA
GCF_017654605.1_ASM1765460v1,Procambus clarkii,intestinal contents
GCF_034642355.1_ASM3464235v1,Homo sapiens,Infected Human Urine
GCF_024759645.1_ASM2475964v1,Homo sapiens,NA
GCF_001998865.1_ASM199886v1,marine sediment,NA
GCF_001077675.1_ASM107767v1,Homo sapiens,NA
GCF_002138395.1_ASM213839v1,NA,rye silage
GCF_021497025.1_ASM2149702v1,NA,intertidal zone
GCF_001973275.2_ASM197327v2,Mus musculus,spleen mouse
GCF_030039075.1_ASM3003907v1,NA,environmental: river/lake
GCF_013147205.1_ASM1314720v1,Homo sapiens,NA
GCF_017096385.2_ASM1709638v2,Homo sapiens,cerebrospinal fluid
GCF_037101235.1_ASM3710123v1,NA,soil
GCF_023546845.1_ASM2354684v1,NA,water
GCF_004919425.1_ASM491942v1,Homo sapiens,NA
GCF_038396315.1_ASM3839631v1,NA,river water
GCF_002211685.1_ASM221168v1,NA,wastewater
GCF_001618665.1_ASM161866v1,NA,NA
GCF_020906835.2_ASM2090683v2,Homo sapiens,urethal swab
GCF_000705595.2_ASM70559v2,Phaseolus vulgaris,root nodules
GCF_030285585.1_ASM3028558v1,Gallus gallus domesticus,feces
GCF_012934965.1_ASM1293496v1,Homo sapiens,blood
GCF_038452245.1_ASM3845224v1,Homo sapiens,Rectal swab
GCF_002848665.1_ASM284866v1,Homo sapiens,blood
GCF_964055715.1_30859_5_96,NA,NA
GCF_000069965.1_ASM6996v1,NA,NA
GCF_036013835.1_ASM3601383v1,NA,NA
GCF_003595365.1_ASM359536v1,Homo sapiens,Perineum
GCF_013318125.2_ASM1331812v2,Clematis,NA
GCF_002202095.1_ASM220209v1,Homo sapiens,NA
GCF_007955105.2_ASM795510v2,Homo sapiens,NA
GCF_021310995.1_ASM2131099v1,Blueberry,Tumor tissue
GCF_016889025.1_ASM1688902v1,Homo sapiens,NA
GCF_001690095.1_ASM169009v1,NA,Chicken Cecal Content
GCF_015277555.1_ASM1527755v1,NA,wastewater
GCF_002266085.2_ASM226608v2,Bos taurus,cattle stool
GCF_002011945.1_ASM201194v1,Homo sapiens,NA
GCF_003971215.1_ASM397121v1,NA,anus swab
GCF_001753565.1_ASM175356v1,NA,Cattle Hide
GCF_040282925.1_ASM4028292v1,NA,ascitic fluid
GCF_000299455.1_ASM29945v1,Homo sapiens,NA
GCF_004135855.1_ASM413585v1,NA,chicken meat
GCF_003073655.1_ASM307365v1,NA,NA
GCF_021390135.1_ASM2139013v1,Homo sapiens,NA
GCF_024760225.1_ASM2476022v1,Homo sapiens,NA
GCF_011046025.1_ASM1104602v1,NA,a nose swab sample of swine origin
GCF_024138075.1_ASM2413807v1,NA,soil
GCF_016944775.1_ASM1694477v1,Homo sapiens,rectal swab
GCF_001442755.1_ASM144275v1,NA,NA
GCF_030166335.1_ASM3016633v1,NA,GUT
GCF_036345975.1_ASM3634597v1,NA,soil
GCF_012980825.1_ASM1298082v1,Pear tree,NA
GCF_024053515.2_ASM2405351v2,Homo sapiens,tongue coating
GCF_024172225.1_ASM2417222v1,Homo sapiens,NA
GCF_025398895.1_ASM2539889v1,NA,polyester fabric recovered from compost
GCF_013796245.1_ASM1379624v1,NA,Wastewater influent sample
GCF_022405615.1_ASM2240561v1,Homo sapiens,NA
GCF_003099975.1_ASM309997v1,Schizaphis graminum biotype I,adult insect on Panicum virgatum
GCF_037202015.1_ASM3720201v1,Homo sapiens,NA
GCF_903978195.1_CFBP_498,Lactuca sp.,NA
GCF_030848185.1_ASM3084818v1,Dog,abdominal effusion
GCF_032375205.1_ASM3237520v1,NA,NA
GCF_003971585.1_ASM397158v1,Homo sapiens,stool
GCF_025169585.1_ASM2516958v1,Homo sapiens,urethal swab
GCF_022921795.1_ASM2292179v1,Homo sapiens,gastric biopsy
GCF_008727615.1_ASM872761v1,NA,NA
GCF_024498295.1_ASM2449829v1,NA,Sludge
GCF_040790685.1_ASM4079068v1,Human skin,NA
GCF_017815595.1_ASM1781559v1,Homo sapiens,sputum
GCF_027595845.1_ASM2759584v1,Homo sapiens,urine cc
GCF_013368735.1_ASM1336873v1,Penaeus monodon,post larvae whole body
GCF_017298695.1_ASM1729869v1,NA,Clone isolated from the evolution experiment described in Ketola et al. 2013 (doi: 10.1111/evo.12148)
GCF_001305635.1_ASM130563v1,Homo sapiens,laboratory strain
GCF_000292455.1_ASM29245v1,NA,NA
GCF_000090965.1_ASM9096v1,Cinara cedri,NA
GCF_002165115.2_ASM216511v2,Homo sapiens,NA
GCF_028416675.1_ASM2841667v1,Homo sapiens,Fecal sample from botulism case
GCF_008693565.1_ASM869356v1,Homo sapiens,clinical isolate
GCF_022405475.1_ASM2240547v1,Homo sapiens,NA
GCF_023611865.3_ASM2361186v3,NA,Cork University
GCF_017584185.1_ASM1758418v1,Clematis,NA
GCF_032375065.1_ASM3237506v1,Homo sapiens,blood
GCF_033256205.1_ASM3325620v1,Homo sapiens,feces
GCF_011046245.1_ASM1104624v1,NA,soil
GCF_023523795.1_ASM2352379v1,Gallus gallus,choane
GCF_003113475.3_ASM311347v3,Ictalurus punctatus,NA
GCF_005221585.1_ASM522158v1,NA,cattle
GCF_022648425.1_ASM2264842v1,Homo sapiens,blood
GCF_040365275.1_ASM4036527v1,NA,hot spring water
GCF_025734435.1_ASM2573443v1,Homo sapiens,NA
GCF_023658205.1_ASM2365820v1,Homo sapiens,NA
GCF_014723055.1_ASM1472305v1,Homo sapiens,blood
GCF_020546805.1_ASM2054680v1,NA,NA
GCF_011397115.1_ASM1139711v1,NA,NA
GCF_024760045.1_ASM2476004v1,Homo sapiens,NA
GCF_019857405.1_ASM1985740v1,Homo sapiens,NA
GCF_009740025.1_ASM974002v1,Homo sapiens,NA
GCF_002741535.1_ASM274153v1,NA,NA
GCF_023374375.1_ASM2337437v1,Homo sapiens,NA
GCF_018884265.1_ASM1888426v1,Homo sapiens,stool
GCF_023823875.1_ASM2382387v1,NA,soil
GCF_000834945.1_ASM83494v1,Homo sapiens,human
GCF_020905815.1_ASM2090581v1,Trieres chinensis,estuarine water [ENVO:01000301]
GCF_004120095.1_ASM412009v1,Homo sapiens,blood
GCF_040404335.1_WHO_G_2024,Homo sapiens,Urogenital
GCF_021484845.1_ASM2148484v1,NA,Urban soil
GCF_001623825.2_ASM162382v2,Homo sapiens,NA
GCF_029536995.1_ASM2953699v1,NA,NA
GCF_025169825.2_ASM2516982v2,Homo sapiens,urethal swab
GCF_016889245.1_ASM1688924v1,NA,NA
GCF_009938285.1_ASM993828v1,Homo sapiens,NA
GCF_030991405.1_ASM3099140v1,Homo sapiens,urine
GCF_017161095.1_ASM1716109v1,Homo sapiens,healthy human nose
GCF_002174255.1_ASM217425v1,NA,food
GCF_005886735.1_ASM588673v1,Homo sapiens,NA
GCF_021165975.1_ASM2116597v1,NA,forest soil
GCF_013167935.1_ASM1316793v1,Homo sapiens,NA
GCF_000512355.1_ASM51235v1,NA,NA
GCF_016904075.1_ASM1690407v1,Homo sapiens,NA
GCF_024759425.1_ASM2475942v1,Homo sapiens,NA
GCF_025144335.1_ASM2514433v1,NA,ENVO:00002034
GCF_013147065.1_ASM1314706v1,Homo sapiens,stool
GCF_023734215.1_ASM2373421v1,NA,sausage
GCF_038298665.1_ASM3829866v1,Homo sapiens,stool sample
GCF_035994185.1_ASM3599418v1,NA,NA
GCF_037993065.1_23MR1425,Homo sapiens,Eye swab
GCF_032808505.1_ASM3280850v1,Homo sapiens,University of Catania
GCF_025143985.1_ASM2514398v1,NA,ENVO:00002034
GCF_000247715.1_ASM24771v1,NA,NA
GCF_013085185.1_ASM1308518v1,Homo sapiens,rectal swab from healthy college student
GCF_021534925.1_ASM2153492v1,NA,cattle
GCF_037101225.1_ASM3710122v1,Channa striata,NA
GCF_038253855.1_ASM3825385v1,Anadara tuberculosa,NA
GCF_009025915.1_ASM902591v1,NA,soil
GCF_038429865.1_ASM3842986v1,Homo sapiens,other
GCF_038396305.1_ASM3839630v1,NA,river water
GCF_025144145.1_ASM2514414v1,NA,ENVO:00002034
GCF_032759475.1_ASM3275947v1,Homo sapiens,clinical
GCF_023206695.1_ASM2320669v1,NA,laboratory evolution
GCF_030847725.1_ASM3084772v1,Homo sapiens,lower respiratory tract
GCF_001663735.1_ASM166373v1,NA,brewery environment
GCF_003429545.1_ASM342954v1,Homo sapiens,urine
GCF_024664215.1_ASM2466421v1,NA,NA
GCF_024605895.1_ASM2460589v1,NA,soil
GCF_010918895.1_ASM1091889v1,goose,stool
GCF_026625245.1_ASM2662524v1,NA,environmental
GCF_006304565.1_ASM630456v1,Homo sapiens,urine
GCF_001611115.1_ASM161111v1,NA,brewing yeast sample
GCF_001890305.1_ASM189030v1,NA,Cattle faeces
GCF_013307005.2_ASM1330700v2,Homo sapiens,NA
GCF_003144175.1_ASM314417v1,pig,NA
GCF_003325095.1_ASM332509v1,NA,NA
GCF_905315015.2_NRS6132B,NA,worm bin
GCF_011492945.1_ASM1149294v1,NA,marine sediment
GCF_029223645.1_ASM2922364v1,NA,Human faeces
GCF_037082015.1_ASM3708201v1,Homo sapiens,urine
GCF_001664245.1_ASM166424v1,Phaseolus vulgaris,legume-root nodule
GCF_003667905.1_ASM366790v1,NA,NA
GCF_039703805.1_ASM3970380v1,Homo sapiens,blood
GCF_035184745.2_ASM3518474v2,Homo sapiens,NA
GCF_019317045.1_ASM1931704v1,Homo sapiens,Endotracheal aspirate
GCF_000972245.3_ASM97224v3,plant,NA
GCF_030544545.1_ASM3054454v1,Bovine,NA
GCF_002549835.1_ASM254983v1,Drosophila melanogaster Oregon-R-modENCODE,male feces
GCF_002761135.1_ASM276113v1,NA,Human
GCF_015992305.1_ASM1599230v1,Homo sapiens,Taichung Veterans General Hospital
GCF_018127785.1_ASM1812778v1,Homo sapiens,human oral cavity
GCF_024584925.1_ASM2458492v1,Homo sapiens,child
GCF_009665335.1_ASM966533v1,NA,NA
GCF_014267365.1_ASM1426736v1,NA,Meju; fermented soybean
GCF_004001105.1_ASM400110v1,Homo sapiens,NA
GCF_019222805.1_ASM1922280v1,Homo sapiens,sputum
GCF_037081845.1_HJ_Priestia_T3_Novo02_40Flow9,NA,soil
GCF_003030025.1_ASM303002v1,NA,poultry
GCF_022023755.1_ASM2202375v1,Mus musculus (G2 mouse),NA
GCF_024717335.1_ASM2471733v1,Homo sapiens,NA
GCF_000830055.1_ASM83005v1,Homo sapiens,NA
GCF_030916465.1_ASM3091646v1,NA,soil
GCF_030295215.1_ASM3029521v1,Bos taurus,feces
GCF_033128465.1_ASM3312846v1,Homo sapiens,feces
GCF_000961155.1_ASM96115v1,Citrus sp.,citrus infected tissue
GCF_025137775.1_ASM2513777v1,NA,ENVO:00002034
GCF_028622555.1_ASM2862255v1,Grus grus,NA
GCF_003119375.1_ASM311937v1,Penaeus vannamei,NA
GCF_037515695.1_ASM3751569v1,Dog,NA
GCF_040790695.1_ASM4079069v1,Ornithodoros hermsi tick,NA
GCF_000143605.1_ASM14360v1,NA,NA
GCF_019977835.1_ASM1997783v1,Penaeus japonicus,NA
GCF_024496285.1_ASM2449628v1,NA,wastewater treatment plant
GCF_000016045.1_ASM1604v1,NA,NA
GCF_000832725.1_ASM83272v1,Homo sapiens,human
GCF_003717355.1_ASM371735v1,NA,NA
GCF_027271235.1_ASM2727123v1,NA,Henan
GCF_031182125.1_ASM3118212v1,NA,Human stool
GCF_000270125.2_ASM27012v2,NA,NA
GCF_037478035.1_ASM3747803v1,Rhizopus microsporus,corn
GCF_002952035.2_ASM295203v2,Allium cepa,Toombs County
GCF_002953295.1_ASM295329v1,Homo sapiens,Urine
GCF_004768665.1_ASM476866v1,NA,food
GCF_009857095.1_ASM985709v1,rice,NA
GCF_023573705.1_ASM2357370v1,Homo sapiens,NA
GCF_021432045.1_ASM2143204v1,NA,wastewater
GCF_011305775.1_ASM1130577v1,NA,Siniperca scherzeri
GCF_026183415.1_ASM2618341v1,Canis lupus familiaris dachshund,stool
GCF_020221755.1_ASM2022175v1,NA,NA
GCF_009883855.1_ASM988385v1,Penaeus vannamei,AHPND infected Litopenaeus vannamei
GCF_029916825.1_ASM2991682v1,Homo sapiens,NA
GCF_900128595.1_BCipseudotaxifoliae_v1.0,Cinara pseudotaxifoliae,whole body
GCF_038366275.1_ASM3836627v1,NA,NA
GCF_014844195.1_ASM1484419v1,Gallus gallus domesticus,fecal matter
GCF_006974165.1_ASM697416v1,Rabbit,NA
GCF_026802385.1_ASM2680238v1,Chicken,Anaerobic digestion effluents of chicken manure
GCF_009664895.1_ASM966489v1,Homo sapiens,NA
GCF_030515375.1_ASM3051537v1,Homo sapiens,blood
GCF_031885215.1_ASM3188521v1,Homo sapiens,urine
GCF_022429605.1_ASM2242960v1,Yak,NA
GCF_024532135.1_ASM2453213v1,GWG,Poyang Lake
GCF_000013265.1_ASM1326v1,NA,NA
GCF_000010105.1_ASM1010v1,NA,seawater
GCF_033555435.1_ASM3355543v1,pig,feces
GCF_018135955.1_ASM1813595v1,Homo sapiens,soft tissue
GCF_037039395.1_CG957_Flye,Vitis vinifera,Grape gall
GCF_006542605.1_ASM654260v1,NA,Coastal
GCF_011600845.2_ASM1160084v2,bovine,preputial wash
GCF_014168815.1_ASM1416881v1,NA,wastewater
GCF_013423865.1_ASM1342386v1,Homo sapiens,gut
GCF_005960665.1_ASM596066v1,NA,ocean sediment
GCF_000148605.1_ASM14860v1,NA,NA
GCF_030144325.1_ASM3014432v1,NA,root nodule of Vicia costata
GCF_028622735.1_ASM2862273v1,Homo sapiens,blood
GCF_900017775.1_NZAK3,Homo sapiens,Skin
GCF_949769235.1_DAPP-PG_215_v1,Solanum lycopersicum,tomato bacterial speck symptoms on leaves
GCF_020616555.1_ASM2061655v1,plant,soil
GCF_025170505.2_ASM2517050v2,Homo sapiens,urethal swab
GCF_007113665.2_ASM711366v2,NA,Microscale soil grain
GCF_003675325.1_ASM367532v1,NA,grass soil
GCF_020637575.2_ASM2063757v2,NA,compost
GCF_003031205.1_ASM303120v1,seabass,NA
GCF_030295075.1_ASM3029507v1,Homo sapiens,NA
GCF_036541085.1_ASM3654108v1,NA,soil
GCF_005537135.1_ASM553713v1,Homo sapiens,NA
GCF_001996365.2_ASM199636v2,Penaeus setiferus,NA
GCF_029982035.1_ASM2998203v1,Cryptomonas gyropyrenoidosa SAG 25.80,freshwater
GCF_022749595.1_ASM2274959v1,NA,chicken fecal
GCF_030544725.1_ASM3054472v1,Homo sapiens,NA
GCF_029201645.1_ASM2920164v1,Phaseolus vulgaris,nodule from plant grown in inoculum free soil
GCF_032595855.1_ASM3259585v1,NA,Sigmodon hispidus (cotton rat)
GCF_016452165.1_ASM1645216v1,NA,swine
GCF_019317225.1_ASM1931722v1,Homo sapiens,Endotracheal aspirate
GCF_003130795.1_ASM313079v1,NA,hot spring
GCF_029541885.1_ASM2954188v1,Milk,NA
GCF_009648555.1_ASM964855v1,Homo sapiens,gastric biopsies; stomach mucosa
GCF_034044195.1_ASM3404419v1,Homo sapiens,faeces
GCF_028623185.1_ASM2862318v1,Pyrus sinkiangensis,Xinjiang; Chnia
GCF_030533625.1_ASM3053362v1,Homo sapiens,secretion
GCF_020691745.1_ASM2069174v1,NA,rhizosphere soil
GCF_004348195.1_ASM434819v1,NA,fruit fly
GCF_946300405.1_Thermococcus_nautili_33-3,NA,NA
GCF_013318355.2_ASM1331835v2,NA,NA
GCF_018831585.1_ASM1883158v1,Ixodes persulcatus,NA
GCF_000025485.1_ASM2548v1,NA,NA
GCF_001891125.1_ASM189112v1,NA,NA
GCF_000020125.1_ASM2012v1,NA,NA
GCF_017299035.1_ASM1729903v1,NA,Clone isolated from the evolution experiment described in Ketola et al. 2013 (doi: 10.1111/evo.12148)
GCF_036598075.1_ASM3659807v1,Homo sapiens,sputum
GCF_006364775.1_ASM636477v1,NIST Mixed Microbial RM strain,ATCC Isolate
GCF_002501565.1_ASM250156v1,Solanum lycopersicum,tomato with bacterial wilt
GCF_019823895.1_ASM1982389v1,Homo sapiens,blood
GCF_009728975.1_ASM972897v1,Homo sapiens,urine sample
GCF_024664075.1_ASM2466407v1,NA,NA
GCF_002240355.1_ASM224035v1,NA,ocean sediment
GCF_026625025.1_ASM2662502v1,NA,soil
GCF_009707345.1_ASM970734v1,Homo sapiens,blood
GCF_000412205.1_ASM41220v1,NA,NA
GCF_003956365.1_ASM395636v1,Homo sapiens,stool
GCF_001729805.1_ASM172980v1,Homo sapiens,NA
GCF_024919115.1_ASM2491911v1,NA,Commercial plant nursery
GCF_003285085.1_ASM328508v1,NA,rhizosphere soil
GCF_002852785.2_ASM285278v2,Homo sapiens,NA
GCF_001278785.1_ASM127878v1,Diaphorina citri,NA
GCF_024204845.1_ASM2420484v1,Homo sapiens,blood
GCF_027558815.1_ASM2755881v1,Homo sapiens,hospital
GCF_029590475.1_ASM2959047v1,Homo sapiens,urine
GCF_008122305.1_ASM812230v1,Homo sapiens,sputum
GCF_022846475.1_ASM2284647v1,NA,hot spring water
GCF_024396915.1_ASM2439691v1,Homo sapiens,sputum
GCF_034357665.1_ASM3435766v1,Canis lupus familiaris,nasal swab
GCF_001293505.1_ASM129350v1,Homo sapiens; female,blood-culture
GCF_905338045.2_AI3057v1_cp,Homo sapiens,Hospital Universitario Gregorio Maranon (Madrid)
GCF_040267605.1_MRSN126096,Homo sapiens,Surveillance
GCF_001701845.2_ASM170184v2,Homo sapiens,Stool
GCF_012934945.1_ASM1293494v1,Homo sapiens,blood
GCF_026167785.1_ASM2616778v1,NA,NA
GCF_001991095.1_ASM199109v1,Homo sapiens,Gastric tissue biopsy
GCF_036013815.1_ASM3601381v1,NA,NA
GCF_009892385.1_ASM989238v1,Homo sapiens,Blood culture
GCF_016904235.1_ASM1690423v1,Homo sapiens,NA
GCF_000196355.1_ASM19635v1,NA,NA
GCF_023546865.1_ASM2354686v1,NA,water
GCF_037101215.1_ASM3710121v1,Mastacembelus,NA
GCF_031660515.1_ASM3166051v1,Homo sapiens,urine
GCF_038396335.1_ASM3839633v1,NA,river water
GCF_024663895.1_ASM2466389v1,NA,NA
GCF_014466955.1_ASM1446695v1,Homo sapiens,sputum for patient of pneumonia symptoms
GCF_001932755.1_ASM193275v1,Salmo salar,Kidney
GCF_029714105.1_ASM2971410v1,Homo sapiens,NA
GCF_029854335.1_ASM2985433v1,NA,Fermented bamboo shoots
GCF_033612615.1_ASM3361261v1,Plant,NA
GCF_012113655.1_ASM1211365v1,NA,milk
GCF_036630075.1_ASM3663007v1,NA,NA
GCF_013725995.1_ASM1372599v1,NA,Freshwater sample from upstream of wastewater treatment plant
GCF_009930855.1_ASM993085v1,Homo sapiens,sputum
GCF_034338325.2_ASM3433832v2,Homo sapiens,hospital
GCF_032598785.1_ASM3259878v1,NA,petroleum reservoir
GCF_024532365.1_ASM2453236v1,EW,Poyang Lake
GCF_015732575.1_S520,Homo sapiens,stool
GCF_016864915.1_ASM1686491v1,Homo sapiens,Peritoneal fluid
GCF_000695855.3_ASM69585v3,Homo sapiens,Endotracheal Secretion
GCF_036772935.1_ASM3677293v1,NA,feces
GCF_001664445.1_ASM166444v1,Phaseolus vulgaris,legume-root nodule
GCF_000092165.1_ASM9216v1,NA,NA
GCF_006874745.1_ASM687474v1,Canis lupus familiaris,urine
GCF_037825795.1_ASM3782579v1,Pig,NA
GCF_019357515.1_ASM1935751v1,calf,nasal swab sample
GCF_032375225.1_ASM3237522v1,NA,NA
GCF_030708395.1_ASM3070839v1,Homo sapiens,NA
GCF_000349225.1_ASM34922v1,NA,NA
GCF_025725745.1_ASM2572574v1,patient,fecal sample
GCF_002996805.1_ASM299680v1,NA,NA
GCF_006165285.1_ASM616528v1,NA,NA
GCF_016944755.1_ASM1694475v1,Homo sapiens,rectal swab
GCF_003957745.1_ASM395774v1,Penaeus (Litopenaeus) vannamei (whiteleg shrimp),Hepatopancreas of EMS shrimp
GCF_036345955.1_ASM3634595v1,NA,soil
GCF_012980805.1_ASM1298080v1,Apple tree,NA
GCF_000833045.1_ASM83304v1,zebra,Animal; carcass of dead zebra
GCF_009739535.1_ASM973953v1,NA,Korean kefir
GCF_946411905.1_SJC1058,NA,Bloodstream
GCF_003018775.1_ASM301877v1,NA,Stool
GCF_014723215.1_ASM1472321v1,Homo sapiens,blood
GCF_025947005.1_ASM2594700v1,NA,Qidong intertidal zone
GCF_001831985.2_ASM183198v2,NA,Environmental (Pond)
GCF_039784555.1_ST4021_Assembly,NA,Dairy
GCF_023612215.1_ASM2361221v1,Homo sapiens,NA
GCF_024760205.1_ASM2476020v1,Homo sapiens,NA
GCF_019857645.1_ASM1985764v1,Homo sapiens,NA
GCF_009909345.1_ASM990934v1,Homo sapiens,sputum
GCF_037719745.1_ASM3771974v1,Chicken,NA
GCF_023658225.1_ASM2365822v1,Homo sapiens,NA
GCF_000341425.1_ASM34142v1,NA,stool
GCF_014723075.1_ASM1472307v1,Homo sapiens,blood
GCF_003345315.1_ASM334531v1,NA,NA
GCF_019802745.1_ASM1980274v1,goose,Epidemic materials
GCF_002356455.1_ASM235645v1,Homo sapiens,NA
GCF_019857425.1_ASM1985742v1,Homo sapiens,NA
GCF_013615235.1_ASM1361523v1,NA,Wastewater influent sample
GCF_024760065.1_ASM2476006v1,Homo sapiens,NA
GCF_017570585.1_ASM1757058v1,Homo sapiens,upper respiratory tract
GCF_002759095.2_ASM275909v2,Phaseolus vulgaris,NA
GCF_001834735.2_ASM183473v2,NA,pond
GCF_023100765.1_ASM2310076v1,Homo sapiens,urine
GCF_002180115.1_ASM218011v1,NA,NA
GCF_031597175.1_ASM3159717v1,NA,kimchi
GCF_016406485.1_ASM1640648v1,Homo sapiens,rectal swab
GCF_030988915.1_ASM3098891v1,Homo sapiens,urine
GCF_015697785.1_ASM1569778v1,Homo sapiens,stool
GCF_002078435.1_ASM207843v1,NA,Dairy fermentation
GCF_024749385.1_ASM2474938v1,Homo sapiens,NA
GCF_028750095.1_ASM2875009v1,Mutarda arvensis,leaf tissue
GCF_024918795.1_ASM2491879v1,Homo sapiens,blood
GCF_028416655.1_ASM2841665v1,Homo sapiens,Fecal sample from botulism case
GCF_022405455.1_ASM2240545v1,Homo sapiens,NA
GCF_002193095.1_ASM219309v1,Homo sapiens; 55 year old,vaginal swab
GCF_001878675.1_ASM187867v1,NA,Solid waste landfill sample
GCF_003665355.1_ASM366535v1,NA,Natto
GCF_038368245.1_ASM3836824v1,NA,NA
GCF_905330275.2_AI2858v1_cpp,Homo sapiens,Hospital Universitario Mutua de Terrassa (Terrassa)
GCF_000318865.1_ASM31886v1,NA,NA
GCF_028226435.1_ASM2822643v1,Homo sapiens,sputum
GCF_002219245.1_ASM221924v1,NA,heated-cooler unit water tank
GCF_029674845.1_ASM2967484v1,NA,wastewater
GCF_020991025.1_ASM2099102v1,NA,river
GCF_037888985.1_ASM3788898v1,Homo sapiens,Colorectal adenocarcinoma
GCF_008033175.1_ASM803317v1,NA,kimchi
GCF_009738085.1_ASM973808v1,Homo sapiens,feces
GCF_009664715.1_ASM966471v1,Homo sapiens,NA
GCF_040436695.1_ASM4043669v1,Homo sapiens,NA
GCF_030252735.1_ASM3025273v1,Homo sapiens,Medical/diagnostic sample
GCF_029011945.1_ASM2901194v1,NA,wastewater
GCF_029714365.1_ASM2971436v1,Desmanthus virgatus,NA
GCF_024349785.1_ASM2434978v1,NA,soil
GCF_021534905.1_ASM2153490v1,NA,mutton
GCF_013378095.1_ASM1337809v1,Mimosa,NA
GCF_003413625.1_ASM341362v1,dog,foreleg infected wound
GCF_020389025.2_ASM2038902v2,Homo sapiens,Skin swab
GCF_016904055.1_ASM1690405v1,Homo sapiens,NA
GCF_024759405.1_ASM2475940v1,Homo sapiens,NA
GCF_030847575.1_ASM3084757v1,Homo sapiens,feces
GCF_021497265.1_ASM2149726v1,Homo sapiens,NA
GCF_000018385.1_ASM1838v1,NA,NA
GCF_028751625.1_ASM2875162v1,Homo sapiens,NA
GCF_003613065.1_ASM361306v1,Syngnathus typhle,Kiel Fjord
GCF_019378895.1_ASM1937889v1,calf,nasal swab sample
GCF_004804185.1_ASM480418v1,Homo sapiens,feces
GCF_022809795.1_ASM2280979v1,NA,sputum
GCF_020138795.1_ASM2013879v1,NA,feces
GCF_033243425.1_ASM3324342v1,Homo sapiens,rectal swab
GCF_019856295.1_ASM1985629v1,NA,wastewater
GCF_904866345.1_MINF_8D,Homo sapiens,urine
GCF_018279895.1_ASM1827989v1,Homo sapiens,feces
GCF_020905835.1_ASM2090583v1,Trieres chinensis,estuarine water [ENVO:01000301]
GCF_036884315.1_ASM3688431v1,Homo sapiens,sputum
GCF_016889265.1_ASM1688926v1,Homo sapiens,NA
GCF_021484865.1_ASM2148486v1,Homo sapiens,NA
GCF_003308975.1_ASM330897v1,NA,NA
GCF_030991425.1_ASM3099142v1,Homo sapiens,urine
GCF_033847565.1_ASM3384756v1,Homo sapiens,patient
GCF_002891945.1_ASM289194v1,NA,clam larvae aquaculture
GCF_035758525.1_ASM3575852v1,NA,soil
GCF_028622535.1_ASM2862253v1,Grus grus,NA
GCF_027942255.1_ASM2794225v1,Homo sapiens,bronchoalveolar lavage fluid
GCF_023658015.1_ASM2365801v1,Canis lupus familiaris,NA
GCF_003355175.1_ASM335517v1,Homo sapiens,rectal swab
GCF_030011555.1_ASM3001155v1,NA,peat soil samples
GCF_029624895.1_ASM2962489v1,Homo sapiens,Midstream specimen of urine
GCF_002025225.1_ASM202522v1,NA,Industrial starch water
GCF_036324385.1_ASM3632438v1,NA,doenjang-meju
GCF_034123205.1_ASM3412320v1,Homo sapiens,sputum
GCF_025170705.2_ASM2517070v2,Homo sapiens,urethal swab
GCF_000225445.1_ASM22544v1,Acyrthosiphon kondoi,NA
GCF_022370835.2_ASM2237083v2,NA,NA
GCF_025140615.1_ASM2514061v1,NA,ENVO:00002034
GCF_001908835.1_ASM190883v1,NA,shallow-sea hydrothermal system
GCF_016134045.1_ASM1613404v1,NA,seawater
GCF_006228485.1_ASM622848v1,Punica granatum,NA
GCF_030077565.1_ASM3007756v1,Homo sapiens,NA
GCF_009648955.1_ASM964895v1,NA,macaroni and cheese
GCF_009762475.1_ASM976247v1,NA,Chicken meat
GCF_000174395.2_ASM17439v2,Homo sapiens,biological product [ENVO:02000043]
GCF_035984415.1_ASM3598441v1,NA,NA
GCF_033954875.1_ASM3395487v1,NA,combination probiotic preparations
GCF_000224535.1_ASM22453v1,Homo sapiens,Amerindian gastritis patient
GCF_008932145.1_ASM893214v1,Tribulus terrestris,plant
GCF_037478055.1_ASM3747805v1,Rhizopus microsporus,soil
GCF_023573765.1_ASM2357376v1,Homo sapiens,NA
GCF_030863925.1_ASM3086392v1,NA,Beef Cattle Feces - Rectal Grab
GCF_030515175.1_ASM3051517v1,Homo sapiens,blood
GCF_019364615.1_ASM1936461v1,Homo sapiens,urine
GCF_030995125.1_ASM3099512v1,Anadara tuberculosa,mud
GCF_036961545.2_BSN65_Closure,Homo sapiens,blood
GCF_037918385.1_ASM3791838v1,Dog,NA
GCF_021729985.1_ASM2172998v1,Penaeus vannamei,NA
GCF_037023735.1_ASM3702373v1,NA,marine algae
GCF_024664275.1_ASM2466427v1,NA,NA
GCF_904865655.1_MSB1_8B,Homo sapiens,rectal swab
GCF_026625225.1_ASM2662522v1,NA,environmental
GCF_002951555.1_ASM295155v1,Homo sapiens,blood
GCF_009931075.1_ASM993107v1,Homo sapiens,Physical
GCF_006970665.1_ASM697066v1,Stachytarpheta glabra,NA
GCF_025758125.1_ASM2575812v1,NA,soil
GCF_028662055.1_ASM2866205v1,Homo sapiens,gastric antrum
GCF_032347795.1_ASM3234779v1,Homo sapiens,NA
GCF_003032075.1_ASM303207v1,NA,NA
GCF_024917315.1_ASM2491731v1,Homo sapiens,blood
GCF_002180295.1_ASM218029v1,NA,NA
GCF_000814345.1_ASM81434v1,Homo sapiens,Bodily fluid
GCF_002759315.2_ASM275931v2,Phaseolus vulgaris,NA
GCF_037101245.1_ASM3710124v1,Pseudocaranx dentex,NA
GCF_038396365.1_ASM3839636v1,NA,river water
GCF_009664305.1_ASM966430v1,NA,comminuted beef
GCF_023115355.1_ASM2311535v1,NA,sediment
GCF_030847745.1_ASM3084774v1,Homo sapiens,nose
GCF_000960995.1_ASM96099v1,Oryza sativa,Oryza sativa; grain
GCF_003254375.1_ASM325437v1,NA,soil
GCF_038024735.1_WGS_using_MinION_R10.4.1_of_Staphylococcus_aureus_TUM22730,Homo sapiens,NA
GCF_015138955.1_ASM1513895v1,Homo sapiens,blood
GCF_015992365.1_ASM1599236v1,Homo sapiens,Taichung Veterans General Hospital
GCF_038048995.1_BSN181,Homo sapiens,blood
GCF_003031995.1_ASM303199v1,NA,NA
GCF_019317025.1_ASM1931702v1,Homo sapiens,Pus
GCF_003294855.2_ASM329485v2,sludge,sludge from bioreactor treating oxytetracycline bearing wastewater
GCF_024584945.1_ASM2458494v1,Homo sapiens,adult
GCF_013374995.1_ASM1337499v1,NA,plant leaf
GCF_036234315.1_ASM3623431v1,Homo sapiens,Cystic fibrosis human lung
GCF_005518095.1_ASM551809v1,Homo sapiens,Pus
GCF_037287945.1_ASM3728794v1,Homo sapiens,bloodstream
GCF_016772595.1_ASM1677259v1,Homo sapiens,blood
GCF_013282195.1_ASM1328219v1,NA,surface water
GCF_023374165.1_ASM2337416v1,Homo sapiens,Rectal Swab
GCF_029459615.1_ASM2945961v1,NA,NA
GCF_029278545.1_ASM2927854v1,Homo sapiens,Urine specimen from a nursing home resident with a long-term indwelling urinary catheter
GCF_015223545.3_ASM1522354v3,Homo sapiens,feces
GCF_001908625.1_ASM190862v1,Homo sapiens,abdominal drainage fluid
GCF_016067835.1_ASM1606783v1,Homo sapiens,Taichung Veterans General Hospital
GCF_029223625.1_ASM2922362v1,NA,NA
GCF_020388905.1_ASM2038890v1,Homo sapiens,Skin swab
GCF_027943685.1_ASM2794368v1,Homo sapiens,NA
GCF_013318335.2_ASM1331833v2,Yarrow,NA
GCF_017372255.1_ASM1737225v1,Homo sapiens,NA
GCF_020691725.1_ASM2069172v1,Homo sapiens,stool
GCF_022569415.1_ASM2256941v1,Branta canadensis,Feces of Canada Goose (Branta canadensis)
GCF_021391595.1_ASM2139159v1,Galega,Plant nodule
GCF_964198835.1_Zagreb008_hybrid_assembly.fa.gz,Homo sapiens,clinical material
GCF_001766235.1_ASM176623v1,NA,NA
GCF_016452105.1_ASM1645210v1,NA,turkey
GCF_019317245.1_ASM1931724v1,Homo sapiens,Pus
GCF_016801695.1_ASM1680169v1,NA,NA
GCF_029201625.1_ASM2920162v1,Phaseolus vulgaris,nodule from plant grown in inoculum free soil
GCF_964046655.1_30224_1_273,NA,NA
GCF_013112375.1_ASM1311237v1,Pyropia,seawater
GCF_029590415.1_ASM2959041v1,NA,mutton
GCF_024204825.1_ASM2420482v1,Homo sapiens,blood
GCF_000022165.1_ASM2216v1,NA,NA
GCF_011038645.2_ASM1103864v2,blue sheep,NA
GCF_900607265.1_BPH2003,Homo sapiens,Blood Culture
GCF_003855135.1_ASM385513v1,Homo sapiens,Stool
GCF_019880485.1_ASM1988048v1,NA,soil
GCF_015338385.1_ASM1533838v1,Aratinga solstitialis,feces
GCF_037713025.1_ASM3771302v1,Chicken,NA
GCF_002950775.1_ASM295077v1,Canis lupus familiaris,ear swab from dog
GCF_024664015.1_ASM2466401v1,NA,NA
GCF_028877475.1_ASM2887747v1,NA,Iru-fermented African locust beans
GCF_040031875.1_ASM4003187v1,Homo sapiens,NA
GCF_028220865.1_ASM2822086v1,Homo sapiens,sputum
GCF_000013985.1_ASM1398v1,NA,NA
GCF_030413805.1_ASM3041380v1,Homo sapiens,NA
GCF_002290285.1_ASM229028v1,patient,China: The First Affiliated Hospital of Zhejiang University
GCF_024532155.1_ASM2453215v1,NP,Poyang Lake
GCF_029542565.1_ASM2954256v1,pig,NA
GCF_036362885.1_ASM3636288v1,Bos taurus,milk
GCF_014168875.1_ASM1416887v1,NA,wastewater
GCF_002953715.1_ASM295371v1,Lotus corniculatus,NA
GCF_029916845.1_ASM2991684v1,NA,Waterfowl manure
GCF_009670965.2_ASM967096v2,duck,liver
GCF_012278675.1_ASM1227867v1,cow,NA
GCF_963360645.1_PDTSDC17_v2,NA,NA
GCF_037834495.1_ASM3783449v1,Homo sapiens,NA
GCF_009184725.1_ASM918472v1,Homo sapiens,NA
GCF_035621155.1_ASM3562115v1,Homo sapiens,Gastro scope biopsy
GCF_025140475.1_ASM2514047v1,NA,ENVO:00002034
GCF_020162215.1_ASM2016221v1,NA,American Alligator's water tank
GCF_023272815.1_ASM2327281v1,NA,small intestine
GCF_035596235.1_ASM3559623v1,Homo sapiens,rectal swab
GCF_022832895.1_ASM2283289v1,Homo sapiens,pertoneal cavity
GCF_025402935.1_ASM2540293v1,NA,swine faeces
GCF_013423805.1_ASM1342380v1,NA,NA
GCF_003069525.1_ASM306952v1,NA,NA
GCF_027942035.1_ASM2794203v1,faeces,NA
GCF_028622755.1_ASM2862275v1,Homo sapiens,Rectal Swab
GCF_002055855.1_ASM205585v1,NA,NA
GCF_001576595.1_ASM157659v1,NA,NA
GCF_002355835.1_ASM235583v1,Trichonympha agilis,termite gut
GCF_000310245.1_ASM31024v1,NA,subsurface sediment from a freshwater well
GCF_003994715.1_ASM399471v1,NA,Meat retail
GCF_019357575.1_ASM1935757v1,pig,nasal swab sample
GCF_032375245.1_ASM3237524v1,NA,NA
GCF_037478065.1_ASM3747806v1,Rhizopus microsporus,NA
GCF_025960385.1_ASM2596038v1,NA,Dandelion Kimchi
GCF_024532305.1_ASM2453230v1,TBG,Poyang Lake
GCF_015219925.1_ASM1521992v1,Homo sapiens,eye
GCF_022924655.1_ASM2292465v1,Homo sapiens,gastric biopsy
GCF_015287605.1_ASM1528760v1,NA,Human fecal samples
GCF_019857625.1_ASM1985762v1,Homo sapiens,NA
GCF_904865685.1_INF182,Homo sapiens,urine
GCF_021654895.1_ASM2165489v1,Homo sapiens,human blood of bacteremia patient
GCF_000505365.2_ASM50536v2,Bos taurus,feces dairy cow (Bos taurus)
GCF_025725725.1_ASM2572572v1,Betula schmidtii,NA
GCF_033865735.1_ASM3386573v1,Homo sapiens,patient
GCF_016944735.1_ASM1694473v1,Homo sapiens,rectal swab
GCF_037071415.1_G3_Pseusil,NA,landfill for plastics
GCF_020149895.1_ASM2014989v1,Homo sapiens,throat swab
GCF_002777395.1_ASM277739v1,Sus scrofa domestica,NA
GCF_036002945.1_ASM3600294v1,NA,NA
GCF_001886635.1_ASM188663v1,Homo sapiens,Blood
GCF_007647215.1_ASM764721v1,Homo sapiens,NA
GCF_000087965.1_ASM8796v1,NA,NA
GCF_012934925.1_ASM1293492v1,Homo sapiens,sputum
GCF_002760915.1_ASM276091v1,NA,Human
GCF_016845695.1_ASM1684569v1,swine,NA
GCF_031357205.1_ASM3135720v1,NA,Environment
GCF_039703855.1_ASM3970385v1,Homo sapiens,urine
GCF_000177615.2_ASM17761v2,Datisca glomerata,NA
GCF_020138595.1_ASM2013859v1,NA,Rabbit meat
GCF_037126195.1_ASM3712619v1,Gallus gallus,NA
GCF_033129285.1_ASM3312928v1,Homo sapiens,feces
GCF_018771585.1_ASM1877158v1,Homo sapiens,urine; catheter urine
GCF_037514075.1_ASM3751407v1,Mammal,NA
GCF_023657695.1_ASM2365769v1,Canis lupus familiaris,NA
GCF_009762275.1_ASM976227v1,NA,Non-purified solar salt
GCF_016917855.1_ASM1691785v1,NA,Brine
GCF_001952755.1_ASM195275v1,NA,beef deli slices
GCF_000959445.1_ASM95944v1,NA,Oryza sativa; rhizosphere soil
GCF_025231485.1_ASM2523148v1,NA,Zhoushan marine solar saltern
GCF_029714165.1_ASM2971416v1,Homo sapiens,NA
GCF_000761135.1_ASM76113v1,Apis mellifera,bee gut
GCF_000019725.1_ASM1972v1,NA,NA
GCF_008245185.1_ASM824518v1,Homo sapiens,sputum
GCF_006228285.1_ASM622828v1,NA,beer
GCF_012113635.1_ASM1211363v1,NA,milk
GCF_013378295.1_ASM1337829v1,NA,Nosocomial environment
GCF_000832885.1_ASM83288v1,NA,NA
GCF_023520835.1_ASM2352083v1,Tomato,Seed
GCF_000834965.1_ASM83496v1,Homo sapiens,Water
GCF_016904255.1_ASM1690425v1,Homo sapiens,NA
GCF_013201485.1_ASM1320148v1,Homo sapiens,stool
GCF_033870135.1_ASM3387013v1,Homo sapiens,patient
GCF_021497065.1_ASM2149706v1,Homo sapiens,NA
GCF_030062355.1_ASM3006235v1,NA,NA
GCF_023546805.1_ASM2354680v1,NA,soil
GCF_002984035.1_ASM298403v1,Homo sapiens,Stool
GCF_038396355.1_ASM3839635v1,NA,river water
GCF_016904035.1_ASM1690403v1,Homo sapiens,NA
GCF_030037255.1_ASM3003725v1,NA,wastewater
GCF_036897975.1_ASM3689797v1,Homo sapiens,NA
GCF_030291715.1_ASM3029171v1,NA,soil
GCF_039914745.1_ASM3991474v1,Homo sapiens,stool
GCF_009387915.1_ASM938791v1,Homo sapiens,stool
GCF_000009925.1_ASM992v1,NA,NA
GCF_013389555.1_ASM1338955v1,Gallus gallus,cecal contents of broiler chicken
GCF_023823835.1_ASM2382383v1,NA,soil
GCF_003932075.1_ASM393207v1,rice,leaves
GCF_018884225.1_ASM1888422v1,Yak,NA
GCF_946406635.1_SJC1048,NA,Bloodstream
GCF_020905855.1_ASM2090585v1,Trieres chinensis,estuarine water [ENVO:01000301]
GCF_964038895.1_30345_1_335,NA,NA
GCF_017821195.2_ASM1782119v2,NA,Dairy
GCF_004328985.1_ASM432898v1,Homo sapiens,Stools
GCF_034359465.1_ASM3435946v1,Euplotes woodruffi,NA
GCF_036884375.1_ASM3688437v1,Homo sapiens,stool
GCF_015277775.1_ASM1527777v1,NA,NA
GCF_016404015.2_ASM1640401v2,Homo sapiens,stool
GCF_018141585.1_ASM1814158v1,NA,feces
GCF_025984245.1_ASM2598424v1,Bovine,NA
GCF_002953115.1_ASM295311v1,NA,Rice Fields
GCF_001661675.2_ASM166167v2,NA,sediment
GCF_031357065.1_ASM3135706v1,NA,NA
GCF_013167975.1_ASM1316797v1,Homo sapiens,NA
GCF_025884555.1_ASM2588455v1,Gallus gallus,NA
GCF_024072715.1_ASM2407271v1,Arabidopsis thaliana,NA
GCF_025562795.3_ASM2556279v3,NA,Dairy
GCF_020524085.2_ASM2052408v2,NA,sediment
GCF_016025435.1_ASM1602543v1,NA,chicken
GCF_018128305.1_ASM1812830v1,Homo sapiens,human oral cavity
GCF_001879645.1_ASM187964v1,NA,blood sample
GCF_030384605.1_ASM3038460v1,NA,marine biofilms
GCF_013726615.1_ASM1372661v1,NA,Freshwater sample from upstream of wastewater treatment plant
GCF_014233485.1_ASM1423348v1,Flammulina filiformis,mushroom farm
GCF_033232945.1_ASM3323294v1,Homo sapiens,urine
GCF_038070605.1_ASM3807060v1,Penaeus vannamei,Shrimp farm
GCF_002950175.1_ASM295017v1,NA,NA
GCF_023658245.1_ASM2365824v1,Homo sapiens,NA
GCF_038086915.1_ASM3808691v1,Penaeus japonicus,shrimp farm
GCF_009932885.2_ASM993288v2,NA,Rice seed
GCF_035943135.1_ASM3594313v1,NA,NA
GCF_025947205.1_ASM2594720v1,NA,Gut of an ablaone
GCF_001648215.1_ASM164821v1,Homo sapiens,NA
GCF_002944585.1_ASM294458v1,soybean,fermented food
GCF_001514455.1_ASM151445v1,Sesame,soil
GCF_013402815.2_ASM1340281v2,NA,salt mine
GCF_003940845.1_ASM394084v1,NA,blood
GCF_019046985.1_ASM1904698v1,NA,NA
GCF_037957205.1_ASM3795720v1,Pig,NA
GCF_019048985.1_ASM1904898v1,Ceratitis capitata,NA
GCF_001572685.1_ASM157268v1,pig,NA
GCF_023375585.1_ASM2337558v1,healthy cat,NA
GCF_019857445.1_ASM1985744v1,Homo sapiens,NA
GCF_022871045.1_ASM2287104v1,Ovis aries,saliva
GCF_034479695.1_ASM3447969v1,NA,ginseng rhizosphere
GCF_029674825.1_ASM2967482v1,NA,wastewater
GCF_008761455.2_ASM876145v2,NA,NA
GCF_020991045.1_ASM2099104v1,NA,plant tissue
GCF_000299475.1_ASM29947v1,Homo sapiens,NA
GCF_013368775.1_ASM1336877v1,Homo sapiens,acute appendicitis
GCF_030316215.1_ASM3031621v1,Homo sapiens,stool
GCF_003181075.1_ASM318107v1,Homo sapiens,feces
GCF_002968655.1_ASM296865v1,NA,NA
GCF_030252755.1_ASM3025275v1,Homo sapiens,Medical/diagnostic sample
GCF_022809835.2_ASM2280983v2,NA,biological soil crust
GCF_002776835.1_ASM277683v1,Brassica juncea var. foliosa,NA
GCF_022405435.1_ASM2240543v1,Homo sapiens,NA
GCF_004103775.1_ASM410377v1,NA,wastewater treatment plant
GCF_000145845.2_ASM14584v2,NA,NA
GCF_026261625.1_ASM2626162v1,Peas,NA
GCF_029773585.1_ASM2977358v1,Homo sapiens,NA
GCF_030708195.1_ASM3070819v1,NA,human
GCF_017310565.1_ASM1731056v1,NA,sputum
GCF_000284515.1_ASM28451v1,NA,NA
GCF_000521585.1_ASM52158v1,Myzus persicae,NA
GCF_003815675.1_ASM381567v1,Homo sapiens,NA
GCF_020885775.1_ASM2088577v1,Homo sapiens,feces
GCF_002104575.1_ASM210457v1,NA,soil
GCF_016726285.1_ASM1672628v1,NA,NA
GCF_027942095.1_ASM2794209v1,NA,egg
GCF_014084065.1_ASM1408406v1,NA,Fermented pork (nham)
GCF_000025965.1_ASM2596v1,NA,NA
GCF_013612875.1_ASM1361287v1,NA,Wastewater effluent sample
GCF_022832835.1_ASM2283283v1,Homo sapiens,sputum
GCF_033681625.1_ASM3368162v1,NA,hospital
GCF_000466075.2_ASM46607v2,Homo sapiens,stool sample
GCF_002149105.1_ASM214910v1,Syngnathus typhle,Kiel Fjord
GCF_030168185.1_ASM3016818v1,Homo sapiens,human
GCF_037055245.1_ASM3705524v1,Verticillium dahliae,fungal hyphae
GCF_002113865.1_ASM211386v1,Homo sapiens,Urine
GCF_020906545.1_ASM2090654v1,NA,soil/stream/plastic litter
GCF_003812305.1_ASM381230v1,Homo sapiens,NA
GCF_021496425.1_ASM2149642v1,Homo sapiens,urine
GCF_029866445.1_ASM2986644v1,NA,laboratory contaminant from a culture of Gloeobacter violaceus
GCF_023735475.1_ASM2373547v1,Homo sapiens,NA
GCF_020525965.1_ASM2052596v1,Water,NA
GCF_026802345.1_ASM2680234v1,NA,soil
GCF_039679135.1_ASM3967913v1,NA,a children's rocking car
GCF_002162035.1_ASM216203v1,NA,Weathered rock sample
GCF_024496025.1_ASM2449602v1,Homo sapiens,blood
GCF_009906835.1_ASM990683v1,Gut of wasp,NA
GCF_001304755.1_ASM130475v1,NA,Food
GCF_012049605.1_ASM1204960v1,Homo sapiens,Diarrheal patient
GCF_008727555.1_ASM872755v1,NA,NA
GCF_028736055.1_ASM2873605v1,NA,Middle part of the water column of temporary meltwater pond
GCF_036362825.1_ASM3636282v1,swine,Fece
GCF_030436075.1_ASM3043607v1,Homo sapiens,urine
GCF_019823855.1_ASM1982385v1,Homo sapiens,blood
GCF_024347775.1_ASM2434777v1,NA,NA
GCF_022691405.1_ASM2269140v1,Homo sapiens,Nephrostomy
GCF_002741665.3_ASM274166v3,Homo sapiens,patient's blood plasma
GCF_019330105.1_ASM1933010v1,Homo sapiens,NA
GCF_009730095.1_ASM973009v1,Homo sapiens,clinical isolate
GCF_029692025.1_ASM2969202v1,NA,poultry rinse
GCF_001521855.1_ASM152185v1,NA,NA
GCF_025259645.1_ASM2525964v1,Homo sapiens,Rectal Swab
GCF_002949935.1_ASM294993v1,Homo sapiens,Clinical
GCF_030414215.1_ASM3041421v1,NA,compost
GCF_024204885.1_ASM2420488v1,Homo sapiens,blood
GCF_003048255.1_ASM304825v1,NA,Dried Tofu
GCF_015052785.1_ASM1505278v1,NA,NA
GCF_029713925.1_ASM2971392v1,Homo sapiens,NA
GCF_008632435.1_ASM863243v1,Homo sapiens,rectal swab
GCF_016801635.1_ASM1680163v1,NA,NA
GCF_023101125.1_ASM2310112v1,Acmispon strigosus,root nodule
GCF_019930545.1_ASM1993054v1,NA,soil
GCF_032595895.1_ASM3259589v1,NA,human
GCF_904864505.1_INF331,Homo sapiens,blood
GCF_029962465.1_ASM2996246v1,Canis lupus familiaris,feces
GCF_034809545.1_ASM3480954v1,Gallas gallas domesticus,Beak of a broiler
GCF_022649245.1_ASM2264924v1,Homo sapiens,oropharynx; sputum; or bronchoalveolar lavage
GCF_000255915.1_ASM25591v1,NA,NA
GCF_029541845.1_ASM2954184v1,Milk,NA
GCF_015325925.1_ASM1532592v1,Homo sapiens,rectal swab
GCF_032921125.1_ASM3292112v1,NA,Winter pickled vegetables
GCF_027943625.1_ASM2794362v1,NA,NA
GCF_036014035.1_ASM3601403v1,NA,NA
GCF_028623145.1_ASM2862314v1,Homo sapiens,stool
GCF_022925215.1_ASM2292521v1,Homo sapiens,gastric biopsy
GCF_020150755.1_ASM2015075v1,chicken,market
GCF_000021405.1_ASM2140v1,NA,NA
GCF_010669065.1_ASM1066906v1,NA,NA
GCF_017751225.1_ASM1775122v1,Sus scrofa domesticus,feces
GCF_001455085.1_ASM145508v1,Homo sapiens,subgingival plaque
GCF_018831545.1_ASM1883154v1,Homo sapiens,NA
GCF_013282355.1_ASM1328235v1,NA,surface water
GCF_039911655.1_ASM3991165v1,Bos taurus,culture
GCF_037828885.1_ASM3782888v1,Pig,NA
GCF_000024625.1_ASM2462v1,NA,NA
GCF_030486465.1_ASM3048646v1,Homo sapiens,Leg pus
GCF_003454795.1_ASM345479v1,NA,surface water of Lake Taihu
GCF_009002535.1_ASM900253v1,Equus caballus ferus,stomach contets from an aborted foal
GCF_016772535.1_ASM1677253v1,Homo sapiens,NA
GCF_011492985.1_ASM1149298v1,pet dog,NA
GCF_015286025.1_ASM1528602v1,NA,Human fecal samples
GCF_024734725.1_ASM2473472v1,Homo sapiens,swab from purulent wound
GCF_035759335.1_ASM3575933v1,NA,NA
GCF_019317085.1_ASM1931708v1,Homo sapiens,Endotracheal aspirate
GCF_030169555.1_ASM3016955v1,NA,chicken feces
GCF_023101345.1_ASM2310134v1,NA,air
GCF_030544585.1_ASM3054458v1,Bovine,NA
GCF_000013805.1_ASM1380v1,NA,NA
GCF_001901005.1_ASM190100v1,NA,river water
GCF_023824075.1_ASM2382407v1,NA,soil
GCF_022647025.1_ASM2264702v1,NA,tobacco leaf
GCF_028621815.1_ASM2862181v1,NA,Jelly
GCF_001999905.1_ASM199990v1,NA,crude oil-contamination soil
GCF_033881405.1_ASM3388140v1,NA,cucumber fermentation brine
GCF_006151925.1_ASM615192v1,NA,soil
GCF_020886895.1_ASM2088689v1,Homo sapiens,Pancreatic fluid
GCF_019356355.1_ASM1935635v1,Homo sapiens,secretion sample from gastrointestinal surgery patient
GCF_030505655.1_ASM3050565v1,NA,garbage cans
GCF_030584845.1_ASM3058484v1,Glycine max,root nodule
GCF_000732045.2_ASM73204v2,NA,ground red chili pepper
GCF_017311125.1_ASM1731112v1,Paper wasp,pupae
GCF_023206655.1_ASM2320665v1,NA,laboratory evolution
GCF_013459645.1_ASM1345964v1,NA,Soudan mine sediment
GCF_903993085.2_AI2764v1_cp,Homo sapiens,Hospital Univeristario de Bellvitge (Barcelona)
GCF_021729925.1_ASM2172992v1,NA,Manis javanica
GCF_036630085.1_ASM3663008v1,NA,NA
GCF_020990405.1_ASM2099040v1,housefly,NA
GCF_024579775.1_ASM2457977v1,Homo sapiens,urine
GCF_024347515.1_ASM2434751v1,NA,NA
GCF_015238655.1_ASM1523865v1,Homo sapiens,bronchoalveolar lavage
GCF_964198945.1_Zagreb023_hybrid_assembly.fa.gz,Homo sapiens,clinical material
GCF_016903875.1_ASM1690387v1,Homo sapiens,NA
GCF_003967075.1_ASM396707v1,NA,NA
GCF_000828535.1_ASM82853v1,NA,NA
GCF_905315685.2_NRS6145B,NA,garden soil
GCF_949794035.1_EBP3064_genome,NA,bacterial strain isolated from smoked salmon
GCF_022559805.1_ASM2255980v1,Homo sapiens,stool
GCF_003718035.1_ASM371803v1,NA,NA
GCF_024970535.1_ASM2497053v1,NA,marine sediment
GCF_005144505.2_ASM514450v2,NA,NA
GCF_001399775.1_ASM139977v1,NA,NA
GCF_037212895.1_Erwinia_amylovora_YKB14808,Malus,NA
GCF_002910725.2_ASM291072v2,Haliclona simulans,NA
GCF_030995185.1_ASM3099518v1,dog,urine
GCF_028736235.1_ASM2873623v1,NA,Fermented feeds
GCF_019774535.1_ASM1977453v1,NA,swine
GCF_023735615.1_ASM2373561v1,Homo sapiens,NA
GCF_033675065.1_ASM3367506v1,NA,hospital
GCF_029866625.1_ASM2986662v1,NA,rabbit liver
GCF_003813125.1_ASM381312v1,NA,kimchi
GCF_002165255.2_ASM216525v2,NA,Sewage
GCF_020221795.1_ASM2022179v1,NA,chicken
GCF_030863985.1_ASM3086398v1,Homo sapiens,blood
GCF_038129325.1_BSN55-2,Homo sapiens,blood
GCF_025860405.1_ASM2586040v1,NA,soil
GCF_020149805.1_ASM2014980v1,NA,NA
GCF_022819285.1_ASM2281928v1,NA,Laboratory activated sludge
GCF_036324325.1_ASM3632432v1,NA,A deep sea sediment sample from the Central Indian Ridge
GCF_001481655.1_ASM148165v1,Homo sapiens,the First Quanzhou Hospital; Quanzhou; Fujian; China
GCF_002948295.1_ASM294829v1,Pisum sativum,pea nodule
GCF_000165835.1_ASM16583v1,NA,NA
GCF_020541005.1_ASM2054100v1,Homo sapiens,rectal swab
GCF_022023795.1_ASM2202379v1,NA,Shatin WWTPs_21 WWTPs effluent
GCF_027945845.1_ASM2794584v1,NA,wastewater
GCF_002849915.1_ASM284991v1,NA,dairy product
GCF_036287845.1_ASM3628784v1,Homo sapiens,rectal swab
GCF_039784805.1_STAVA116_assembly,NA,Dairy
GCF_004847525.1_ASM484752v1,NA,frozen yellowfin tuna nakaochi scrape
GCF_002163585.1_ASM216358v1,mandarin orange,NA
GCF_009913975.1_ASM991397v1,NA,Soybean paste (Chonggugjang)
GCF_035658295.1_ASM3565829v1,NA,soil
GCF_028622595.1_ASM2862259v1,Grus grus,NA
GCF_029847455.2_ASM2984745v2,NA,NA
GCF_028416695.1_ASM2841669v1,NA,Pate collected as part of botulism investigation
GCF_022405495.1_ASM2240549v1,Homo sapiens,NA
GCF_024158105.2_ASM2415810v2,Homo sapiens,tongue coating
GCF_033860475.1_ASM3386047v1,Homo sapiens,patient
GCF_028750055.1_ASM2875005v1,Thlaspi arvense,leaf tissue
GCF_003595625.1_ASM359562v1,NA,Manure compost
GCF_024918755.1_ASM2491875v1,Homo sapiens,blood
GCF_017584165.1_ASM1758416v1,Raspberry,NA
GCF_004126515.1_ASM412651v1,NA,Hypersaline Lake
GCF_001913235.1_ASM191323v1,Actinidia chinensis,Research orchard
GCF_037055275.1_ASM3705527v1,NA,Leaf wash from mixed-leaf salad
GCF_029773525.1_ASM2977352v1,Homo sapiens,plasma
GCF_030708135.1_ASM3070813v1,NA,human
GCF_032375085.1_ASM3237508v1,NA,NA
GCF_034341085.2_ASM3434108v2,Homo sapiens,hospital
GCF_021166415.1_ASM2116641v1,Homo sapiens,laboratory mutant of 6535
GCF_017298675.1_ASM1729867v1,NA,Clone isolated from the evolution experiment described in Ketola et al. 2013 (doi: 10.1111/evo.12148)
GCF_037039485.1_Pantoea_dispersa_MLY101,Nicotiana tabacum L.,Diseased tobacco leaves.
GCF_024665635.1_ASM2466563v1,Homo sapiens,NA
GCF_001618325.1_ASM161832v1,Homo sapiens,NA
GCF_019395145.1_ASM1939514v1,NA,gold and copper mining soil
GCF_015910205.1_ASM1591020v1,NA,Sewage water
GCF_004332035.1_ASM433203v1,cow,Heifers
GCF_009769185.1_ASM976918v1,Gallus gallus,NA
GCF_017815715.1_ASM1781571v1,Homo sapiens,sputum
GCF_002216125.1_ASM221612v1,NA,Korean fermented food
GCF_019916025.1_ASM1991602v1,NA,soil
GCF_006094395.1_ASM609439v1,NA,NA
GCF_013426915.1_ASM1342691v1,Physopelta gutta,Midgut crypts of stink bug Physopelta gutta
GCF_900698955.1_ErCilaricifoliae_v1.0,Cinara laricifoliae,host's whole body
GCF_038442415.1_CIRI-F18-02,cat,urine
GCF_006385635.1_ASM638563v1,Homo sapiens,feces
GCF_016350105.1_ASM1635010v1,Homo sapiens,blood
GCF_007923965.2_ASM792396v2,NA,chicken
GCF_000755145.1_ASM75514v1,NA,NA
GCF_019048925.1_ASM1904892v1,NA,oil-contaminated water
GCF_004919165.1_ASM491916v1,Homo sapiens,NA
GCF_023375525.1_ASM2337552v1,Homo sapiens,fecal sample
GCF_024426665.1_ASM2442666v1,Homo sapiens,urine
GCF_019046925.1_ASM1904692v1,NA,NA
GCF_024225755.1_ASM2422575v1,Gallus gallus domesticus,pooled poultry feces
GCF_016406445.1_ASM1640644v1,Homo sapiens,rectal swab
GCF_000410515.1_ASM41051v1,NA,NA
GCF_020271725.1_ASM2027172v1,NA,a feces sample of chicken origin
GCF_002164865.2_ASM216486v2,Homo sapiens,NA
GCF_013341435.1_ASM1334143v1,Homo sapiens,urine specimens
GCF_015697745.1_ASM1569774v1,Homo sapiens,stool
GCF_021559875.1_ASM2155987v1,Homo sapiens,urine
GCF_037930425.1_ASM3793042v1,Homo sapiens,NA
GCF_013738135.1_ASM1373813v1,NA,Freshwater sample from downstream of wastewater treatment plant
GCF_024380035.1_ASM2438003v1,NA,soil
GCF_009650335.1_ASM965033v1,NA,environment swab
GCF_020138755.1_ASM2013875v1,NA,Feces; FP
GCF_028610225.1_ASM2861022v1,Tenebrio molitor,Feces of Tenebrio molitor larvale
GCF_012944055.1_ASM1294405v1,NA,blood
GCF_003860325.1_ASM386032v1,NA,Poland; Warsaw area
GCF_021165995.1_ASM2116599v1,NA,soil
GCF_022809755.1_ASM2280975v1,kefir grains,NA
GCF_900607255.1_BPH2019,Homo sapiens,Blood Culture
GCF_002277895.1_ASM227789v1,NA,agricultural soil
GCF_040737135.1_Sc1365673,Homo sapiens,blood
GCF_007995175.1_ASM799517v1,NA,feces
GCF_002633865.1_ASM263386v1,NA,environmental swab sponge bakery hallway
GCF_019856255.1_ASM1985625v1,NA,soil
GCF_023823895.1_ASM2382389v1,NA,soil
GCF_018884285.1_ASM1888428v1,Homo sapiens,stool
GCF_025642475.1_ASM2564247v1,Homo sapiens,urethal swab
GCF_009708835.1_ASM970883v1,Salmo salar,NA
GCF_003812505.1_ASM381250v1,Homo sapiens,NA
GCF_903993005.2_AI3000v1_cp,Homo sapiens,Hospital Univeristario de Bellvitge (Barcelona)
GCF_015190655.1_ASM1519065v1,Homo sapiens,Tibetan
GCF_013267675.1_ASM1326767v1,Homo sapiens,expectorated sputum
GCF_026427355.1_ASM2642735v1,NA,chemical plant
GCF_030994565.1_ASM3099456v1,Anadara tuberculosa,mud
GCF_016026915.1_ASM1602691v1,NA,NA
GCF_002310655.1_ASM231065v1,canine,NA
GCF_013459415.1_ASM1345941v1,NA,mine sediment
GCF_017654485.1_ASM1765448v1,Marmota himalayana,NA
GCF_020911845.1_ASM2091184v1,NA,Antibiotic contaminated soil
GCF_004119955.1_ASM411995v1,Homo sapiens,sputum
GCF_013201645.1_ASM1320164v1,Macaca silenus,feces
GCF_016904095.1_ASM1690409v1,Homo sapiens,NA
GCF_002903025.1_ASM290302v1,NA,NA
GCF_001543995.1_ASM154399v1,Homo sapiens,sputum
GCF_017742815.1_ASM1774281v1,Phaseolus vulgaris,NA
GCF_003073315.1_ASM307331v1,NA,NA
GCF_000146185.1_ASM14618v1,NA,NA
GCF_002000645.1_ASM200064v1,Homo sapiens,Pus left axilla
GCF_014705785.1_ASM1470578v1,NA,urine
GCF_029748815.1_ASM2974881v1,Homo sapiens,NA
GCF_000412265.2_ASM41226v2,NA,soil
GCF_024746795.1_ASM2474679v1,Astragalus sp.,root nodule
GCF_013137955.1_ASM1313795v1,NA,Doubanjiang
GCF_017096365.2_ASM1709636v2,Homo sapiens,blood
GCF_030012845.1_ASM3001284v1,Camelus dromedarius,Nose
GCF_013378235.1_ASM1337823v1,dog,urine
GCF_000832745.1_ASM83274v1,NA,Bovine
GCF_005082145.1_ASM508214v1,Aphis craccivora,air
GCF_903993105.2_AI2765v1_cp,Homo sapiens,Hospital Univeristario de Bellvitge (Barcelona)
GCF_012689525.1_ASM1268952v1,NA,Alpine forest soil
GCF_040735615.1_ASM4073561v1,Homo sapiens,Catheter
GCF_003067765.2_ASM306776v2,NA,Pond
GCF_030389945.1_ASM3038994v1,NA,NA
GCF_002812345.2_ASM281234v2,Homo sapiens,tissue obtained from patient with prosthetic joint infection
GCF_021310975.1_ASM2131097v1,Blueberry,Tumor tissue
GCF_040357515.1_ASM4035751v1,Homo sapiens,NA
GCF_040736845.1_Sc1365688,Homo sapiens,blood
GCF_004923395.1_ASM492339v1,Homo sapiens,Stools
GCF_005671355.1_ASM567135v1,Homo sapiens,blood
GCF_904866425.1_INF065,Homo sapiens,urine
GCF_023657635.1_ASM2365763v1,Canis lupus familiaris,NA
GCF_030285565.1_ASM3028556v1,Bos taurus,feces
GCF_032709665.1_ASM3270966v1,swine,NA
GCF_012934985.1_ASM1293498v1,Homo sapiens,sputum
GCF_030178455.1_ASM3017845v1,Micropterus salmoides,liver;spleen and kidney
GCF_009873355.1_ASM987335v1,Homo sapiens,stool
GCF_020138535.1_ASM2013853v1,NA,Feces; FP
GCF_003718635.1_ASM371863v1,NA,NA
GCF_009914415.1_ASM991441v1,cow,cow feces
GCF_039613865.1_ASM3961386v1,Homo sapiens,NA
GCF_016406625.1_ASM1640662v1,Homo sapiens,NA
GCF_022869905.1_ASM2286990v1,NA,NA
GCF_014075795.1_ASM1407579v1,broiler chicken,NA
GCF_006777045.1_ASM677704v1,Homo sapiens,urine from healthy adult with cystitis
GCF_002849695.1_ASM284969v1,Homo sapiens,Wound
GCF_025398875.1_ASM2539887v1,NA,Freshwater pond
GCF_904866445.1_INF305,Homo sapiens,wound swab
GCF_036345995.1_ASM3634599v1,NA,soil
GCF_000834335.1_ASM83433v1,Homo sapiens,human
GCF_023658085.1_ASM2365808v1,Homo sapiens,NA
GCF_001708575.1_ASM170857v1,NA,Swiss alpine Ibex feces
GCF_022810805.1_ASM2281080v1,Rhodnius prolixus,feces
GCF_019334465.1_ASM1933446v1,NA,urine
GCF_005221945.1_ASM522194v1,NA,cattle
GCF_900235835.1_CFBP3846,NA,NA
GCF_040315025.1_LA52,NA,Surfaces - hospitalization
GCF_032598745.1_ASM3259874v1,NA,Cereal-based food (noodle) for infant
GCF_009709395.1_ASM970939v1,Salmo salar,NA
GCF_949789215.1_HIS2824_genome,NA,bacterial strain isolated from sardine
GCF_008274905.1_ASM827490v1,NA,soil
GCF_040436435.1_ASM4043643v1,Homo sapiens,NA
GCF_019603315.1_ASM1960331v1,NA,deep sea cold seep
GCF_915401705.1_2019-04-27799-1-2,Canis lupus familiaris,Intestine
GCF_017815575.1_ASM1781557v1,NA,NA
GCF_001653795.1_ASM165379v1,NA,forest soil
GCF_020023425.1_ASM2002342v1,NA,feces
GCF_003432345.1_ASM343234v1,swine,nasal swab
GCF_033631205.1_ASM3363120v1,NA,Starter Culture
GCF_026802115.1_ASM2680211v1,NA,sediment
GCF_030708355.1_ASM3070835v1,tick,NA
GCF_030848165.1_ASM3084816v1,Cat,urine
GCF_025960325.1_ASM2596032v1,Solanum lycopersicum,Tomato (Solanum lycopersicum) cultivar KnowYou301 rhizosphere
GCF_013113735.1_ASM1311373v1,Malus prunifolia (crab apple),NA
GCF_002116955.1_ASM211695v1,NA,kimchi
GCF_020097755.1_ASM2009775v1,Homo sapiens,blood
GCF_001865535.1_ASM186553v1,NA,pork
GCF_021249405.1_ASM2124940v1,NA,sediment
GCF_030028395.1_ASM3002839v1,NA,Soybean paste
GCF_029713945.1_ASM2971394v1,Homo sapiens,NA
GCF_001901215.1_ASM190121v1,mouse,feces
GCF_023158915.1_ASM2315891v1,Homo sapiens,skin
GCF_019823835.1_ASM1982383v1,Homo sapiens,blood
GCF_003071545.1_ASM307154v1,NA,wild bird
GCF_037919795.1_ASM3791979v1,Dog,NA
GCF_020990605.1_ASM2099060v1,NA,plant tissue
GCF_024347715.1_ASM2434771v1,NA,NA
GCF_022691465.1_ASM2269146v1,Homo sapiens,Rectum
GCF_034428235.1_ASM3442823v1,Scophthalmus maximus,intestinal tract of diseased ultured adult turbot from a factory breeding base
GCF_002591665.3_ASM259166v3,Juglans regia,graft union
GCF_019330165.1_ASM1933016v1,Homo sapiens,NA
GCF_000230555.1_ASM23055v1,NA,NA
GCF_026625085.1_ASM2662508v1,NA,Red Topaz apple blossom from from Strickhof; Wuelflingen. Source trees not treated with conventional pesticides.
GCF_014692735.1_ASM1469273v1,NA,soil
GCF_028623125.1_ASM2862312v1,Homo sapiens,feet
GCF_027943645.1_ASM2794364v1,NA,NA
GCF_036884385.1_ASM3688438v1,Homo sapiens,stool
GCF_021391555.1_ASM2139155v1,NA,pig manure
GCF_015286225.1_ASM1528622v1,NA,Human fecal samples
GCF_037023145.1_RRA.1,NA,Cupriavidus necator cultures
GCF_002173675.1_ASM217367v1,NA,food
GCF_005222325.1_ASM522232v1,NA,cattle
GCF_017751245.1_ASM1775124v1,NA,soil
GCF_009709015.1_ASM970901v1,Salmo salar,NA
GCF_018279805.1_ASM1827980v1,Homo sapiens,feces
GCF_022870605.1_ASM2287060v1,NA,NA
GCF_024583155.1_ASM2458315v1,NA,vegetable
GCF_013282335.1_ASM1328233v1,NA,surface water
GCF_015689095.1_ASM1568909v1,Medicago sativa subsp. varia (Martyn) Arcang,nodules
GCF_016801655.1_ASM1680165v1,NA,NA
GCF_963853385.1_ASM96385338v1,NA,NA
GCF_034809525.1_ASM3480952v1,Gallas gallas domesticus,Skin of a broiler
GCF_016924995.1_ASM1692499v1,NA,soil
GCF_029541825.1_ASM2954182v1,Milk,NA
GCF_000025285.1_ASM2528v1,NA,NA
GCF_000144955.2_ASM14495v2,NA,NA
GCF_025171315.2_ASM2517131v2,Homo sapiens,urethal swab
GCF_025985405.1_ASM2598540v1,Bovine,NA
GCF_001596075.2_ASM159607v2,Homo sapiens,Urine from hospitalized patient
GCF_027239995.1_ASM2723999v1,Homo sapiens,oral sawb
GCF_034119945.1_ASM3411994v1,Homo sapiens,sputum
GCF_035621195.1_ASM3562119v1,Homo sapiens,urine
GCF_002312985.1_ASM231298v1,NA,chicken
GCF_002007725.1_ASM200772v1,Gallus gallus,cloacal swab
GCF_000013465.1_ASM1346v1,NA,NA
GCF_005221345.1_ASM522134v1,NA,NA
GCF_020342335.1_ASM2034233v1,Lolium perenne,Shoot
GCF_004141875.1_ASM414187v1,NA,food
GCF_020885715.1_ASM2088571v1,Homo sapiens,feces
GCF_002075105.1_ASM207510v1,NA,natually fermented tofu whey
GCF_030705325.2_ASM3070532v2,Cinnamomum camphora,bark
GCF_023038235.1_ASM2303823v1,NA,rhizosphere soil
GCF_018516925.1_ASM1851692v1,Homo sapiens,Rectal swab
GCF_024532195.1_ASM2453219v1,GWG,Poyang Lake
GCF_002006215.2_ASM200621v2,NA,NA
GCF_013745755.1_ASM1374575v1,NA,Freshwater sample from upstream of wastewater treatment plant
GCF_037888915.1_ASM3788891v1,Homo sapiens,NA
GCF_016919505.2_ASM1691950v2,Homo sapiens,NA
GCF_028736035.1_ASM2873603v1,NA,ISP2
GCF_001623765.2_ASM162376v2,Bovine,ground beef
GCF_013732655.1_ASM1373265v1,NA,Wastewater influent sample
GCF_021496445.1_ASM2149644v1,Homo sapiens,urine
GCF_029866425.1_ASM2986642v1,NA,sediment
GCF_029916885.1_ASM2991688v1,calf,NA
GCF_020525905.1_ASM2052590v1,Water,NA
GCF_012851115.1_ASM1285111v1,Homo sapiens,puncture fluid
GCF_964049185.1_30859_5_32,NA,NA
GCF_016745355.1_ASM1674535v1,Homo sapiens,NA
GCF_024758045.1_ASM2475804v1,Homo sapiens,NA
GCF_030036675.1_ASM3003667v1,NA,environmental: river near WWTP effluent
GCF_014236795.1_ASM1423679v1,Camellia sinensis,NA
GCF_007922655.1_ASM792265v1,Homo sapiens,feces
GCF_002753055.1_ASM275305v1,Homo sapiens,cerebrospinal fluid
GCF_002128325.1_ASM212832v1,NA,Meat
GCF_003522885.1_ASM352288v1,Homo sapiens,wound
GCF_009363175.1_ASM936317v1,Homo sapiens,rectum
GCF_037501685.1_ASM3750168v1,Homo sapiens,NA
GCF_013805705.1_ASM1380570v1,NA,Pooled cattle faecal samples collected from floor of farm
GCF_000258145.1_ASM25814v1,NA,NA
GCF_029392135.1_ASM2939213v1,Melipona lateralis,Rain forest
GCF_036010505.1_ASM3601050v1,NA,NA
GCF_036287825.1_ASM3628782v1,Homo sapiens,rectal swab
GCF_020985265.1_ASM2098526v1,Free-range White-tailed deer,Cecal
GCF_020885575.1_ASM2088557v1,NA,soil
GCF_016728085.1_ASM1672808v1,NA,NA
GCF_030011595.1_ASM3001159v1,NA,meat
GCF_002796545.1_ASM279654v1,NA,Soil
GCF_000021865.1_ASM2186v1,NA,NA
GCF_002949535.1_ASM294953v1,NA,NA
GCF_017898005.1_ASM1789800v1,Homo sapiens,blood
GCF_000828915.1_ASM82891v1,NA,Water
GCF_036324345.1_ASM3632434v1,NA,doenjang-meju
GCF_001693635.1_ASM169363v1,Homo sapiens,feces
GCF_000010085.1_ASM1008v1,Glossina morsitans morsitans,isolated from secondary symbiont of Glossina morsitans morsitans
GCF_001469735.1_ASM146973v1,NA,seawater
GCF_023523545.1_ASM2352354v1,NA,feces
GCF_000015525.1_ASM1552v1,NA,NA
GCF_012273555.1_ASM1227355v1,Homo sapiens,clinical isolate
GCF_033242065.1_ASM3324206v1,Homo sapiens,rectal swab
GCF_030866865.1_ASM3086686v1,Homo sapiens,Pus
GCF_023101325.1_ASM2310132v1,NA,soils
GCF_029201485.1_ASM2920148v1,Homo sapiens,urine
GCF_005144985.1_ASM514498v1,Homo sapiens,NA
GCF_004798765.1_ASM479876v1,NA,food
GCF_033095825.1_ASM3309582v1,Aedes aegypti,larvae gut
GCF_016071375.1_ASM1607137v1,Mink,NR
GCF_013636415.1_ASM1363641v1,NA,Pooled cattle faecal samples collected from floor of farm
GCF_030294405.1_ASM3029440v1,NA,cheese
GCF_013727235.1_ASM1372723v1,NA,Wastewater influent sample
GCF_007954565.1_ASM795456v1,NA,kimchi
GCF_007990545.2_ASM799054v2,NA,Saliva of a healthy person
GCF_036014235.1_ASM3601423v1,NA,NA
GCF_022453845.1_ASM2245384v1,Hippocampus kuda,aquarium water
GCF_009708235.1_ASM970823v1,Oncorhynchus kisutch,NA
GCF_009769205.1_ASM976920v1,Gallus gallus,NA
GCF_017357825.1_ASM1735782v1,NA,lake water
GCF_010669265.1_ASM1066926v1,Homo sapiens,blood
GCF_016772555.1_ASM1677255v1,Homo sapiens,blood
GCF_004135085.1_ASM413508v1,dog,brown poodle feces
GCF_037903545.1_ASM3790354v1,Homo sapiens,NA
GCF_017348915.1_ASM1734891v1,Homo sapiens,sputum
GCF_001641025.1_ASM164102v1,Homo sapiens,blood
GCF_022870465.1_ASM2287046v1,NA,wound
GCF_001188775.1_ASM118877v1,NA,NA
GCF_000006965.1_ASM696v1,NA,NA
GCF_030438275.1_ASM3043827v1,NA,NA
GCF_033401435.1_ASM3340143v1,NA,NA
GCF_020640975.1_ASM2064097v1,Homo sapiens,bile
GCF_024347575.1_ASM2434757v1,NA,NA
GCF_015190465.1_ASM1519046v1,NA,probitic products
GCF_016903815.1_ASM1690381v1,Homo sapiens,NA
GCF_964084915.1_Lactiplantibacillus_plantarum_ATCC14431,NA,NA
GCF_013743935.1_ASM1374393v1,NA,Wastewater influent sample
GCF_009912755.1_ASM991275v1,Homo sapiens,NA
GCF_030847785.1_ASM3084778v1,Homo sapiens,upper respiratory tract
GCF_030505635.1_ASM3050563v1,Oryza sativa,ENVO:00002160
GCF_019468645.1_ASM1946864v1,NA,food
GCF_040361795.1_ASM4036179v1,NA,breast puncture fluid
GCF_003627055.1_ASM362705v1,Protaetia brevitarsis seulensis,larvae
GCF_023206635.1_ASM2320663v1,NA,laboratory evolution
GCF_001679705.1_ASM167970v1,NA,bovine rumen
GCF_035761185.1_ASM3576118v1,NA,NA
GCF_032613195.1_ASM3261319v1,Roots of Beta vulgaris; variety Pablo,Greenhous Agroscope Waedenswil
GCF_020905895.1_ASM2090589v1,Skeletonema costatum,estuarine water [ENVO:01000301]
GCF_001579765.1_ASM157976v1,equine,NA
GCF_002204915.1_ASM220491v1,Mya arenaria oonogai Makiyama,NA
GCF_025642415.1_ASM2564241v1,Homo sapiens,urethal swab
GCF_024930265.1_ASM2493026v1,tea plant,NA
GCF_028225915.1_ASM2822591v1,Homo sapiens,sputum
GCF_002814115.1_ASM281411v1,NA,Dog with mastitis
GCF_025913715.1_ASM2591371v1,NA,sputum
GCF_031852275.1_ASM3185227v1,NA,lake
GCF_018141545.1_ASM1814154v1,NA,marine sediment
GCF_001902475.1_ASM190247v1,Homo sapiens,blood specimen
GCF_013736155.1_ASM1373615v1,NA,Wastewater influent sample
GCF_021559815.1_ASM2155981v1,Homo sapiens,urine
GCF_003013315.1_ASM301331v1,Sporobolus anglicus,area of Zhangpu Yanchang (Fujian Province; P.R. of China)
GCF_003597675.1_ASM359767v1,Rosa,NA
GCF_018798905.1_ASM1879890v1,Homo sapiens,Penile discharge
GCF_020138735.1_ASM2013873v1,NA,Roast beef
GCF_024380055.1_ASM2438005v1,NA,rhizosphere soil
GCF_015284925.1_ASM1528492v1,NA,Human fecal samples
GCF_023734295.1_ASM2373429v1,NA,starter culture
GCF_006337025.1_ASM633702v1,Homo sapiens,blood
GCF_002872455.1_ASM287245v1,Gallus gallus,NA
GCF_001644685.1_ASM164468v1,NA,waste sludge of a brewery plant
GCF_005221545.1_ASM522154v1,NA,cattle
GCF_013797615.1_ASM1379761v1,NA,Wastewater influent sample
GCF_005952885.1_ASM595288v1,Homo sapiens,NA
GCF_031884435.1_ASM3188443v1,Astragalus umbellatus,root nodule
GCF_001650275.1_ASM165027v1,Homo sapiens,fecal sample
GCF_040368535.1_WHO_X_2024,Homo sapiens,Urogenital
GCF_020423225.1_ASM2042322v1,NA,Rectal swab of live bovine cattle
GCF_000215895.1_ASM21589v1,NA,NA
GCF_036346615.1_ASM3634661v1,NA,soil
GCF_002163605.1_ASM216360v1,NA,NA
GCF_019823805.1_ASM1982380v1,Homo sapiens,blood
GCF_020991085.1_ASM2099108v1,NA,human skin swab
GCF_037888925.1_ASM3788892v1,Homo sapiens,NA
GCF_037918115.1_ASM3791811v1,Dog,NA
GCF_029492705.2_ASM2949270v2,pig,lung sample of a healthy pig
GCF_015910265.1_ASM1591026v1,NA,urine
GCF_004120055.1_ASM412005v1,Homo sapiens,urine
GCF_036101175.1_ASM3610117v1,NA,soil
GCF_022670675.1_ASM2267067v1,Homo sapiens,NA
GCF_004332535.2_ASM433253v2,Homo sapiens,Clinical sample: throat
GCF_020177155.3_ASM2017715v3,Homo sapiens,blood
GCF_035593345.1_ASM3559334v1,NA,soil
GCF_029762475.1_ASM2976247v1,NA,The strain was isolated from Guangdong Province; China in 2020-12
GCF_024918735.1_ASM2491873v1,Homo sapiens,blood
GCF_034480035.2_ASM3448003v2,Ovis aries,Ovine rumen
GCF_904129595.1_S.Tm_LT2p22_assembled,NA,NA
GCF_029773545.1_ASM2977354v1,Homo sapiens,plasma
GCF_030708155.1_ASM3070815v1,NA,human
GCF_031583165.1_ASM3158316v1,NA,Pickled asparagus
GCF_033258285.1_ASM3325828v1,Homo sapiens,NA
GCF_038442725.1_ASM3844272v1,Homo sapiens,blood
GCF_016406425.1_ASM1640642v1,Homo sapiens,rectal swab
GCF_011404895.1_ASM1140489v1,Homo sapiens,human stool
GCF_016070795.1_ASM1607079v1,NA,NA
GCF_023025805.1_ASM2302580v1,Homo sapiens,bloodstream specimen
GCF_006384195.1_ASM638419v1,Homo sapiens,feces
GCF_014075595.1_ASM1407559v1,broiler chicken,NA
GCF_018324045.1_ASM1832404v1,NA,NA
GCF_013341455.1_ASM1334145v1,Homo sapiens,urine specimens
GCF_014717935.1_ASM1471793v1,Homo sapiens,blood
GCF_023658285.1_ASM2365828v1,Canis lupus familiaris,NA
GCF_002531755.2_ASM253175v2,Phaseolus vulgaris,root nodule
GCF_019048945.1_ASM1904894v1,Cotton,root
GCF_023375545.1_ASM2337554v1,Homo sapiens,fecal sample
GCF_019857485.1_ASM1985748v1,Homo sapiens,NA
GCF_915401765.1_2019-04-28370-1-5,Canis lupus familiaris,Intestine
GCF_019585545.2_STEC2,NA,Spinach
GCF_005844005.1_ASM584400v1,NA,anaerobic environments
GCF_016807805.1_ASM1680780v1,NA,active sludge
GCF_903995545.1_Xanthomonas_sp._CPBF_237_hybrid_assembly,NA,NA
GCF_000298375.2_ASM29837v2,Amazona sp.,lungs of a diseased parakeet
GCF_000091405.1_ASM9140v1,NA,NA
GCF_001900635.1_ASM190063v1,dog,NA
GCF_030295285.1_ASM3029528v1,Homo sapiens,Acne pustule
GCF_022869965.1_ASM2286996v1,NA,NA
GCF_034078685.1_ASM3407868v1,NA,soil
GCF_003433375.1_ASM343337v1,NA,Baechu-kimchi
GCF_025398815.1_ASM2539881v1,pig,NA
GCF_038363105.1_ASM3836310v1,NA,NA
GCF_000511305.1_ASM51130v1,NA,NA
GCF_020023445.1_ASM2002344v1,swine,NA
GCF_023920005.1_ASM2392000v1,Homo sapiens,NA
GCF_003522705.1_ASM352270v1,Homo sapiens,Bronchial fluid
GCF_030127065.1_ASM3012706v1,Duck,NA
GCF_013113755.1_ASM1311375v1,Carrot,NA
GCF_030708335.1_ASM3070833v1,NA,human
GCF_005080685.1_ASM508068v1,Pyrus communis 'Williams',pear phyllosphere
GCF_005280755.1_ASM528075v1,Dermacentor andersoni,NA
GCF_009708435.1_ASM970843v1,Oncorhynchus kisutch,NA
GCF_024721175.1_ASM2472117v1,Phaseolus vulgaris,NA
GCF_001690055.1_ASM169005v1,Bos taurus,Bovine Organ
GCF_024665435.1_ASM2466543v1,Homo sapiens,NA
GCF_019603375.1_ASM1960337v1,Homo sapiens,blood
GCF_022559855.1_ASM2255985v1,Homo sapiens,rectal swab
GCF_021899855.1_ASM2189985v1,NA,Retail chicken
GCF_013378255.1_ASM1337825v1,dog,tracheal aspirate
GCF_030442105.2_ASM3044210v2,Homo sapiens,NA
GCF_013267475.1_ASM1326747v1,NA,NA
GCF_003073695.1_ASM307369v1,NA,NA
GCF_030389925.1_ASM3038992v1,NA,NA
GCF_007182855.1_ASM718285v1,NA,NA
GCF_012689545.1_ASM1268954v1,NA,NA
GCF_000219805.1_ASM21980v1,NA,kimchi
GCF_002011985.1_ASM201198v1,Homo sapiens,NA
GCF_021713095.1_ASM2171309v1,Homo sapiens,NA
GCF_003966855.1_ASM396685v1,NA,Japanese peer
GCF_001445575.1_ASM144557v1,NA,glacial stream water
GCF_012050905.1_ASM1205090v1,Homo sapiens,Diarrheal patient
GCF_016904295.1_ASM1690429v1,Homo sapiens,NA
GCF_040400385.1_WHO_N_2024,Homo sapiens,Urogenital
GCF_002591075.1_ASM259107v1,Homo sapiens,Urine
GCF_038396395.1_ASM3839639v1,NA,river water
GCF_028553765.1_ASM2855376v1,NA,isolated from the reef-building coral Stylophora pistillata
GCF_031216605.1_ASM3121660v1,Homo sapiens,hospital
GCF_030012825.1_ASM3001282v1,Camelus dromedarius,Nose
GCF_040571335.1_MRSN100690,Homo sapiens,sputum
GCF_006517815.1_ASM651781v1,NA,coal mine soil
GCF_038024175.1_ASM3802417v1,NA,soil
GCF_030285505.1_ASM3028550v1,Coturnix coturnix,feces
GCF_034066105.1_ASM3406610v1,Homo sapiens,Endotracheal tube discharge
GCF_025558965.1_ASM2555896v1,Camel,Ear swab
GCF_028884875.1_ASM2888487v1,Homo sapiens,NA
GCF_003812085.1_ASM381208v1,Homo sapiens,UCC isolate
GCF_029677705.1_ASM2967770v1,Ibex,NA
GCF_009363775.1_ASM936377v1,NA,Surface of a polyethylene microplastic particle present in tank 6 of a marine aquarium containing stony-coral fragments and water maintained at 26 degree C
GCF_018255835.1_ASM1825583v1,NA,pig feces
GCF_020138555.1_ASM2013855v1,NA,Pork casserole; FP
GCF_000764535.1_ASM76453v1,NA,NA
GCF_004136175.1_ASM413617v1,Homo sapiens,stool
GCF_037505185.1_ASM3750518v1,Homo sapiens,NA
GCF_018771545.1_ASM1877154v1,Homo sapiens,Skin swab
GCF_014495765.1_ASM1449576v1,Homo sapiens,rectal swab
GCF_018884085.1_ASM1888408v1,Homo sapiens,Dyalisis liquid
GCF_035919645.1_ASM3591964v1,patient,blood
GCF_002012065.1_ASM201206v1,Homo sapiens,NA
GCF_025913575.1_ASM2591357v1,NA,Dafeng marine intertidal zone
GCF_023023665.1_ASM2302366v1,Homo sapiens,blood
GCF_023657655.1_ASM2365765v1,Canis lupus familiaris,NA
GCF_037482195.1_ASM3748219v1,NA,kimchi
GCF_031664795.1_ASM3166479v1,Homo sapiens,feces
GCF_025985345.1_ASM2598534v1,Bovine,NA
GCF_030264235.1_ASM3026423v1,NA,activated sludge
GCF_013740195.1_ASM1374019v1,NA,Freshwater sample from upstream of wastewater treatment plant
GCF_947090825.1_MM221,NA,NA
GCF_003024525.3_ASM302452v3,NA,Sewage
GCF_008931545.1_ASM893154v1,Homo sapiens,clinical sample
GCF_026185255.2_ASM2618525v2,Apis mellifera,NA
GCF_006364695.1_ASM636469v1,NIST Mixed Microbial RM strain,ATCC Isolate
GCF_018885325.1_ASM1888532v1,NA,vaginal secretions
GCF_040409925.1_ASM4040992v1,Camelus dromedarius,Nose
GCF_003956285.1_ASM395628v1,Homo sapiens,stool
GCF_001704615.3_ASM170461v3,NA,sewage
GCF_003032415.1_ASM303241v1,Homo sapiens,blood
GCF_002142695.1_ASM214269v1,Homo sapiens,urine
GCF_027947635.1_ASM2794763v1,NA,swine finishing facility waste
GCF_017165055.1_ASM1716505v1,NA,Bovine Faeces
GCF_019928625.2_ASM1992862v2,Homo sapiens,respiratory
GCF_003994575.1_ASM399457v1,Homo sapiens,hospital
GCF_030515495.1_ASM3051549v1,Homo sapiens,blood
GCF_000818095.1_ASM81809v1,NA,NA
GCF_040550665.1_ASM4055066v1,NA,hospital
GCF_040142595.1_MDR_L04,Homo sapiens,wound
GCF_023735355.1_ASM2373535v1,Homo sapiens,NA
GCF_002843525.1_ASM284352v1,NA,meat processing facility
GCF_002025645.1_ASM202564v1,Zea mays,root
GCF_029590395.1_ASM2959039v1,NA,mutton
GCF_008935055.1_ASM893505v1,Bovine,rumen
GCF_020097015.1_ASM2009701v1,NA,nasal cavities of a calf
GCF_002222575.1_ASM222257v1,Homo sapiens,gastric mucasa
GCF_022760195.1_ASM2276019v1,NA,soil
GCF_022691325.1_ASM2269132v1,Homo sapiens,Nephrostomy
GCF_900660515.1_50766_E01-3,Bovine,Respiratory Tract
GCF_011045835.1_ASM1104583v1,NA,a nose swab sample of swine origin
GCF_016743815.1_ASM1674381v1,NA,pork steak
GCF_027594905.1_ASM2759490v1,Homo sapiens,NA
GCF_001281145.1_ASM128114v1,Homo sapiens,NA
GCF_030219405.1_ASM3021940v1,Taurus,milk
GCF_008121515.1_ASM812151v1,Homo sapiens,NA
GCF_029369685.1_ASM2936968v1,Wei Dai,feces
GCF_903989455.1_ASM90398945v1,NA,NA
GCF_003323835.1_ASM332383v1,NA,heavy metal polluted soil
GCF_012109355.1_ASM1210935v1,NA,kimchi
GCF_021137755.1_ASM2113775v1,Homo sapiens,NA
GCF_017161765.1_ASM1716176v1,Homo sapiens,NA
GCF_030908665.1_ASM3090866v1,NA,NA
GCF_006741845.1_ASM674184v1,NA,NA
GCF_001702155.1_ASM170215v1,NA,beer
GCF_021389995.1_ASM2138999v1,Homo sapiens,sputum
GCF_900639425.1_E7098_hybrid_assembly,NA,NA
GCF_011149675.1_ASM1114967v1,Homo sapiens,urine
GCF_001562295.1_ASM156229v1,NA,seawater
GCF_000723425.2_E11,NA,NA
GCF_039637115.1_ASM3963711v1,NA,NA
GCF_017639045.1_ASM1763904v1,NA,imported food: chilli pepper
GCF_016801375.1_ASM1680137v1,Homo sapiens,blood
GCF_022220585.1_ASM2222058v1,NA,soil
GCF_029962125.1_ASM2996212v1,Homo sapiens,NA
GCF_003925895.1_ASM392589v1,Homo sapiens,NA
GCF_019803445.1_ASM1980344v1,NA,soil
GCF_005491085.2_ASM549108v2,NA,air
GCF_025813515.1_ASM2581351v1,Homo sapiens,NA
GCF_017161505.1_ASM1716150v1,Homo sapiens,fecal isolate from poultry farm worker
GCF_000764615.1_ASM76461v1,Homo sapiens,blood
GCF_002996665.1_ASM299666v1,NA,cow dung
GCF_001611975.1_ASM161197v1,Homo sapiens,NA
GCF_004115325.2_ASM411532v2,Homo sapiens,Abdominal ascites fluid
GCF_014839085.2_CFBP8785pac,Raphanus sativus,flower
GCF_001701835.2_ASM170183v2,Homo sapiens,Stool
GCF_003018915.1_ASM301891v1,Homo sapiens,NA
GCF_017474015.1_ASM1747401v1,Allium cepa,NA
GCF_023611845.1_ASM2361184v1,NA,plant
GCF_038367145.1_ASM3836714v1,NA,NA
GCF_020097275.1_ASM2009727v1,NA,NA
GCF_003571625.1_ASM357162v1,NA,NA
GCF_031218175.1_ASM3121817v1,Homo sapiens,hospital
GCF_000224675.1_ASM22467v1,NA,not provided; submitted under MIGS 2.1
GCF_022404755.1_ASM2240475v1,Homo sapiens,NA
GCF_024917495.1_ASM2491749v1,Homo sapiens,blood
GCF_029580675.1_ASM2958067v1,NA,Hospital wastewater
GCF_014170615.1_ASM1417061v1,Turkey,NA
GCF_021498165.1_ASM2149816v1,Homo sapiens,bone infection of foot
GCF_029591745.1_ASM2959174v1,Homo sapiens,NA
GCF_004103515.1_ASM410351v1,NA,food
GCF_029607405.2_ASM2960740v2,Neoaliturus haematoceps,NA
GCF_000223375.1_ASM22337v1,NA,NA
GCF_000245515.1_ASM24551v1,Homo sapiens,urine from child < 5 years old
GCF_036226825.1_ASM3622682v1,NA,soil
GCF_025808315.1_ASM2580831v1,NA,Chicken meat
GCF_017165235.1_ASM1716523v1,NA,Bovine Faeces
GCF_015135355.1_ASM1513535v1,NA,sewage
GCF_907163175.1_AUSMDU00004549,Homo sapiens,feces
GCF_003354925.1_ASM335492v1,Homo sapiens,nares
GCF_032352615.1_ASM3235261v1,Homo sapiens,NA
GCF_028893235.1_ASM2889323v1,Bos taurus,Large intestine
GCF_008369785.1_ASM836978v1,Lutjanus guttatus (Rose snapper),NA
GCF_033441615.1_ASM3344161v1,Pelargonium x hortorum,NA
GCF_018436245.1_ASM1843624v1,Bos taurus,lymph nodes
GCF_024399875.1_ASM2439987v1,Homo sapiens,stool from infant
GCF_001932935.1_ASM193293v1,Salmo salar,Liver
GCF_019428465.1_ASM1942846v1,NA,NA
GCF_020405265.1_ASM2040526v1,Homo sapiens,NA
GCF_003018095.1_ASM301809v1,Homo sapiens,stool
GCF_024083765.1_ASM2408376v1,Homo sapiens,patient
GCF_002950315.1_ASM295031v1,NA,NA
GCF_002234455.1_ASM223445v1,Homo sapiens,NA
GCF_008124225.1_ASM812422v1,NA,mouse gut
GCF_900128725.1_BCifornacula_v1.0,NA,whole body
GCF_003184325.1_ASM318432v1,Homo sapiens,feces
GCF_000063585.1_ASM6358v1,NA,NA
GCF_029855005.1_ASM2985500v1,Aesculus hippocastanum,NA
GCF_002197465.1_ASM219746v1,Medicago truncatula,NA
GCF_028869445.1_ASM2886944v1,Homo sapiens,NA
GCF_024730565.1_ASM2473056v1,NA,sheep meat
GCF_000310105.2_ASM31010v2,NA,seawater
GCF_025919765.1_ASM2591976v1,NA,soil
GCF_022921235.1_ASM2292123v1,Homo sapiens,gastric biopsy
GCF_001022155.1_ASM102215v1,Homo sapiens,Urine/Genitourinary
GCF_025917765.1_ASM2591776v1,Homo sapiens,Pus
GCF_039640395.1_YP_136,Ochotona,NA
GCF_019703145.1_ASM1970314v1,Homo sapiens,bile
GCF_002934585.1_ASM293458v1,NA,NA
GCF_037870175.1_ASM3787017v1,Homo sapiens,NA
GCF_003209315.1_ASM320931v1,NA,shrimp
GCF_900574125.1_EPIB_assembly_I,NA,NA
GCF_014961985.1_ASM1496198v1,NA,Cheonggukjang
GCF_020906255.1_ASM2090625v1,Skeletonema costatum,estuarine water [ENVO:01000301]
GCF_030717725.1_ASM3071772v1,Homo sapiens,feces
GCF_015832055.1_ASM1583205v1,Homo sapiens,NA
GCF_024749465.1_ASM2474946v1,Homo sapiens,NA
GCF_002572815.2_ASM257281v2,Homo sapiens,prostatic tissue
GCF_001548015.1_ASM154801v1,NA,NA
GCF_040550655.1_ASM4055065v1,NA,hospital
GCF_024918075.1_ASM2491807v1,Homo sapiens,blood
GCF_000465975.2_ASM46597v2,NA,environment
GCF_029717905.1_ASM2971790v1,NA,Pooled sediment sample collected from floor of pig farm
GCF_030166695.1_ASM3016669v1,piglet,feces
GCF_002850535.1_ASM285053v1,NA,sea mud
GCF_014131795.1_ASM1413179v1,Pig,NA
GCF_002831505.1_ASM283150v1,Moschus berezovskii,Zhenping ShaanXi
GCF_016406365.1_ASM1640636v1,Homo sapiens,rectal swab
GCF_000010765.1_ASM1076v1,NA,NA
GCF_030168695.1_ASM3016869v1,duck,NA
GCF_022221165.1_ASM2222116v1,NA,soil
GCF_025369895.1_ASM2536989v1,Homo sapiens,blood
GCF_024266895.1_ASM2426689v1,NA,soil
GCF_029277625.1_ASM2927762v1,NA,NA
GCF_023375205.1_ASM2337520v1,Sus scrofa domesticus,fecal sample
GCF_040409915.1_ASM4040991v1,Camelus dromedarius,Nose
GCF_002407265.1_ASM240726v1,NA,oil-contaminated sediment
GCF_002025045.1_ASM202504v1,Homo sapiens,rectal swab
GCF_016727325.1_ASM1672732v1,NA,NA
GCF_023167605.1_ASM2316760v1,Homo sapiens,NA
GCF_000007625.1_ASM762v1,NA,NA
GCF_015601345.1_ASM1560134v1,rice,plant tissue
GCF_023746555.1_ASM2374655v1,NA,Cow fecal
GCF_024734255.1_ASM2473425v1,NA,well water
GCF_022313395.1_ASM2231339v1,Homo sapiens,feces from healthy human
GCF_000017965.1_ASM1796v1,NA,NA
GCF_037414285.1_ASM3741428v1,NA,Styx glacier
GCF_021903275.1_ASM2190327v1,Triticum turgidum subsp. durum,NA
GCF_025642355.1_ASM2564235v1,Homo sapiens,urethal swab
GCF_019900345.2_ASM1990034v2,Bovine,Mastitis-milk
GCF_002762135.3_ASM276213v3,Sus scrofa domesticus,sick pig
GCF_035597335.1_ASM3559733v1,Homo sapiens,rectal swab
GCF_003051965.2_ASM305196v2,Homo sapiens,NA
GCF_029873555.1_ASM2987355v1,Nasonia vitripennis,whole pupae
GCF_000410995.1_ASM41099v1,pigs,healthy weaning piglets
GCF_038024695.1_WGS_using_MinION_R10.4.1_of_Staphylococcus_aureus_TUM22750,Homo sapiens,NA
GCF_039637345.1_ASM3963734v1,NA,NA
GCF_000026185.1_ASM2618v1,NA,NA
GCF_000020745.1_ASM2074v1,NA,NA
GCF_037024855.1_ASM3702485v1,Homo sapiens,NA
GCF_003956485.1_ASM395648v1,Homo sapiens,stool
GCF_007814275.1_ASM781427v1,NA,Buffalo milk
GCF_015571755.1_ASM1557175v1,Sus scrofa domesticus,feces
GCF_002759175.2_ASM275917v2,Phaseolus vulgaris,NA
GCF_017355605.1_ASM1735560v1,NA,mangrove mud
GCF_017798245.1_ASM1779824v1,NA,water
GCF_003296175.1_ASM329617v1,NA,ENVO:00002149
GCF_026062495.1_ASM2606249v1,NA,Soil contaminated by oil sludge
GCF_008931345.1_ASM893134v1,Homo sapiens,clinical sample
GCF_002852975.3_ASM285297v3,Homo sapiens,NA
GCF_014169975.1_ASM1416997v1,Homo sapiens,Rectal swab
GCF_037215885.1_ASM3721588v1,Homo sapiens,Sputum
GCF_001885235.1_ASM188523v1,NA,NA
GCF_022493095.1_ASM2249309v1,Homo sapiens,NA
GCF_003226735.1_ASM322673v1,Cryptocercus punctulatus,NA
GCF_026427475.1_ASM2642747v1,Homo sapiens,wound secretion
GCF_002951735.1_ASM295173v1,pig,stool
GCF_003018695.1_ASM301869v1,Homo sapiens,stool
GCF_016803875.1_ASM1680387v1,Homo sapiens,feces
GCF_037663955.1_ASM3766395v1,Chicken,NA
GCF_008124425.1_ASM812442v1,Homo sapiens,stool
GCF_021365465.1_ASM2136546v1,Cucurbita moschata,Infected agricultural plant
GCF_001566615.1_ASM156661v1,Homo sapiens,NA
GCF_028749825.1_ASM2874982v1,Brassica oleracea var. gemmifera,Symptomatic leaf tissue
GCF_013267335.1_ASM1326733v1,NA,NA
GCF_003240565.2_ASM324056v2,Rubus sp.,Aerial tumor
GCF_026427615.1_ASM2642761v1,Homo sapiens,blood
GCF_015571535.1_ASM1557153v1,Sus scrofa domesticus,feces
GCF_016413705.1_ASM1641370v1,Pteropus livingstonii,feces
GCF_001921925.1_ASM192192v1,NA,NA
GCF_003855355.1_ASM385535v1,Homo sapiens,urethra
GCF_038367175.1_ASM3836717v1,NA,NA
GCF_009295965.1_ASM929596v1,Spermophilus sp.,NA
GCF_013786205.1_ASM1378620v1,NA,Freshwater sample from downstream of wastewater treatment plant
GCF_021347605.1_ASM2134760v1,NA,hospital
GCF_002381305.1_ASM238130v1,NA,clam larvae aquaculture
GCF_007012305.1_ASM701230v1,Canis lupus familiaris,trach wash
GCF_037592355.1_ASM3759235v1,Dog,NA
GCF_000025565.1_ASM2556v1,NA,NA
GCF_002368255.1_ASM236825v1,NA,NA
GCF_009671025.1_ASM967102v1,NA,leaf
GCF_002893965.1_ASM289396v1,NA,soil
GCF_023167465.1_ASM2316746v1,NA,NA
GCF_025163575.1_ASM2516357v1,NA,CICC
GCF_003233675.1_ASM323367v1,NA,rice rhizosphere
GCF_023023125.1_ASM2302312v1,Homo sapiens,Secretion
GCF_014858895.1_ASM1485889v1,Homo sapiens,NA
GCF_015377585.1_ASM1537758v1,NA,probitic products
GCF_030552915.1_ASM3055291v1,Homo sapiens,urine
GCF_025642135.1_ASM2564213v1,NA,rhizosphere soil
GCF_030980095.1_ASM3098009v1,Flammulina filiformis,fruiting body
GCF_029277445.1_ASM2927744v1,NA,soil
GCF_026194135.2_ASM2619413v2,NA,Draining-Matting Conveyor
GCF_002024265.1_ASM202426v1,NA,local geographical source
GCF_032343715.1_ASM3234371v1,Homo sapiens,NA
GCF_030061955.1_ASM3006195v1,NA,blueberry
GCF_904830845.1_PA_No.365,NA,NA
GCF_000382965.1_ASM38296v1,NA,NA
GCF_000021805.1_ASM2180v1,NA,NA
GCF_024585845.1_ASM2458584v1,Pig,Rectal Swab
GCF_009892265.1_ASM989226v1,Homo sapiens,Peritoneal dialysis liquid
GCF_034265375.1_ASM3426537v1,NA,NA
GCF_001702045.2_ASM170204v2,Homo sapiens,Urine
GCF_014041955.1_ASM1404195v1,Homo sapiens,rectal swab
GCF_016406105.1_ASM1640610v1,NA,compost
GCF_038442205.1_ASM3844220v1,Homo sapiens,feces
GCF_000015545.1_ASM1554v1,NA,NA
GCF_000016625.1_ASM1662v1,NA,NA
GCF_022221305.1_ASM2222130v1,NA,soil
GCF_013305325.1_ASM1330532v1,Homo sapiens,Rectal swab
GCF_008369805.1_ASM836980v1,NA,kimchi
GCF_029773065.1_ASM2977306v1,Homo sapiens,plasma
GCF_023539285.1_ASM2353928v1,insect,gut
GCF_002157855.1_ASM215785v1,NA,Sediment top
GCF_020906035.1_ASM2090603v1,Skeletonema costatum,estuarine water [ENVO:01000301]
GCF_000576125.1_ASM57612v1,NA,NA
GCF_030717545.1_ASM3071754v1,Homo sapiens,sputum
GCF_016403085.1_ASM1640308v1,Homo sapiens,urine sample
GCF_009649915.1_ASM964991v1,flower,flower shop
GCF_024918215.1_ASM2491821v1,Homo sapiens,blood
GCF_034633995.1_ASM3463399v1,Medicago lupulina,NA
GCF_012219925.1_ASM1221992v1,NA,sewage from Environmental Centre Robert O. Picard
GCF_024749605.1_ASM2474960v1,Homo sapiens,NA
GCF_013836325.1_ASM1383632v1,NA,Pooled cattle faecal samples collected from floor of farm
GCF_001658005.1_ASM165800v1,NA,soil
GCF_003667765.1_ASM366776v1,NA,Red Sea lagoons-Mangrove Mud
GCF_015509285.1_ASM1550928v1,NA,NA
GCF_001887075.1_ASM188707v1,NA,chicken drumstick
GCF_000203955.1_ASM20395v1,NA,NA
GCF_025908435.1_ASM2590843v1,NA,pork
GCF_030931055.1_ASM3093105v1,Homo sapiens,BALF
GCF_022921055.1_ASM2292105v1,NA,air
GCF_011604505.1_ASM1160450v1,Trifolium pratense,Clover nodules
GCF_005889975.1_ASM588997v1,NA,stool
GCF_021166155.1_ASM2116615v1,Homo sapiens,NA
GCF_019703325.1_ASM1970332v1,Felis catus,NA
GCF_001703575.1_ASM170357v1,NA,poultry meat
GCF_022691345.1_ASM2269134v1,Homo sapiens,urine
GCF_040105165.1_ASM4010516v1,Homo sapiens,sputum
GCF_903989465.1_ASM90398946v1,NA,NA
GCF_036346105.1_ASM3634610v1,NA,soil
GCF_031036295.1_ASM3103629v1,Homo sapiens,stool
GCF_031192345.1_ASM3119234v1,Ictalurus furcatus,freshwater
GCF_017084505.1_ASM1708450v1,Homo sapiens,cerebrospinal fluid
GCF_022343125.1_ASM2234312v1,NA,water
GCF_011045855.1_ASM1104585v1,NA,a anal swab sample of swine origin
GCF_016743875.1_ASM1674387v1,NA,swine
GCF_027594965.1_ASM2759496v1,Homo sapiens,blood
GCF_028751195.1_ASM2875119v1,NA,acid mine drainage sediment
GCF_000521525.1_ASM52152v1,Myzus persicae (green peach aphid),greenhouse tobacco
GCF_020097075.1_ASM2009707v1,NA,skin of a pig
GCF_000008565.1_ASM856v1,NA,NA
GCF_024917695.1_ASM2491769v1,Homo sapiens,blood
GCF_003717735.1_ASM371773v1,NA,NA
GCF_013315695.1_ASM1331569v1,Homo sapiens,rectal swab from healthy college student
GCF_025141525.1_ASM2514152v1,NA,ENVO:00002034
GCF_035228805.1_ASM3522880v1,Glycine max,NA
GCF_001612515.1_ASM161251v1,NA,tuna
GCF_023101665.1_ASM2310166v1,Acmispon strigosus,root nodule
GCF_022749215.1_ASM2274921v1,Homo sapiens,Erciyes University; Faculty of Medicine
GCF_016629465.1_ASM1662946v1,NA,NA
GCF_013256965.1_ASM1325696v1,NA,wheat germ
GCF_037280675.1_ASM3728067v1,Homo sapiens,bloodstream
GCF_019797905.1_ASM1979790v1,Homo sapiens,feces
GCF_030347195.1_ASM3034719v1,Gallus gallus,liver
GCF_023702755.1_ASM2370275v1,NA,South China Sea
GCF_025813715.1_ASM2581371v1,NA,water
GCF_021137735.1_ASM2113773v1,Homo sapiens,rectal swab
GCF_028892685.1_ASM2889268v1,Bos taurus,Water from tanks in pens
GCF_019903155.1_ASM1990315v1,NA,paper mill kaolin
GCF_009739945.1_ASM973994v1,Apostichopus japonicus,NA
GCF_004114395.1_ASM411439v1,Homo sapiens,rectal swab
GCF_030664655.1_ASM3066465v1,NA,Retail chicken
GCF_905219065.2_AI2642v1_cp,Homo sapiens,Hospital Universitario La Paz (Madrid)
GCF_036865685.1_ASM3686568v1,Triticum aestivum 'Kvium',Flag leaf of wheat
GCF_002950695.1_ASM295069v1,NA,fermented cabbage
GCF_013487925.1_ASM1348792v1,Equus caballus,NCSU Equine Educational Unit
GCF_028893035.1_ASM2889303v1,Bos taurus,Manila ropes placed above water tanks and feed bunks used as sampling devices
GCF_023988885.1_ASM2398888v1,NA,NA
GCF_018885345.1_ASM1888534v1,Homo sapiens,feces
GCF_033128185.1_ASM3312818v1,NA,soil
GCF_020342415.1_ASM2034241v1,NA,soil
GCF_000971705.1_ASM97170v1,Homo sapiens,Portugal:Lisbon
GCF_009387775.1_ASM938777v1,Homo sapiens,stool
GCF_004010835.2_ASM401083v2,NA,Apple juice in fermentation (cider)
GCF_019428665.1_ASM1942866v1,NA,chicken
GCF_025985325.1_ASM2598532v1,Bovine,NA
GCF_028223205.1_ASM2822320v1,Homo sapiens,sputum
GCF_009739755.1_ASM973975v1,Homo sapiens,blood
GCF_007421865.2_ASM742186v2,Homo sapiens,NA
GCF_024637895.1_ASM2463789v1,Homo sapiens,blood
GCF_037081875.1_ASM3708187v1,NA,Hospital Wastewater
GCF_023379965.1_ASM2337996v1,Homo sapiens,blood
GCF_034128605.1_ASM3412860v1,Homo sapiens,urine
GCF_023735335.1_ASM2373533v1,Homo sapiens,NA
GCF_001922345.1_ASM192234v1,tomato rhizosphere,NA
GCF_037496145.1_ASM3749614v1,Homo sapiens,NA
GCF_021496365.1_ASM2149636v1,NA,urban river water
GCF_017165035.1_ASM1716503v1,NA,Bovine Faeces
GCF_014107515.1_ASM1410751v1,Homo sapiens,blood
GCF_027947655.1_ASM2794765v1,Fish,NA
GCF_025736895.1_ASM2573689v1,NA,NA
GCF_001931555.1_ASM193155v1,Gallus gallus,NA
GCF_001886855.1_ASM188685v1,Citrus sinensis,Navel
GCF_038449175.2_Annotated_PS00642,Homo sapiens,Pressure Injury
GCF_000833085.1_ASM83308v1,Homo sapiens,human tissue
GCF_017165255.1_ASM1716525v1,NA,Bovine Faeces
GCF_009664575.1_ASM966457v1,Homo sapiens,NA
GCF_008033315.1_ASM803331v1,NA,NA
GCF_000835165.1_ASM83516v1,NA,coastal sediment
GCF_030013985.1_ASM3001398v1,Camelus dromedarius,Nose
GCF_022405185.1_ASM2240518v1,Homo sapiens,NA
GCF_023573085.1_ASM2357308v1,Avian,NA
GCF_008386395.1_ASM838639v1,NA,rhizosphere of Abies nordmanniana
GCF_001018735.2_ASM101873v2,Homo sapiens,human
GCF_014170675.1_ASM1417067v1,Turkey,NA
GCF_001952935.1_ASM195293v1,NA,arsenic-contaminated soil
GCF_023735155.1_ASM2373515v1,Homo sapiens,NA
GCF_000731315.1_RG540_Ch_pA,NA,Galega orientalis root nodule
GCF_002082685.1_ASM208268v1,Homo sapiens,Pulmonary
GCF_020405205.1_ASM2040520v1,NA,saline soil sediment
GCF_017167965.1_ASM1716796v1,NA,date palm rhizospheric soil
GCF_001610755.1_ASM161075v1,pheasant,pheasant duodenum
GCF_028893255.1_ASM2889325v1,Bos taurus,Bacterial isolate
GCF_002151505.1_ASM215150v1,Ixodes scapularis,tick
GCF_009936375.1_ASM993637v1,NA,soil
GCF_018885125.1_ASM1888512v1,Homo sapiens,stool
GCF_002356635.1_ASM235663v1,NA,paddy soil
GCF_024397815.1_ASM2439781v1,Homo sapiens,NA
GCF_000334405.1_ASM33440v1,Blatta orientalis,NA
GCF_011065365.1_ASM1106536v1,Homo sapiens,feces
GCF_002355655.1_ASM235565v1,NA,solar salt
GCF_002892145.1_ASM289214v1,NA,clam larvae aquaculture
GCF_024206695.1_ASM2420669v1,Homo sapiens,blood
GCF_023702535.1_ASM2370253v1,Homo sapiens,no
GCF_012897595.1_ASM1289759v1,Homo sapiens,NA
GCF_017161565.1_ASM1716156v1,NA,NA
GCF_000961215.1_ASM96121v1,citrus spp.,citrus infected tissue
GCF_000196395.1_ASM19639v1,NA,NA
GCF_039704535.1_ASM3970453v1,Homo sapiens,urine
GCF_015732535.1_ASM1573253v1,Homo sapiens,NA
GCF_018742105.1_ASM1874210v1,NA,soil
GCF_020827895.1_ASM2082789v1,Homo sapiens,blood
GCF_004101545.1_ASM410154v1,NA,food
GCF_017639025.1_ASM1763902v1,NA,surface water
GCF_000828595.1_ASM82859v1,NA,NA
GCF_029962145.1_ASM2996214v1,Homo sapiens,Wound/Abscess
GCF_022846195.1_ASM2284619v1,NA,NA
GCF_000582515.1_ASM58251v1,rabbit,rabbit faeces
GCF_023611825.1_ASM2361182v1,Homo sapiens,NA
GCF_038396485.1_ASM3839648v1,NA,hospital wastewater
GCF_021650875.1_ASM2165087v1,NA,food
GCF_006363875.1_ASM636387v1,NA,Water of rice field
GCF_020097215.1_ASM2009721v1,NA,NA
GCF_006546965.1_ASM654696v1,Homo sapiens,NA
GCF_022404735.1_ASM2240473v1,Homo sapiens,NA
GCF_019891035.1_ASM1989103v1,NA,Urban freshwater pond
GCF_015999505.1_ASM1599950v1,NA,Dried milk
GCF_001157245.2_ERL12148,NA,Not known
GCF_003711065.1_ASM371106v1,Homo sapiens,NA
GCF_004358385.1_ASM435838v1,NA,NA
GCF_003613595.1_ASM361359v1,NA,NA
GCF_000832465.1_ASM83246v1,Homo sapiens,NA
GCF_040739255.1_Sc1191092,Homo sapiens,blood
GCF_019900325.2_ASM1990032v2,Bovine,Mastitis-milk
GCF_019670005.1_ASM1967000v1,NA,rice rhizosphere
GCF_014770895.1_ASM1477089v1,Bos taurus,beef trimmings
GCF_012272695.1_ASM1227269v1,NA,soil
GCF_016864335.2_ASM1686433v2,Homo sapiens,Catheter
GCF_021459825.1_ASM2145982v1,Morus alba,NA
GCF_029873535.1_ASM2987353v1,Nasonia vitripennis,whole pupae
GCF_001927265.3_ASM192726v3,Pisum sativum L.,NA
GCF_033859755.1_ASM3385975v1,Homo sapiens,patient
GCF_016727345.1_ASM1672734v1,NA,NA
GCF_018141265.1_ASM1814126v1,Avian,NA
GCF_001922545.1_ASM192254v1,Ixodes ricinus,Tick
GCF_000021465.1_ASM2146v1,NA,NA
GCF_023169665.1_ASM2316966v1,NA,NA
GCF_036884495.1_ASM3688449v1,Homo sapiens,stool
GCF_001559655.1_ASM155965v1,NA,laboratory
GCF_024734235.1_ASM2473423v1,animal,NA
GCF_001605015.1_ASM160501v1,NA,soil
GCF_025642335.1_ASM2564233v1,Homo sapiens,urethal swab
GCF_013416085.1_ASM1341608v1,Canis lupus familiaris,urine
GCF_001854145.2_ASM185414v2,Glycine max cv. Jinju1,infected soybean plant
GCF_026546985.1_ASM2654698v1,Environment,pig farm dust
GCF_014169915.1_ASM1416991v1,NA,sea water
GCF_001661985.2_ASM166198v2,Gypsophila paniculata,NA
GCF_001890165.1_ASM189016v1,NA,NA
GCF_036259715.1_ASM3625971v1,NA,Camel
GCF_030253605.1_ASM3025360v1,Morella rubra,waxberry
GCF_013267135.1_ASM1326713v1,Homo sapiens,clinical isolate
GCF_038096265.1_BSN154,Homo sapiens,blood
GCF_017183895.1_ASM1718389v1,Homo sapiens,Clinical patient
GCF_040551085.1_ASM4055108v1,NA,hospital
GCF_964198925.1_Zagreb033_hybrid_assembly.fa.gz,Homo sapiens,clinical material
GCF_011106795.1_ASM1110679v1,Homo sapiens,urine
GCF_000330485.2_ASM33048v2,Homo sapiens,clinical
GCF_015571735.1_ASM1557173v1,Sus scrofa domesticus,feces
GCF_021228995.1_ASM2122899v1,Human body fluids,NA
GCF_004683925.1_ASM468392v1,NA,NA
GCF_010287845.2_ASM1028784v2,Canis lupus familiaris,urine
GCF_002950095.1_ASM295009v1,Homo sapiens,Feces of patient with diarrhea
GCF_003018315.1_ASM301831v1,Homo sapiens,NA
GCF_002055635.1_ASM205563v1,NA,NA
GCF_030733925.1_ASM3073392v1,NA,NA
GCF_024205945.1_ASM2420594v1,dog,Ear swab
GCF_029773265.1_ASM2977326v1,Homo sapiens,plasma
GCF_032612255.1_ASM3261225v1,NA,soil
GCF_008086465.1_ASM808646v1,Homo sapiens,NA
GCF_025258785.1_ASM2525878v1,Homo sapiens,Wound/Abscess
GCF_020906235.1_ASM2090623v1,Skeletonema costatum,estuarine water [ENVO:01000301]
GCF_947164515.1_KP34_2018-347802-001-01,Homo sapiens,NA
GCF_034073245.1_ASM3407324v1,Homo sapiens,Catheter
GCF_015832035.1_ASM1583203v1,NA,meropenem treated soil
GCF_013798785.1_ASM1379878v1,NA,Pooled sheep faecal samples collected from floor of farm
GCF_024918015.1_ASM2491801v1,Homo sapiens,blood draw same patient as MB9267
GCF_000412755.1_ASM41275v1,NA,NA
GCF_024749405.1_ASM2474940v1,Homo sapiens,NA
GCF_002943895.1_ASM294389v1,NA,soil
GCF_025987825.1_ASM2598782v1,Pyrus sinkiangensis,branches
GCF_021952645.1_ASM2195264v1,NA,environmental swab veterinary clinic
GCF_000724795.2_ASM72479v2,Homo sapiens,Blood
GCF_022592155.1_ASM2259215v1,NA,Food: Red deer meat
GCF_000970065.1_ASM97006v1,NA,NA
GCF_011604705.1_ASM1160470v1,NA,water
GCF_015101885.1_ASM1510188v1,NA,Beach sand
GCF_003717135.1_ASM371713v1,NA,NA
GCF_025917705.1_ASM2591770v1,NA,oyster
GCF_019703125.1_ASM1970312v1,Homo sapiens,bile
GCF_000007725.1_ASM772v1,Baizongia pistaciae,NA
GCF_004328865.1_ASM432886v1,red alga,sea water
GCF_023375265.1_ASM2337526v1,Sus scrofa domesticus,fecal sample
GCF_001887265.1_ASM188726v1,NA,power plant biotrickling filter
GCF_018219325.1_ASM1821932v1,Homo sapiens,Rectal Swab
GCF_000794125.2_ASM79412v2,Homo sapiens,Human sputum
GCF_014983645.1_ASM1498364v1,Homo sapiens,human listeriosis
GCF_011064785.1_ASM1106478v1,Canis lupus familiaris,host nose
GCF_026248225.1_ASM2624822v1,Homo sapiens,urine
GCF_003119115.1_ASM311911v1,NA,paddy soils
GCF_001576275.1_ASM157627v1,Homo sapiens,stool
GCF_003030245.1_ASM303024v1,NA,tissue and/or biological fluid swine
GCF_018291785.1_ASM1829178v1,Homo sapiens,feces
GCF_011465535.1_ASM1146553v1,NA,meat
GCF_022221105.1_ASM2222110v1,NA,NA
GCF_024585825.1_ASM2458582v1,Pig,Rectal Swab
GCF_001990145.1_ASM199014v1,NA,fermented salami
GCF_015475575.1_ASM1547557v1,Homo sapiens,NA
GCF_013726395.1_ASM1372639v1,NA,Freshwater sample from upstream of wastewater treatment plant
GCF_030166495.1_ASM3016649v1,NA,water
GCF_016406165.1_ASM1640616v1,NA,soil
GCF_012516455.1_ASM1251645v1,swine,feces from pig
GCF_030168495.1_ASM3016849v1,NA,Sewage
GCF_000194765.1_ASM19476v1,NA,homemade koumiss
GCF_024760585.1_ASM2476058v1,NA,diseased rice
GCF_905319565.2_NRS6190B,NA,garden soil
GCF_030061935.1_ASM3006193v1,NA,blueberry
GCF_027555045.1_ASM2755504v1,NA,manure
GCF_021172185.1_ASM2117218v1,NA,Nuruk
GCF_014048385.1_ASM1404838v1,NA,Traditional fermented soybean pastes
GCF_002934795.1_ASM293479v1,NA,NA
GCF_004010735.1_ASM401073v1,NA,feces
GCF_003324955.1_ASM332495v1,NA,NA
GCF_008728455.1_ASM872845v1,Homo sapiens,Rectum
GCF_013610655.1_ASM1361065v1,NA,Freshwater sample from upstream of wastewater treatment plant
GCF_030931035.1_ASM3093103v1,NA,Kaluga region; Russia
GCF_025908455.1_ASM2590845v1,Homo sapiens,NA
GCF_021166135.1_ASM2116613v1,Homo sapiens,NA
GCF_002843135.1_ASM284313v1,Homo sapiens,swab from patient with pharyngitis/tonsilitis
GCF_011604565.1_ASM1160456v1,Trifolium repens,Clover nodules
GCF_022921035.1_ASM2292103v1,Homo sapiens,sputum
GCF_000828615.1_ASM82861v1,NA,NA
GCF_024665315.1_ASM2466531v1,Homo sapiens,NA
GCF_001831375.1_ASM183137v1,NA,compost
GCF_003234815.2_ASM323481v2,NA,leaf litter
GCF_021496135.1_ASM2149613v1,NA,Chicken feed
GCF_000222835.1_ASM22283v1,NA,NA
GCF_020906055.1_ASM2090605v1,Skeletonema costatum,estuarine water [ENVO:01000301]
GCF_002777275.1_ASM277727v1,Homo sapiens,Wound
GCF_018394375.1_ASM1839437v1,Medicago sativa,plant stem
GCF_038024715.1_WGS_using_MinION_R10.4.1_of_Staphylococcus_aureus_TUM22744,Homo sapiens,NA
GCF_024749665.1_ASM2474966v1,Homo sapiens,NA
GCF_000196015.1_ASM19601v1,NA,NA
GCF_000961195.1_ASM96119v1,Citrus sinensis,citrus infected tissue
GCF_004028015.1_ASM402801v1,Homo sapiens,NA
GCF_000348585.1_ASM34858v1,NA,NA
GCF_024918275.1_ASM2491827v1,Homo sapiens,blood
GCF_024365005.1_ASM2436500v1,Homo sapiens,NA
GCF_002946835.1_ASM294683v1,NA,soil
GCF_015571555.1_ASM1557155v1,Sus scrofa domesticus,feces
GCF_017355405.1_ASM1735540v1,tick,NA
GCF_017096425.2_ASM1709642v2,Homo sapiens,blood
GCF_002234755.2_ASM223475v2,NA,NA
GCF_022494825.1_ASM2249482v1,NA,river water
GCF_019720795.1_ASM1972079v1,Homo sapiens,urine
GCF_009429145.1_ASM942914v1,NA,soil
GCF_963989275.1_15-2067_O77,Phoenicopterus roseus 15-2067_O77,cloacal swab
GCF_003234605.2_ASM323460v2,NA,leaf litter
GCF_001449005.1_ASM144900v1,NA,soil
GCF_001908655.1_ASM190865v1,Homo sapiens,nasal swab
GCF_030583585.1_ASM3058358v1,Glycine max,root nodule
GCF_025264005.1_ASM2526400v1,Homo sapiens,NA
GCF_002240135.1_ASM224013v1,Homo sapiens,hospitalized patients
GCF_013267355.1_ASM1326735v1,NA,NA
GCF_003351385.1_ASM335138v1,Homo sapiens,rectal swab
GCF_013376575.1_ASM1337657v1,Homo sapiens,urine
GCF_009648735.1_ASM964873v1,Homo sapiens,NA
GCF_032463585.1_ASM3246358v1,NA,Maguey plantation
GCF_016727125.1_ASM1672712v1,NA,NA
GCF_018141005.1_ASM1814100v1,NA,soil
GCF_000022085.1_ASM2208v1,NA,NA
GCF_002393525.1_ASM239352v1,NA,algae aquaculture
GCF_023023145.1_ASM2302314v1,Homo sapiens,sputum
GCF_030552975.1_ASM3055297v1,Homo sapiens,NA
GCF_025642155.1_ASM2564215v1,NA,rhizosphere soil
GCF_000204075.1_ASM20407v1,NA,NA
GCF_000180175.2_ASM18017v2,NA,NA
GCF_001941925.1_ASM194192v1,NA,Surface
GCF_000013865.1_ASM1386v1,NA,NA
GCF_018138105.1_ASM1813810v1,Rosa sp.,NA
GCF_013629235.1_ASM1362923v1,NA,Wastewater effluent sample
GCF_016939675.1_ASM1693967v1,Homo sapiens,urine
GCF_030734165.1_ASM3073416v1,NA,NA
GCF_000203935.1_ASM20393v1,NA,NA
GCF_001928585.2_ASM192858v2,Oryza sativa,NA
GCF_017299575.1_ASM1729957v1,NA,Clone isolated from the evolution experiment described in Ketola et al. 2013 (doi: 10.1111/evo.12148)
GCF_009913895.1_ASM991389v1,NA,Gochujang
GCF_023716525.1_ASM2371652v1,Galaxea fascicularis,ENVO:00000150
GCF_016839165.1_ASM1683916v1,NA,Minnesota
GCF_000761215.1_ASM76121v1,NA,soil
GCF_023380205.1_ASM2338020v1,Tetragonula carbonaria,Honey
GCF_023611885.1_ASM2361188v1,NA,Cork university
GCF_038367185.1_ASM3836718v1,NA,NA
GCF_008365315.1_ASM836531v1,NA,blue berry
GCF_026073735.1_ASM2607373v1,Homo sapiens,urine
GCF_033181805.1_ASM3318180v1,Homo sapiens,Seoul National University Bundang Hospital Intensive Care Unit
GCF_024917455.1_ASM2491745v1,Homo sapiens,blood
GCF_038396425.1_ASM3839642v1,Homo sapiens,feces
GCF_005221725.1_ASM522172v1,NA,cattle
GCF_020809165.1_ASM2080916v1,NA,Biopesticide Novodor 3FC
GCF_009858215.1_ASM985821v1,soil,NA
GCF_032847385.1_ASM3284738v1,NA,clinical
GCF_025426275.1_ASM2542627v1,Bovine,NA
GCF_030444575.1_ASM3044457v1,NA,water
GCF_027944915.1_ASM2794491v1,NA,ICU patient rectal swab
GCF_028735855.1_ASM2873585v1,Ulmus americana,NA
GCF_017639085.1_ASM1763908v1,NA,imported food: soy sprout
GCF_017603965.1_ASM1760396v1,Fragariae ananassa,NA
GCF_021278985.1_ASM2127898v1,rodent,NA
GCF_015992425.1_ASM1599242v1,Homo sapiens,Taichung Veterans General Hospital
GCF_022220545.1_ASM2222054v1,cattle,NA
GCF_018309145.1_ASM1830914v1,NA,Bee Honey
GCF_013416275.1_ASM1341627v1,Homo sapiens,NA
GCF_024206635.1_ASM2420663v1,Homo sapiens,blood
GCF_023702595.1_ASM2370259v1,Homo sapiens,no
GCF_022170805.1_ASM2217080v1,Environment,soil
GCF_035321765.1_ASM3532176v1,Homo sapiens,Floor of Mouth
GCF_003443575.1_ASM344357v1,NA,NA
GCF_022925795.1_ASM2292579v1,Homo sapiens,gastric biopsy
GCF_014858865.1_ASM1485886v1,Homo sapiens,NA
GCF_037938875.1_BSN123,Homo sapiens,blood
GCF_002116735.1_ASM211673v1,Skeletonema marinoi strain RO5AC,Top-layer sediments
GCF_028622275.1_ASM2862227v1,Grus grus,NA
GCF_002000825.1_ASM200082v1,Homo sapiens,Pus axilla
GCF_016728705.1_ASM1672870v1,NA,NA
GCF_000022605.2_ASM2260v1,Blattella germanica,NA
GCF_035988865.1_ASM3598886v1,NA,NA
GCF_030435875.1_ASM3043587v1,NA,Chicken meats
GCF_003491365.1_ASM349136v1,Discus,spleen
GCF_007990635.1_ASM799063v1,NA,blood
GCF_030264095.1_ASM3026409v1,Bos taurus,milk
GCF_002116925.1_ASM211692v1,Homo sapiens,NA
GCF_022819565.1_ASM2281956v1,Bos taurus,urine
GCF_025140155.1_ASM2514015v1,NA,ENVO:00002034
GCF_023573025.1_ASM2357302v1,Avian,NA
GCF_009709475.1_ASM970947v1,Salmo salar,NA
GCF_030013925.1_ASM3001392v1,Camelus dromedarius,Nose
GCF_030370735.1_ASM3037073v1,Homo sapiens,NA
GCF_017893605.1_ASM1789360v1,NA,environment of small animal veterinary clinic
GCF_019576155.1_ASM1957615v1,Locusta migratoria,gut
GCF_003004275.1_ASM300427v1,Homo sapiens,NA
GCF_000376705.1_ASM37670v1,NA,NA
GCF_001708505.1_ASM170850v1,NA,soil sample
GCF_016696665.1_ASM1669666v1,swine,intestinal tract
GCF_001277215.2_ASM127721v2,NA,breast abscess
GCF_038430275.1_ASM3843027v1,Homo sapiens,urine
GCF_003691525.1_ASM369152v1,Penaeus vannamei,shrimp
GCF_013377355.1_ASM1337735v1,NA,chicken
GCF_017165095.1_ASM1716509v1,NA,Bovine Faeces
GCF_022353605.1_ASM2235360v1,NA,Shatin WWTPs_18 WWTPs effluent
GCF_001029125.1_ASM102912v1,NA,NA
GCF_001277295.1_ASM127729v1,NA,Anderson Lake
GCF_002202235.1_ASM220223v1,NA,NA
GCF_002786755.1_ASM278675v1,Homo sapiens,Bronchial washing
GCF_026428235.1_ASM2642823v1,Apis mellifera,NA
GCF_029338215.1_ASM2933821v1,NA,sediment
GCF_039725815.1_ASM3972581v1,Gallus gallus domesticus,cloaca
GCF_000772105.1_ASM77210v1,Mercenaria mercenaria,NA
GCF_001975705.1_ASM197570v1,NA,marine seawater
GCF_038449115.1_ASM3844911v1,Homo sapiens,stool
GCF_000284635.1_ASM28463v1,NA,NA
GCF_000018805.1_ASM1880v1,NA,NA
GCF_030515455.1_ASM3051545v1,Homo sapiens,blood
GCF_010509415.1_ASM1050941v1,NA,human feces
GCF_015285825.1_ASM1528582v1,NA,Human fecal samples
GCF_900622605.1_AJ218,Homo sapiens,urine
GCF_007833855.1_ASM783385v1,porcine,muscle abscess tissue
GCF_023735395.1_ASM2373539v1,Homo sapiens,NA
GCF_003966425.1_ASM396642v1,Bos taurus,feces
GCF_002071765.2_ASM207176v2,NA,environmental swab sponge powdered infant formula manufacturing facility
GCF_023539015.1_ASM2353901v1,Homo sapiens,Human gut
GCF_900622585.1_AJ055,Homo sapiens,urine
GCF_026435835.1_ASM2643583v1,Salmo salar,tissue
GCF_038442095.1_ASM3844209v1,Homo sapiens,BAL
GCF_035621615.1_ASM3562161v1,NA,liquid medium
GCF_025985385.1_ASM2598538v1,Bovine,NA
GCF_028893095.1_ASM2889309v1,Bos taurus,feces
GCF_036865625.1_ASM3686562v1,Triticum aestivum 'Rembrandt',Flag leaf of wheat
GCF_000318765.1_ASM31876v1,NA,NA
GCF_900520305.1_ASM90052030v1,NA,NA
GCF_033128125.1_ASM3312812v1,NA,soil
GCF_037753205.1_ASM3775320v1,NA,NA
GCF_025643515.1_ASM2564351v1,Homo sapiens,sputum
GCF_025958445.1_ASM2595844v1,Homo sapiens,NA
GCF_001441205.1_ASM144120v1,NA,chicken meat
GCF_030347135.1_ASM3034713v1,Gallus gallus,Liver and spleen
GCF_013416015.1_ASM1341601v1,Homo sapiens,feces
GCF_038442375.1_CIRI-F19-10-8,cat,urine
GCF_008305695.1_ASM830569v1,Homo sapiens,NA
GCF_007981265.1_ASM798126v1,Cotinus coggygria,vascular
GCF_002215135.1_ASM221513v1,Anguilla anguilla,NA
GCF_030845955.1_ASM3084595v1,Homo sapiens,wound
GCF_032298955.1_ASM3229895v1,Food,Pig ear pet treat
GCF_036884405.1_ASM3688440v1,Homo sapiens,stool
GCF_036352115.1_ASM3635211v1,tick,NA
GCF_012166915.1_ASM1216691v1,NA,milk
GCF_002012205.1_ASM201220v1,Homo sapiens,NA
GCF_021137795.1_ASM2113779v1,Homo sapiens,urine
GCF_015767495.1_ASM1576749v1,pig,pig farms
GCF_023035835.1_ASM2303583v1,Alectorobius rudis,mouse blood from experimental transmission feeding
GCF_000812205.2_ASM81220v2,NA,sugarcane root
GCF_023650935.1_ASM2365093v1,Bean paste,NA
GCF_001874505.1_ASM187450v1,Homo sapiens,Perirectal
GCF_009363515.1_ASM936351v1,NA,Surface of a polyethylene microplastic particle present in tank 6 of a marine aquarium containing stony-coral fragments and water maintained at 26 degree C
GCF_033864495.1_ASM3386449v1,Homo sapiens,patient
GCF_003948535.2_ASM394853v2,Homo sapiens,trach asp
GCF_013201195.1_ASM1320119v1,pig,slaughterhouse
GCF_029590355.1_ASM2959035v1,Homo sapiens,feces
GCF_025263845.1_ASM2526384v1,NA,NA
GCF_025765755.1_ASM2576575v1,Homo sapiens,blood
GCF_022846355.1_ASM2284635v1,NA,hot spring water
GCF_024917635.1_ASM2491763v1,Homo sapiens,blood
GCF_003006035.1_ASM300603v1,NA,NA
GCF_025272975.1_ASM2527297v1,Homo sapiens,skin
GCF_002117285.1_ASM211728v1,NA,raw sausage
GCF_000803665.1_ASM80366v1,Dendrolimus sibiricus,NA
GCF_002591215.1_ASM259121v1,Homo sapiens,Abscess
GCF_039654205.1_ASM3965420v1,Homo sapiens,skin
GCF_024499175.1_ASM2449917v1,Sus scrofa,Pig feces
GCF_022760155.1_ASM2276015v1,Homo sapiens,feces
GCF_001693255.1_ASM169325v1,NA,NA
GCF_004124035.2_ASM412403v2,NA,pork dumplings
GCF_001971585.1_ASM197158v1,NA,Kimchi
GCF_024362845.1_ASM2436284v1,NA,surface seawater
GCF_037529465.1_ASM3752946v1,Dog,NA
GCF_006351885.1_ASM635188v1,Homo sapiens,feces
GCF_025884075.1_ASM2588407v1,Homo sapiens,blood
GCF_002752995.1_ASM275299v1,Homo sapiens,urine
GCF_016889725.1_ASM1688972v1,Homo sapiens,NA
GCF_024298925.1_ASM2429892v1,NA,glacial till moraine
GCF_040736805.1_Sc1365701,Homo sapiens,blood
GCF_015654285.1_ASM1565428v1,NA,shellfish hatchery
GCF_027186325.1_ASM2718632v1,Gossypium hirsutum,NA
GCF_032463525.1_ASM3246352v1,Homo sapiens,blood
GCF_018884705.1_ASM1888470v1,Homo sapiens,feces
GCF_005222145.1_ASM522214v1,NA,Agricultural field
GCF_009709275.1_ASM970927v1,Oncorhynchus mykiss,NA
GCF_027626975.1_ASM2762697v1,NA,soil
GCF_040834015.1_ASM4083401v1,Homo sapiens,NA
GCF_037917245.1_ASM3791724v1,Dog,NA
GCF_000772715.2_ASM77271v2,Sorghum bicolor,NA
GCF_030323865.1_ASM3032386v1,NA,sediment
GCF_018336915.1_ASM1833691v1,NA,surface of Pikea pinnata
GCF_037251875.1_ASM3725187v1,Homo sapiens,bone marrow
GCF_022558965.1_ASM2255896v1,NA,activated sludge
GCF_002849775.1_ASM284977v1,Sus scrofa,NA
GCF_002164635.4_ASM216463v4,Homo sapiens,NA
GCF_001587155.1_ASM158715v1,Cucumis sativus,NA
GCF_016904515.1_ASM1690451v1,Homo sapiens,NA
GCF_000022685.1_ASM2268v1,NA,NA
GCF_023734775.1_ASM2373477v1,NA,soil
GCF_003963515.1_ASM396351v1,NA,marine sediment
GCF_030440275.1_ASM3044027v1,NA,NA
GCF_005145045.1_ASM514504v1,NA,NA
GCF_015240635.1_ASM1524063v1,Homo sapiens,stool
GCF_000017305.1_ASM1730v1,NA,NA
GCF_000014065.1_ASM1406v1,NA,NA
GCF_003546465.1_ASM354646v1,NA,NA
GCF_030717585.1_ASM3071758v1,Homo sapiens,sputum
GCF_001644575.1_ASM164457v1,NA,soil
GCF_030582395.1_ASM3058239v1,NA,aquaculture water
GCF_038430245.1_ASM3843024v1,Homo sapiens,blood
GCF_030931095.1_ASM3093109v1,NA,farm animal
GCF_003177055.1_ASM317705v1,Glycine soja,plant root
GCF_000706685.1_ASM70668v1,NA,Animal faecal matter
GCF_009806675.1_ASM980667v1,NA,NA
GCF_024467035.1_ASM2446703v1,Manis javanica,NA
GCF_023361015.1_ASM2336101v1,Homo sapiens,sputum
GCF_002859105.1_ASM285910v1,Homo sapiens,urine
GCF_003949115.2_ASM394911v2,Homo sapiens,trach asp
GCF_022921095.1_ASM2292109v1,NA,air
GCF_022592395.1_ASM2259239v1,NA,Food: Red deer meat
GCF_003814425.1_ASM381442v1,Homo sapiens,NA
GCF_021166195.1_ASM2116619v1,Homo sapiens,NA
GCF_040761425.1_ASM4076142v1,Rice,leaves
GCF_021172125.1_ASM2117212v1,NA,hospital
GCF_014623225.1_ASM1462322v1,Cattle,feces
GCF_002803865.1_ASM280386v1,NA,Malus sp.
GCF_029691815.1_ASM2969181v1,Homo sapiens,Forehead
GCF_007923185.1_ASM792318v1,NA,soil
GCF_022759765.1_ASM2275976v1,Homo sapiens,stool
GCF_024585885.1_ASM2458588v1,Pig,Rectal Swab
GCF_000832825.1_ASM83282v1,NA,NA
GCF_002741195.1_ASM274119v1,NA,NA
GCF_037920625.1_ASM3792062v1,Homo sapiens,NA
GCF_030295505.1_ASM3029550v1,Homo sapiens,feces
GCF_001692675.1_ASM169267v1,NA,Ginseng
GCF_022385215.1_ASM2238521v1,NA,wastewater
GCF_022759505.1_ASM2275950v1,NA,stone ruins (granite) of a fort
GCF_003074015.1_ASM307401v1,NA,NA
GCF_016025375.1_ASM1602537v1,Homo sapiens,stool
GCF_025369855.1_ASM2536985v1,Poultry,Pullet
GCF_030166655.1_ASM3016665v1,NA,mangrove sediments
GCF_000931565.1_ASM93156v1,Homo sapiens,sputum
GCF_030295765.1_ASM3029576v1,NA,NA
GCF_018128445.1_ASM1812844v1,Homo sapiens,central nervous catheter
GCF_014131755.1_ASM1413175v1,Homo sapiens,NA
GCF_030263875.1_ASM3026387v1,Homo sapiens,Shanghai East Hospital
GCF_025310955.1_ASM2531095v1,Homo sapiens,Poultry Meat
GCF_002117485.1_ASM211748v1,Phaseolus vulgaris,NA
GCF_019857305.1_ASM1985730v1,Homo sapiens,NA
GCF_033037735.1_ASM3303773v1,NA,pork
GCF_023066765.1_ASM2306676v1,Homo sapiens,NA
GCF_001028285.3_ASM102828v3,sweet orange,NA
GCF_013348965.1_ASM1334896v1,Homo sapiens,sputum
GCF_013372085.1_ASM1337208v1,Homo sapiens,NA
GCF_030408975.1_ASM3040897v1,Homo sapiens,Oropharynx
GCF_019038575.1_ASM1903857v1,NA,lake
GCF_008807295.1_ASM880729v1,NA,Pork
GCF_030489765.1_ASM3048976v1,Homo sapiens,NA
GCF_002949755.1_ASM294975v1,NA,NA
GCF_036865615.1_ASM3686561v1,Triticum aestivum 'Rembrandt',Flag leaf of wheat
GCF_905322525.2_AI2623v1_cpp,Homo sapiens,Hospital General de Alicante (Alicante)
GCF_009363315.1_ASM936331v1,NA,Surface of a polyethylene microplastic particle present in tank 6 of a marine aquarium containing stony-coral fragments and water maintained at 26 degree C
GCF_025142835.1_ASM2514283v1,NA,ENVO:00002034
GCF_023361275.1_ASM2336127v1,Homo sapiens,balf
GCF_019703185.1_ASM1970318v1,Homo sapiens,bile
GCF_004353865.1_ASM435386v1,NA,mud
GCF_020906295.1_ASM2090629v1,Skeletonema costatum,estuarine water [ENVO:01000301]
GCF_001578125.1_ASM157812v1,Homo sapiens,NA
GCF_028228315.1_ASM2822831v1,Rhamnus alaternus,Leaf petiole
GCF_000012125.1_ASM1212v1,NA,NA
GCF_017301315.1_ASM1730131v1,NA,Clone isolated from the evolution experiment described in Ketola et al. 2013 (doi: 10.1111/evo.12148)
GCF_000466905.3_ASM46690v3,NA,milk products
GCF_037576255.1_ASM3757625v1,Chicken,NA
GCF_038050815.1_ASM3805081v1,Penaeus vannamei,NA
GCF_024220135.1_ASM2422013v1,NA,NA
GCF_002967855.2_ASM296785v2,Homo sapiens,sputum
GCF_022405375.1_ASM2240537v1,Homo sapiens,NA
GCF_015571795.1_ASM1557179v1,Sus scrofa domesticus,feces
GCF_021228935.1_ASM2122893v1,NA,urine
GCF_002216755.1_ASM221675v1,Eucommia ulmoides,NA
GCF_005937945.2_ASM593794v2,NA,soil
GCF_000022105.1_ASM2210v1,NA,NA
GCF_003627235.1_ASM362723v1,NA,raw cow milk
GCF_033870415.1_ASM3387041v1,Homo sapiens,NA
GCF_021497545.1_ASM2149754v1,NA,fermentation of straw
GCF_001870185.1_ASM187018v1,Homo sapiens,Blood
GCF_011466815.1_ASM1146681v1,Homo sapiens,clinical
GCF_037023225.1_ASM3702322v1,Homo sapiens,sputum
GCF_037817735.1_ASM3781773v1,NA,sediment
GCF_013267195.1_ASM1326719v1,soil,solar salt farm
GCF_000047365.1_ASM4736v1,NA,NA
GCF_039640405.1_YP_A1694,Amphisylla,NA
GCF_007923885.2_ASM792388v2,NA,swine
GCF_036884435.1_ASM3688443v1,Homo sapiens,stool
GCF_011387195.1_ASM1138719v1,Bos taurus coreanae,Rumen fluid
GCF_022213445.1_ASM2221344v1,Homo sapiens,clinical isolate
GCF_016889545.1_ASM1688954v1,pig,liver
GCF_032463745.1_ASM3246374v1,NA,vegetable
GCF_016887545.1_ASM1688754v1,NA,duck
GCF_018884565.1_ASM1888456v1,Homo sapiens,stool
GCF_025642395.1_ASM2564239v1,Homo sapiens,urethal swab
GCF_905218895.2_AI2602v1_cp,Homo sapiens,Hospital Universitario Gregorio Maranon (Madrid)
GCF_024734295.1_ASM2473429v1,Homo sapiens,blood
GCF_037039295.1_ASM3703929v1,Homo sapiens,Medical sample
GCF_007954705.1_ASM795470v1,NA,kimchi
GCF_025884215.1_ASM2588421v1,Homo sapiens,sputum
GCF_000160335.2_ASM16033v2,NA,NA
GCF_000236475.1_ASM23647v1,NA,cheese production
GCF_038096255.1_BSN158,Homo sapiens,blood
GCF_035620095.1_ASM3562009v1,Homo sapiens,sputum
GCF_022919215.1_ASM2291921v1,NA,air
GCF_014905075.1_ASM1490507v1,NA,Animal feed
GCF_025559805.1_ASM2555980v1,Camel,NA
GCF_008329945.1_ASM832994v1,NA,Thiodendron' bacterial sulfur mat from mineral sulfide spring
GCF_025985185.1_ASM2598518v1,Bovine,NA
GCF_028893295.1_ASM2889329v1,Bos taurus,Small intestine
GCF_028622215.1_ASM2862221v1,Grus grus,NA
GCF_035658515.1_ASM3565851v1,NA,fermented soybean food
GCF_001870205.1_ASM187020v1,NA,milk
GCF_022488465.1_ASM2248846v1,Homo sapiens,blood
GCF_030721705.1_ASM3072170v1,mice,gastrointestinal tract
GCF_001188695.1_ASM118869v1,NA,NA
GCF_033128325.1_ASM3312832v1,Homo sapiens,feces
GCF_022533485.1_ASM2253348v1,NA,water
GCF_004919305.1_ASM491930v1,Homo sapiens,NA
GCF_017165295.1_ASM1716529v1,NA,Bovine Faeces
GCF_000008765.1_ASM876v1,NA,NA
GCF_036226885.1_ASM3622688v1,NA,soil
GCF_004571195.1_ASM457119v1,NA,Hot water tap; Geest Office Building
GCF_038430215.1_ASM3843021v1,Homo sapiens,Abs/pus/wd
GCF_004135165.1_ASM413516v1,Homo sapiens,urine
GCF_013377335.1_ASM1337733v1,NA,chicken
GCF_023370175.1_ASM2337017v1,NA,pig manure
GCF_023573045.1_ASM2357304v1,Avian,NA
GCF_003595445.1_ASM359544v1,Homo sapiens,Sputum
GCF_007954485.1_ASM795448v1,Homo sapiens,clinical sample
GCF_001655535.1_ASM165553v1,Homo sapiens,Lab strain
GCF_951805275.2_Paer3796A.1,Homo sapiens,urine
GCF_022405145.1_ASM2240514v1,Homo sapiens,NA
GCF_000092105.1_ASM9210v1,NA,surface water
GCF_902509515.1_Se_BPH0723,NA,clinical
GCF_000273405.1_Rhod_Spha_2_4_1_V1,NA,NA
GCF_023735195.1_ASM2373519v1,Homo sapiens,NA
GCF_037890715.1_ASM3789071v1,Homo sapiens,Wound/Abscess
GCF_000444875.1_ASM44487v1,NA,NA
GCF_025562895.2_ASM2556289v2,NA,Dairy
GCF_002005485.1_ASM200548v1,NA,water kefir
GCF_035583175.1_ASM3558317v1,Moschus berezovskii,NA
GCF_946411625.1_SJC1052,NA,Bloodstream
GCF_024917435.1_ASM2491743v1,Homo sapiens,blood
GCF_038396445.1_ASM3839644v1,Homo sapiens,feces
GCF_020809105.1_ASM2080910v1,NA,Biopesticide DiPel DF
GCF_900622665.1_MS14386,Homo sapiens,blood
GCF_026625505.1_ASM2662550v1,NA,environmental
GCF_040437535.1_ASM4043753v1,Homo sapiens,NA
GCF_016939615.1_ASM1693961v1,Homo sapiens,urine (permanent catheter)
GCF_037906325.1_ASM3790632v1,Homo sapiens,Oral cavity
GCF_003568865.1_ASM356886v1,NA,marine sediment
GCF_021953265.1_ASM2195326v1,pig,NA
GCF_004168365.1_ASM416836v1,NA,soil
GCF_037042485.2_ASM3704248v1,NA,NA
GCF_020990385.1_ASM2099038v1,NA,soil
GCF_010977555.1_ASM1097755v1,NA,soil
GCF_006575625.1_ASM657562v1,Homo sapiens,infection
GCF_023380265.1_ASM2338026v1,Tetragonula carbonaria,Bee
GCF_023716545.1_ASM2371654v1,Galaxea fascicularis,ENVO:00000150
GCF_024206655.1_ASM2420665v1,Homo sapiens,blood
GCF_022811905.1_ASM2281190v1,Homo sapiens,balf
GCF_018309125.1_ASM1830912v1,NA,honey
GCF_040834045.1_ASM4083404v1,rice,NA
GCF_009363095.1_ASM936309v1,NA,Thai soil
GCF_001456315.1_ASM145631v1,Hibiscus,Plant xylem
GCF_001735705.1_ASM173570v1,swine,cecum
GCF_005393605.2_ASM539360v2,Bos taurus,feces
GCF_001636945.3_ASM163694v3,NA,red soil
GCF_012109195.1_ASM1210919v1,NA,sewage
GCF_002211825.1_ASM221182v1,NA,NA
GCF_022459755.2_ASM2245975v2,Homo sapiens,NA
GCF_007833455.1_ASM783345v1,NA,infant
GCF_015218885.1_ASM1521888v1,Migratory bird,feces
GCF_009948655.1_ASM994865v1,NA,goat
GCF_002949345.1_ASM294934v1,NA,NA
GCF_008727135.1_ASM872713v1,NA,NA
GCF_028831855.1_ASM2883185v1,NA,cerebrospinal fluid
GCF_000759485.1_ASM75948v1,NA,Bovine
GCF_030374065.1_ASM3037406v1,seagrass,rhizosphere
GCF_025397975.1_ASM2539797v1,Homo sapiens,bronchoalveolar lavage fluid
GCF_001988935.1_ASM198893v1,NA,milk
GCF_029962185.1_ASM2996218v1,Homo sapiens,Wound/Abscess
GCF_000832785.1_ASM83278v1,NA,Bovine
GCF_022220525.1_ASM2222052v1,NA,NA
GCF_025309655.1_ASM2530965v1,NA,fermented food (Meju)
GCF_009650155.1_ASM965015v1,NA,environmental swab sponge bakery hallway
GCF_035764585.1_ASM3576458v1,NA,NA
GCF_001902395.1_ASM190239v1,Homo sapiens,tracheal secretion
GCF_023035855.1_ASM2303585v1,Ornithdoros turicatae,lab mouse blood
GCF_018779945.3_ASM1877994v3,NA,NA
GCF_003718455.1_ASM371845v1,NA,NA
GCF_002073735.2_ASM207373v2,NA,ATCC strain
GCF_030347155.1_ASM3034715v1,Gallus gallus,Liver and spleen
GCF_037414215.1_ASM3741421v1,Homo sapiens,NA
GCF_030845935.1_ASM3084593v1,Homo sapiens,wound
GCF_018499805.2_ASM1849980v2,Homo sapiens,urine from a woman with pelvic cancer
GCF_036352175.1_ASM3635217v1,Homo sapiens,sonicate fluid from explanted prosthetic implant; 80 yr old male patient with hip implant
GCF_004924315.1_ASM492431v1,Homo sapiens,urine
GCF_030664695.1_ASM3066469v1,NA,Retail chicken
GCF_031192385.1_ASM3119238v1,Homo sapiens,NA
GCF_037198295.1_ASM3719829v1,Homo sapiens,digestive system
GCF_024731345.1_ASM2473134v1,NA,sick organs of a dead chicken
GCF_022691385.1_ASM2269138v1,Homo sapiens,Nephrostomy
GCF_024499115.1_ASM2449911v1,Homo sapiens,Anal swab
GCF_004118915.1_ASM411891v1,NA,Rectal fecal grab samples from a commercial feedlot
GCF_964199115.1_Zagreb029_hybrid_assembly.fa.gz,Homo sapiens,clinical material
GCF_004194375.1_ASM419437v1,NA,food
GCF_023716725.1_ASM2371672v1,Galaxea fascicularis,ENVO:00000150
GCF_008364435.2_ASM836443v2,NA,Lollo Rosso
GCF_011045895.1_ASM1104589v1,NA,a feces sample of swine origin
GCF_010728325.1_ASM1072832v1,NA,NA
GCF_900659645.1_AUSMDU00008355,Homo sapiens,feces
GCF_025144465.1_ASM2514446v1,NA,ENVO:00002034
GCF_029590335.1_ASM2959033v1,Homo sapiens,NA
GCF_022846335.1_ASM2284633v1,NA,hot spring water
GCF_004847145.1_ASM484714v1,NA,frozen yellowfin tuna steak
GCF_019971115.1_ASM1997111v1,NA,NA
GCF_040687995.1_ASM4068799v1,Homo sapiens,Urine
GCF_003288255.1_ASM328825v1,Bos taurus,NA
GCF_022404595.1_ASM2240459v1,Homo sapiens,NA
GCF_024917655.1_ASM2491765v1,Homo sapiens,blood
GCF_964065245.1_Lactiplantibacillus_plantarum_CIRM-BIA2443,NA,NA
GCF_002741215.1_ASM274121v1,NA,NA
GCF_020809365.1_ASM2080936v1,NA,Ground beef
GCF_002442495.2_ASM244249v2,Salmo salar,Smolt-producing farm
GCF_032384295.1_ASM3238429v1,NA,NA
GCF_022460155.2_ASM2246015v2,Homo sapiens,NA
GCF_001579905.1_ASM157990v1,NA,seawater
GCF_030515435.1_ASM3051543v1,Homo sapiens,blood
GCF_029016485.1_ASM2901648v1,NA,sea water
GCF_001741865.1_ASM174186v1,Vavilovia formosa,NA
GCF_040822455.1_UPH_Lactiplantibacillus_plantarum_BR2-12,Homo sapiens,infant feces
GCF_022353665.1_ASM2235366v1,NA,Shatin WWTPs_93 WWTPs influent
GCF_030020875.1_ASM3002087v1,Homo sapiens,urine
GCF_900520335.1_ASM90052033v1,NA,NA
GCF_016027815.1_ASM1602781v1,NA,NA
GCF_014524505.1_ASM1452450v1,NA,Medical waste water
GCF_026428255.1_ASM2642825v1,Apis mellifera,NA
GCF_009740915.1_ASM974091v1,NA,product water in oilfield
GCF_001651925.2_ASM165192v2,NA,feces
GCF_900622655.1_MS14385,Homo sapiens,blood
GCF_029338275.1_ASM2933827v1,NA,sediment
GCF_003112165.1_ASM311216v1,Bos taurus,feces
GCF_013357805.1_ASM1335780v1,NA,Water sample
GCF_002906575.1_ASM290657v1,NA,marine solar saltern brine
GCF_036865645.1_ASM3686564v1,Triticum aestivum 'Rembrandt',Flag leaf of wheat
GCF_001686885.1_ASM168688v1,Bovine,mucus
GCF_025643575.1_ASM2564357v1,Homo sapiens,NA
GCF_018885385.1_ASM1888538v1,NA,soil
GCF_016921035.2_ASM1692103v2,NA,Cheddar cheese factory
GCF_037482135.1_ASM3748213v1,NA,Styx glacier
GCF_030177735.1_ASM3017773v1,Homo sapiens,Patients
GCF_947311705.1_CCOS_2040.3,NA,grassland soil
GCF_004136095.1_ASM413609v1,Bovine,bovine pre-evisceration carcass
GCF_023361075.1_ASM2336107v1,Homo sapiens,blood
GCF_000832405.1_ASM83240v1,Homo sapiens,Human blood
GCF_038421315.1_ASM3842131v1,Homo sapiens,urine
GCF_002012185.1_ASM201218v1,Homo sapiens,NA
GCF_013127955.1_ASM1312795v1,NA,NA
GCF_003812165.1_ASM381216v1,Homo sapiens,Throat (pharynx)
GCF_020906095.1_ASM2090609v1,Skeletonema costatum,estuarine water [ENVO:01000301]
GCF_007833255.1_ASM783325v1,Swine,blood from piglet with acute sepsis
GCF_002999195.2_ASM299919v2,Homo sapiens,NA
GCF_040235285.1_ASM4023528v1,Homo sapiens,sputum
GCF_905315395.2_NRS6134B,NA,vegetable plot
GCF_028463945.1_ASM2846394v1,Homo sapiens,NA
GCF_022759705.1_ASM2275970v1,Homo sapiens,NA
GCF_023821985.2_ASM2382198v2,NA,soil
GCF_022648125.1_ASM2264812v1,Homo sapiens,blood
GCF_024172545.1_ASM2417254v1,NA,fermented sausage
GCF_028219975.1_ASM2821997v1,Homo sapiens,sputum
GCF_030166455.1_ASM3016645v1,NA,water
GCF_022385275.1_ASM2238527v1,Homo sapiens,NA
GCF_964198765.1_Zagreb046_hybrid_assembly.fa.gz,Homo sapiens,clinical material
GCF_030979995.1_ASM3097999v1,NA,NA
GCF_003073775.1_ASM307377v1,NA,NA
GCF_036232805.1_ASM3623280v1,Homo sapiens,Cystic fibrosis human lung
GCF_014623245.1_ASM1462324v1,Cattle,feces
GCF_004135975.1_ASM413597v1,NA,water
GCF_000961275.1_ASM96127v1,Citrus sinensis,citrus infected tissue
GCF_022226915.1_ASM2222691v1,Homo sapiens,feces
GCF_029691875.1_ASM2969187v1,Homo sapiens,Forehead
GCF_001971605.1_ASM197160v1,Tephrosia purpurea subsp. apollinea,Leaves
GCF_001753445.1_ASM175344v1,NA,Cattle Hide
GCF_029318975.1_ASM2931897v1,bovine,NA
GCF_024298945.1_ASM2429894v1,Procambarus clarkii,NA
GCF_036884635.1_ASM3688463v1,Homo sapiens,stool
GCF_026684275.1_ASM2668427v1,Homo sapiens,anal swab
GCF_002005285.1_ASM200528v1,NA,lab strain
GCF_024296945.1_ASM2429694v1,NA,Piggery wastewater
GCF_001634305.1_ASM163430v1,NA,Geothermal isolate
GCF_030980035.1_ASM3098003v1,NA,Swine liver
GCF_001655335.1_ASM165533v1,Homo sapiens,Patient sample
GCF_018884765.1_ASM1888476v1,Homo sapiens,feces
GCF_029094545.1_ASM2909454v1,NA,soil
GCF_900639665.1_E7114_hybrid_assembly,NA,NA
GCF_024734095.1_ASM2473409v1,Gallus gallus (chicken),swab
GCF_014788525.1_ASM1478852v1,Homo sapiens,blood
GCF_015377525.1_ASM1537752v1,NA,probitic products
GCF_008370855.1_ASM837085v1,NA,activated sludge
GCF_019396925.1_ASM1939692v1,Banana,Tissue
GCF_006517075.1_ASM651707v1,NA,chicken
GCF_000194115.1_ASM19411v1,pig,ileum
GCF_002848745.1_ASM284874v1,Homo sapiens,blood
GCF_012955485.1_ASM1295548v1,Homo sapiens,feces
GCF_015571595.1_ASM1557159v1,Sus scrofa domesticus,feces
GCF_011742415.2_ASM1174241v2,Homo sapiens,blood
GCF_011290675.2_ASM1129067v2,NA,NA
GCF_000007525.1_ASM752v1,NA,NA
GCF_037890675.1_Methylovirgula_sp._4M-Z18,NA,forest soil
GCF_029854475.1_ASM2985447v1,Homo sapiens,blood
GCF_014969745.1_ASM1496974v1,NA,water(purple)/sediment(white)
GCF_013085485.1_ASM1308548v1,NA,sludge from bioreactor treating oxytetracycline bearing wastewater
GCF_002201855.1_ASM220185v1,NA,pig feces
GCF_964054465.1_30821_1_330,NA,NA
GCF_028749885.1_ASM2874988v1,Brassica oleracea var. capitata,Symptomatic leaf tissue
GCF_022558905.1_ASM2255890v1,Homo sapiens,urine
GCF_019321785.1_ASM1932178v1,Penaeus vannamei,NA
GCF_011466875.1_ASM1146687v1,Gallus gallus,lame broiler
GCF_019444195.1_ASM1944419v1,Homo sapiens,sputum
GCF_000754375.1_ASM75437v1,NA,NA
GCF_026104315.1_ASM2610431v1,NA,Wampee planting region
GCF_029393235.1_ASM2939323v1,Ruminant,NA
GCF_039645365.1_ASM3964536v1,NA,municipal wastewater
GCF_025916175.1_ASM2591617v1,Homo sapiens,urine
GCF_018751995.1_ASM1875199v1,NA,soil
GCF_029854615.1_ASM2985461v1,Homo sapiens,sputum
GCF_024509915.1_ASM2450991v1,NA,soil
GCF_013030115.1_ASM1303011v1,Homo sapiens,NA
GCF_904426485.1_2015-01-2097,Sus scrofa domesticus,Pig
GCF_021228955.1_ASM2122895v1,NA,retail chicken meat
GCF_016804005.1_ASM1680400v1,Solanum lycopersicum,leaf mold
GCF_001718975.1_ASM171897v1,NA,soil
GCF_000163915.2_ASM16391v2,Homo sapiens,biological product [ENVO:02000043]
GCF_024759345.1_ASM2475934v1,Homo sapiens,NA
GCF_039723445.1_ASM3972344v1,Homo sapiens,urine
GCF_019599145.1_ASM1959914v1,NA,soil
GCF_021497525.1_ASM2149752v1,NA,fermentation of straw
GCF_017726495.1_ASM1772649v1,Homo sapiens,Respiratory specimen
GCF_025884275.1_ASM2588427v1,Homo sapiens,urine
GCF_030169085.1_ASM3016908v1,NA,natto
GCF_000971765.1_ASM97176v1,Halyomorpha halys,distal midgut region V4
GCF_025984565.1_ASM2598456v1,Bovine,NA
GCF_003609835.1_ASM360983v1,NA,water
GCF_001989495.1_ASM198949v1,NA,river water
GCF_022213425.1_ASM2221342v1,Homo sapiens,blood
GCF_016889525.1_ASM1688952v1,pig,liver
GCF_036884455.1_ASM3688445v1,Homo sapiens,stool
GCF_002786455.2_ASM278645v2,NA,skin swab
GCF_016727385.1_ASM1672738v1,NA,NA
GCF_018884505.1_ASM1888450v1,Homo sapiens,stool
GCF_023374415.1_ASM2337441v1,Homo sapiens,NA
GCF_015377745.1_ASM1537774v1,NA,probitic products
GCF_033192035.1_ASM3319203v1,NA,oral swab
GCF_001028085.1_ASM102808v1,NA,thermophilic sediment
GCF_003288455.1_ASM328845v1,NA,NA
GCF_002741415.1_ASM274141v1,Homo sapiens,NA
GCF_013348905.1_ASM1334890v1,NA,telephone of Nurse station
GCF_019857365.1_ASM1985736v1,Homo sapiens,NA
GCF_023066705.1_ASM2306670v1,Homo sapiens,NA
GCF_000339015.1_ASM33901v1,NA,NA
GCF_028768505.1_ASM2876850v1,chicken,NA
GCF_021183685.1_ASM2118368v1,NA,NA
GCF_036865675.1_ASM3686567v1,Triticum aestivum 'Rembrandt',Flag leaf of wheat
GCF_022759565.1_ASM2275956v1,Homo sapiens,ascites
GCF_949789945.1_MIP2461_genome,NA,bacterial strain isolated from fresh salmon
GCF_002288505.1_ASM228850v1,G.max,NA
GCF_024606005.1_ASM2460600v1,Pig,feces
GCF_033865275.1_ASM3386527v1,Homo sapiens,patient
GCF_025369835.1_ASM2536983v1,Poultry,Broiler
GCF_030168635.1_ASM3016863v1,Homo sapiens,human
GCF_001644765.1_ASM164476v1,Homo sapiens,Urine sample
GCF_018128425.1_ASM1812842v1,Homo sapiens,outer malleolus
GCF_014131735.1_ASM1413173v1,pickled cabbage,NA
GCF_037081885.1_ASM3708188v1,NA,Hospital Wastewater
GCF_035209715.1_ASM3520971v1,NA,sourdough
GCF_025258745.1_ASM2525874v1,Homo sapiens,Wound/Abscess
GCF_009858195.1_ASM985819v1,Homo sapiens,NA
GCF_017301375.1_ASM1730137v1,Homo sapiens,blood
GCF_025135955.1_ASM2513595v1,NA,sewage plant
GCF_009497855.1_ASM949785v1,Beef,retail meat
GCF_040267585.1_MRSN129130,Homo sapiens,Surveillance
GCF_000521545.1_ASM52154v1,Myzus persicae (green peach aphid),tobacco
GCF_030515405.1_ASM3051540v1,Homo sapiens,blood
GCF_022405315.1_ASM2240531v1,Homo sapiens,NA
GCF_008693445.1_ASM869344v1,Homo sapiens,clinical isolate
GCF_030582195.1_ASM3058219v1,Glycine max,NA
GCF_003718255.1_ASM371825v1,NA,NA
GCF_025142855.1_ASM2514285v1,NA,ENVO:00002034
GCF_029229465.1_ASM2922946v1,NA,NA
GCF_020695705.1_ASM2069570v1,Homo sapiens,urine
GCF_001399515.1_ASM139951v1,NA,Tianjin
GCF_021166395.1_ASM2116639v1,Homo sapiens,fecal sample
GCF_028891525.1_ASM2889152v1,NA,sewage
GCF_004551645.1_ASM455164v1,NA,soil
GCF_025452215.1_ASM2545221v1,Vicia costata,root nodule
GCF_014081885.1_ASM1408188v1,NA,NA
GCF_006974205.1_ASM697420v1,NA,pond water
GCF_036226405.1_ASM3622640v1,NA,NA
GCF_024181765.1_ASM2418176v1,fish,NA
GCF_003355005.1_ASM335500v1,NA,Sf9 cell culture media
GCF_022353885.1_ASM2235388v1,NA,Shek Wu Hui WWTPs_71 WWTPs effluent
GCF_003324855.1_ASM332485v1,NA,NA
GCF_020035495.1_ASM2003549v1,NA,soil
GCF_022492855.1_ASM2249285v1,Homo sapiens,Rectal Swab
GCF_022559305.1_ASM2255930v1,Homo sapiens,urine
GCF_009856645.1_ASM985664v1,Homo sapiens,skin
GCF_037157705.1_ASM3715770v1,Homo sapiens,clean catch midstream urine
GCF_002934695.1_ASM293469v1,NA,NA
GCF_004010635.1_ASM401063v1,NA,stool
GCF_006228265.1_ASM622826v1,NA,beer
GCF_000494775.2_ASM49477v2,Homo sapiens,42-year old female
GCF_016756055.1_ASM1675605v1,Homo sapiens,sputum
GCF_024397455.1_ASM2439745v1,NA,soil
GCF_003589825.1_ASM358982v1,cattle,NA
GCF_020520185.1_ASM2052018v1,Homo sapiens,blood
GCF_022923775.1_ASM2292377v1,Homo sapiens,gastric biopsy
GCF_026016665.1_ASM2601666v1,Children,BALF
GCF_030162015.2_ASM3016201v2,NA,NA
GCF_004804375.1_ASM480437v1,Homo sapiens,throat swab
GCF_021399055.1_ASM2139905v1,NA,Atlantic salmon
GCF_023170545.1_ASM2317054v1,Anasa tristis,NA
GCF_032938575.1_ASM3293857v1,Homo sapiens,throat swab
GCF_030007575.1_ASM3000757v1,Homo sapiens,Human gut
GCF_026153595.1_ASM2615359v1,NA,Homo sapiens
GCF_023518175.1_ASM2351817v1,NA,NA
GCF_001941825.1_ASM194182v1,NA,wolfram mine tailing
GCF_016067395.1_ASM1606739v1,environment,feed
GCF_018075285.1_ASM1807528v1,Homo sapiens,pus
GCF_022811585.1_ASM2281158v1,kefir grains,NA
GCF_012052965.1_ASM1205296v1,Homo sapiens,Diarrheal patient
GCF_021137915.1_ASM2113791v1,Homo sapiens,urine
GCF_002393425.1_ASM239342v1,NA,Onion
GCF_001908755.1_ASM190875v1,Solanum lycopersicum,tomato leaf
GCF_003956005.1_ASM395600v1,Homo sapiens,Bronchoalveolar lavage
GCF_013625575.1_ASM1362557v1,NA,Wastewater effluent sample
GCF_016903375.1_ASM1690337v1,Homo sapiens,NA
GCF_021089875.1_ASM2108987v1,NA,urine
GCF_037949285.1_GXIMD4216,NA,mangrove soil
GCF_027594745.1_ASM2759474v1,NA,Marine upper littoral rock-pool
GCF_019702985.1_ASM1970298v1,Homo sapiens,bile
GCF_030389275.1_ASM3038927v1,Homo sapiens,drain drainage
GCF_040267575.1_MRSN914033,Homo sapiens,Surveillance
GCF_014189395.1_ASM1418939v1,Homo sapiens,Rectum
GCF_009834185.1_ASM983418v1,Tanacetum vulgare,plant
GCF_022494455.1_ASM2249445v1,NA,Stanley WWTPs_8 WWTPs influent
GCF_002763995.1_ASM276399v1,Bos mutus,NA
GCF_040687775.1_ASM4068777v1,NA,NA
GCF_002356135.1_ASM235613v1,NA,fermented milk
GCF_003019035.1_ASM301903v1,Homo sapiens,stool
GCF_001663455.1_ASM166345v1,Homo sapiens,NA
GCF_003018215.1_ASM301821v1,Homo sapiens,stool
GCF_000220485.1_ASM22048v1,NA,NA
GCF_010587055.1_ASM1058705v1,Brittle root,NA
GCF_040255065.1_ASM4025506v1,Homo sapiens,NA
GCF_029906465.1_ASM2990646v1,Homo sapiens,sputum
GCF_040549775.1_ASM4054977v1,NA,hospital
GCF_025560285.1_ASM2556028v1,walnut,crown gall
GCF_001513655.1_ASM151365v1,Homo sapiens,NA
GCF_031585635.1_ASM3158563v1,NA,Rhizosphere soil of Tomato
GCF_037039415.1_Sporosarcina_5t-3-20_v2_all,NA,Middle part of the water column of temporary meltwater pond
GCF_016903115.1_ASM1690311v1,Homo sapiens,NA
GCF_034426955.1_ASM3442695v1,NA,Broad bean paste
GCF_008330585.1_ASM833058v1,Homo sapiens,wound
GCF_024466835.1_ASM2446683v1,Yunnan Silkie Chicken,NA
GCF_040268335.1_ASM4026833v1,Homo sapiens,sputum
GCF_003429625.1_ASM342962v1,Homo sapiens,sputum
GCF_000813165.1_ASM81316v1,chicken,NA
GCF_001664125.1_ASM166412v1,Phaseolus vulgaris,legume-root nodule
GCF_003932915.1_ASM393291v1,Homo sapiens,blood
GCF_003181095.1_ASM318109v1,Homo sapiens,NA
GCF_010092545.1_ASM1009254v1,Oncorhynchus kisutch,ENVO:01000312
GCF_905315025.2_NRS6131B,NA,worm bin
GCF_019056595.1_ASM1905659v1,Solanum tuberosum,plant
GCF_025138865.1_ASM2513886v1,NA,ENVO:00002034
GCF_033687125.1_ASM3368712v1,NA,hospital
GCF_015710975.1_ASM1571097v1,NA,NA
GCF_015767875.1_ASM1576787v1,NA,NA
GCF_022647945.1_ASM2264794v1,Homo sapiens,blood
GCF_015355995.1_ASM1535599v1,Homo sapiens,NA
GCF_002761255.1_ASM276125v1,Homo sapiens,Peritoneal fluid
GCF_027944795.1_ASM2794479v1,NA,ICU patient oral swab
GCF_021513115.1_ASM2151311v1,Homo sapiens,NA
GCF_023518315.1_ASM2351831v1,Homo sapiens,blood
GCF_040822525.1_ASM4082252v1,Homo sapiens,feces
GCF_964198875.1_Zagreb010_hybrid_assembly.fa.gz,Homo sapiens,clinical material
GCF_011465945.1_ASM1146594v1,Homo sapiens,clinical
GCF_022923515.1_ASM2292351v1,Homo sapiens,gastric biopsy
GCF_039906065.1_ASM3990606v1,Homo sapiens,secretion
GCF_004684345.1_ASM468434v1,Rainbow trout,kidney
GCF_021399235.1_ASM2139923v1,NA,Rainbow trout
GCF_000317675.1_ASM31767v1,NA,fresh water
GCF_001729265.2_ASM172926v2,Ictalurus punctatus,NA
GCF_002080455.1_ASM208045v1,NA,forest soil of Shengnongjia
GCF_028752055.1_ASM2875205v1,Cucurbita pepo,Jack O'Lantern-type pumpkin plants
GCF_036700025.1_ASM3670002v1,Mus musculus,NA
GCF_024266485.1_ASM2426648v1,Homo sapiens,stool
GCF_002749495.1_ASM274949v1,Homo sapiens,skin swab
GCF_036226665.1_ASM3622666v1,NA,NA
GCF_029392835.1_ASM2939283v1,Frieseomelitta varia,Rain forest
GCF_003717035.1_ASM371703v1,NA,NA
GCF_010365345.1_ASM1036534v1,NA,environment
GCF_036328175.1_ASM3632817v1,NA,soil
GCF_001020985.1_ASM102098v1,Mustela putorius furo,necropsy lung; liver and kidney tissue
GCF_029580835.1_ASM2958083v1,Homo sapiens,feces
GCF_003798425.1_ASM379842v1,Homo sapiens,NA
GCF_002943995.1_ASM294399v1,Homo sapiens,Sputum
GCF_011022295.1_ASM1102229v1,Plant,NA
GCF_018987325.1_ASM1898732v1,Sus scrofa,NA
GCF_001704315.1_ASM170431v1,Drosophila melanogaster,whole fly
GCF_014170855.1_ASM1417085v1,NA,wastewater
GCF_025562675.2_ASM2556267v2,Homo sapiens,urethral swab
GCF_003660105.1_ASM366010v1,bovine,Aborted bovine fetus; brain
GCF_022699305.1_ASM2269930v1,Homo sapiens,sputum of human
GCF_010731295.1_ASM1073129v1,NA,NA
GCF_000298435.2_ASM29843v2,Homo sapiens,throat of humans with an influenza-like infection
GCF_030585795.1_ASM3058579v1,NA,vacuum-packed
GCF_030034615.1_ASM3003461v1,Homo sapiens,sputum
GCF_036287375.1_ASM3628737v1,Homo sapiens,blood
GCF_028743335.1_ASM2874333v1,Homo sapiens,NA
GCF_009931095.1_ASM993109v1,Homo sapiens,Physical
GCF_014117345.2_ASM1411734v2,Homo sapiens,stool
GCF_037157735.1_ASM3715773v1,Homo sapiens,clean catch midstream urine
GCF_000283735.1_ASM28373v1,NA,NA
GCF_013899845.1_ASM1389984v1,NA,Pooled sheep faecal samples collected from floor of farm
GCF_033232085.1_ASM3323208v1,Homo sapiens,NA
GCF_024585465.1_ASM2458546v1,Poultry,Cloacal sample
GCF_025398375.1_ASM2539837v1,Homo sapiens,urine
GCF_002082785.1_ASM208278v1,Homo sapiens,sputum
GCF_019175405.1_ASM1917540v1,NA,infant feces
GCF_023151555.2_ASM2315155v2,NA,mangrove sediment
GCF_002180275.1_ASM218027v1,NA,NA
GCF_000626675.1_ASM62667v1,NA,NA
GCF_013200995.1_ASM1320099v1,NA,soil
GCF_005518075.1_ASM551807v1,NA,mycoplasma culture contaminant
GCF_021442005.1_ASM2144200v1,Homo sapiens,blood
GCF_019970975.1_ASM1997097v1,NA,NA
GCF_001952835.1_ASM195283v1,Homo sapiens,pus
GCF_020736285.1_ASM2073628v1,Homo sapiens,NA
GCF_003031975.1_ASM303197v1,NA,NA
GCF_013046845.1_ASM1304684v1,NA,beef burger
GCF_019329565.1_ASM1932956v1,Homo sapiens,NA
GCF_026689375.1_ASM2668937v1,NA,Chinese sauerkraut
GCF_022354205.1_ASM2235420v1,NA,Shek Wu Hui WWTPs_116 WWTPs influent
GCF_008386295.1_ASM838629v1,yak,milk
GCF_013426075.1_ASM1342607v1,NA,Sewage
GCF_021952865.1_ASM2195286v1,Tomato,Tomato seed
GCF_000016765.1_ASM1676v1,NA,NA
GCF_018228565.1_ASM1822856v1,NA,soil
GCF_001515705.1_ASM151570v1,NA,From patient with wound infection
GCF_024346895.1_ASM2434689v1,Homo sapiens,sputum
GCF_018845095.1_ASM1884509v1,NA,NA
GCF_003411785.2_ASM341178v2,Homo sapiens,blood
GCF_003990375.1_ASM399037v1,swine,feces
GCF_009661455.2_ASM966145v2,Homo sapiens,blood
GCF_905330065.2_AI2834v1_cpp,Homo sapiens,Hospital General de Alicante (Alicante)
GCF_019823105.1_ASM1982310v1,NA,NA
GCF_017164895.1_ASM1716489v1,NA,Bovine Faeces
GCF_014169735.1_ASM1416973v1,NA,wastewater
GCF_014023275.1_ASM1402327v1,NA,bay water
GCF_000026745.1_ASM2674v1,NA,human case of meningitis
GCF_000025425.1_ASM2542v1,sheep,aborted placenta
GCF_036227285.1_ASM3622728v1,NA,NA
GCF_000020185.1_ASM2018v1,NA,NA
GCF_022558585.1_ASM2255858v1,Manis javanica,NA
GCF_014906145.1_ASM1490614v1,NA,traditional Thai fermented pork sausage
GCF_013874155.1_ASM1387415v1,Homo sapiens,stool
GCF_021117075.1_ASM2111707v1,swine,feces swab
GCF_013376935.1_ASM1337693v1,NA,chicken
GCF_022964895.1_ASM2296489v1,Homo sapiens,Chronic wound
GCF_016618215.1_ASM1661821v1,Homo sapiens,Rectal swab
GCF_003146655.1_ASM314665v1,Homo sapiens,Peri-rectal
GCF_039619455.1_ASM3961945v1,NA,Daqu
GCF_006228465.1_ASM622846v1,Punica granatum,leaf
GCF_029953555.1_ASM2995355v1,Homo sapiens,NA
GCF_038427395.1_ASM3842739v1,Homo sapiens,blood
GCF_015571915.1_ASM1557191v1,Sus scrofa domesticus,feces
GCF_028596045.1_ASM2859604v1,Homo sapiens,nose
GCF_040687745.1_ASM4068774v1,NA,NA
GCF_003234885.2_ASM323488v2,NA,leaf litter
GCF_008931845.1_ASM893184v1,NA,Ixodes spinipalpis
GCF_023362175.1_ASM2336217v1,Homo sapiens,blood
GCF_000299355.1_ASM29935v1,NA,NA
GCF_001548295.1_ASM154829v1,NA,NA
GCF_025558205.1_ASM2555820v1,Camel,milk
GCF_001037585.2_ASM103758v2,Homo sapiens,NA
GCF_001186155.3_ASM118615v3,NA,soil
GCF_009762495.1_ASM976249v1,NA,Healthy human (stool)
GCF_002009115.1_ASM200911v1,Homo sapiens,NA
GCF_002892045.1_ASM289204v1,NA,clam larvae aquaculture
GCF_000284235.1_ASM28423v1,NA,NA
GCF_024223055.1_ASM2422305v1,NA,OTC cluster deletion mutant of Streptomyces rimosus subsp. rimosus HP126
GCF_027886645.1_ASM2788664v1,NA,laboratory strain
GCF_009739845.1_ASM973984v1,Homo sapiens,blood
GCF_019973695.1_ASM1997369v1,Homo sapiens,pleural effusion
GCF_003798225.1_ASM379822v1,NA,NA
GCF_000517625.1_ASM51762v1,NA,sediment of saline lake
GCF_007633215.1_ASM763321v1,Peromyscus leucopus,Stomach contents
GCF_002968935.1_ASM296893v1,pig,stool
GCF_040822515.1_ASM4082251v1,Homo sapiens,feces
GCF_019457715.1_ASM1945771v1,Canis lupus,urine
GCF_002140055.1_ASM214005v1,Penaeus vannamei,NA
GCF_001700985.1_ASM170098v1,NA,NA
GCF_037557155.1_ASM3755715v1,Homo sapiens,NA
GCF_018972185.1_ASM1897218v1,NA,Ocean water
GCF_034424255.1_ASM3442425v1,NA,NA
GCF_024663135.1_ASM2466313v1,NA,NA
GCF_003382725.1_ASM338272v1,canine,NA
GCF_003255835.1_ASM325583v1,Homo sapiens,Korean adult feces
GCF_018739525.1_ASM1873952v1,NA,soil
GCF_019552185.1_ASM1955218v1,goose,Epidemic materials
GCF_033061535.1_ASM3306153v1,Bos taurus,NA
GCF_022494605.1_ASM2249460v1,NA,river water
GCF_028596225.1_ASM2859622v1,NA,NA
GCF_027286205.1_ASM2728620v1,Homo sapiens,blood of patient with Lyme disease (erythema migrans) after tick-bite innoculated in Rag knock out mouse; and isolated in BSK culture
GCF_001548585.2_ASM154858v2,NA,fire pearl white nectarine
GCF_019969625.1_ASM1996962v1,NA,NA
GCF_016026215.1_ASM1602621v1,NA,NA
GCF_014169555.1_ASM1416955v1,NA,wastewater
GCF_024750575.1_ASM2475057v1,Dog,Small Animal Hospital; Chulalongkorn University
GCF_028749665.1_ASM2874966v1,Raphanus sativus cv. Aviso,Symptomatic leaf tissue
GCF_040549745.1_ASM4054974v1,NA,hospital
GCF_028747665.1_ASM2874766v1,Homo sapiens,blood
GCF_003991155.1_ASM399115v1,Homo sapiens,blood
GCF_003286595.3_ASM328659v3,Homo sapiens,NA
GCF_006740765.1_ASM674076v1,NA,Biocathode MCL; marine biofilm
GCF_024730945.1_ASM2473094v1,Homo sapiens,Bronchoalveolar lavage fluid
GCF_016415545.1_ASM1641554v1,Homo sapiens,rectal swab
GCF_002250945.2_ASM225094v2,NA,Mashed potatoes
GCF_023653865.1_ASM2365386v1,NA,conjugation assay
GCF_900234345.1_FLEC01_assembly_v1,NA,Human feces
GCF_001922245.1_ASM192224v1,Homo sapiens,TA
GCF_003856835.1_ASM385683v1,NA,sediment of marine solar saltern
GCF_002788295.1_ASM278829v1,NA,NA
GCF_037517435.1_ASM3751743v1,Dog,NA
GCF_019890895.1_ASM1989089v1,NA,kimchi (fermented cabbage)
GCF_022354065.1_ASM2235406v1,NA,Shek Wu Hui WWTPs_51 WWTPs effluent
GCF_019329705.1_ASM1932970v1,Homo sapiens,NA
GCF_012974585.1_ASM1297458v1,Duck,trachea
GCF_006171285.1_ASM617128v1,Homo sapiens,stool
GCF_020808965.1_ASM2080896v1,Homo sapiens,feces
GCF_025398115.1_ASM2539811v1,Homo sapiens,NA
GCF_024585605.1_ASM2458560v1,Poultry,Cloacal sample
GCF_009739655.1_ASM973965v1,Tomato,NA
GCF_904866335.1_INF266,Homo sapiens,urine
GCF_016925475.1_ASM1692547v1,Homo sapiens,blood
GCF_040759875.1_ASM4075987v1,Homo sapiens,Unknow
GCF_024972755.1_ASM2497275v1,NA,Kulunda Steppe hypersaline lake
GCF_027945115.1_ASM2794511v1,NA,rice
GCF_900638815.1_E0595_hybrid_assembly,NA,NA
GCF_017638885.1_ASM1763888v1,Homo sapiens,stool
GCF_002386365.1_ASM238636v1,Homo sapiens,Blood
GCF_019286755.1_ASM1928675v1,Homo sapiens,Endotracheal aspirate
GCF_013749735.1_ASM1374973v1,NA,Freshwater sample from downstream of wastewater treatment plant
GCF_020700235.1_ASM2070023v1,NA,saline soil
GCF_019048225.1_ASM1904822v1,NA,NA
GCF_000317065.1_ASM31706v1,NA,not provided; submitted under MIGS 2.1
GCF_030061715.1_ASM3006171v1,Homo sapiens,Isolated from peritoneal fluid of a 79 years old male
GCF_031198805.1_ASM3119880v1,NA,sediment core
GCF_030292135.1_ASM3029213v1,NA,NA
GCF_003663765.1_ASM366376v1,NA,chicken meat and conveyer belt
GCF_037778605.1_ASM3777860v1,Chicken,NA
GCF_023008585.1_ASM2300858v1,NA,saline soil
GCF_025200715.1_ASM2520071v1,Sulla coronaria,NA
GCF_018279165.1_ASM1827916v1,Grateloupia sp.,NA
GCF_021137975.1_ASM2113797v1,Homo sapiens,urine
GCF_030490485.1_ASM3049048v1,Homo sapiens,NA
GCF_002368355.1_ASM236835v1,NA,NA
GCF_013374255.1_ASM1337425v1,Homo sapiens,human stool
GCF_009671125.1_ASM967112v1,swine,feces
GCF_027944595.1_ASM2794459v1,NA,ICU staff rectal swab
GCF_002788115.1_ASM278811v1,NA,NA
GCF_023516115.1_ASM2351611v1,Homo sapiens,Human feces
GCF_014217375.1_ASM1421737v1,Homo sapiens,Subgingival dental plaque
GCF_000069185.1_ASM6918v1,NA,NA
GCF_020883275.1_ASM2088327v1,Homo sapiens,NA
GCF_021513315.1_ASM2151331v1,Homo sapiens,Pus
GCF_015693945.1_ASM1569394v1,NA,Tibetan kefir
GCF_022494435.1_ASM2249443v1,NA,Stanley WWTPs_6 WWTPs influent
GCF_001676785.2_ASM167678v2,Sus scrofa,NA
GCF_010587255.1_ASM1058725v1,Neoaliturus tenellus,NA
GCF_018986795.1_ASM1898679v1,NA,lettuce
GCF_004006295.1_ASM400629v1,NA,long-term organic manure fertilized alkaline soils
GCF_039619405.1_ASM3961940v1,NA,ropy bread
GCF_000520035.1_ASM52003v1,Homo sapiens,feces; clinical sample
GCF_025560085.1_ASM2556008v1,walnut,crown gall
GCF_003020725.1_ASM302072v1,Homo sapiens,blood
GCF_016903315.1_ASM1690331v1,Homo sapiens,NA
GCF_002843235.3_ASM284323v3,Homo sapiens,NA
GCF_027594725.1_ASM2759472v1,Torreya grandis,soil
GCF_030389215.1_ASM3038921v1,Homo sapiens,feces
GCF_003018795.1_ASM301879v1,NA,Stool
GCF_010384365.1_ASM1038436v1,Leontopodium nivale,rhizosphere
GCF_000439915.2_ASM43991v2,Homo sapiens,vaginal tract of a healthy female
GCF_017724115.1_ASM1772411v1,Homo sapiens,Respiratory specimen
GCF_028471925.1_ASM2847192v1,Homo sapiens,sputum
GCF_016027695.1_ASM1602769v1,NA,NA
GCF_013462275.1_ASM1346227v1,Homosapiens,cerebrospinal fluid; hospital
GCF_024181705.1_ASM2418170v1,NA,Kefir
GCF_040536875.1_ASM4053687v1,Wild bird,Fecal matter
GCF_003185005.1_ASM318500v1,Homo sapiens,left-sided endocarditis
GCF_029834495.1_ASM2983449v1,Osteoglossum bicirrhosum,liver tissue
GCF_013343635.1_ASM1334363v1,NA,cattle feces
GCF_022559365.1_ASM2255936v1,Homo sapiens,feces
GCF_002224525.1_ASM222452v1,wild cotton,NA
GCF_018176875.1_ASM1817687v1,NA,anal swab
GCF_000209675.1_ASM20967v1,Gallus gallus,lesion of a laying hen affected by peritonitis
GCF_000242855.2_ASM24285v2,NA,NA
GCF_029220065.1_ASM2922006v1,Solanum lycopersicum,NA
GCF_030706805.1_ASM3070680v1,Homo sapiens,urine
GCF_030162075.2_ASM3016207v2,NA,NA
GCF_014771055.1_ASM1477105v1,Bos taurus,non-specified beef samples
GCF_037905245.1_ASM3790524v1,Homo sapiens,Oral cavity
GCF_013395075.1_ASM1339507v1,NA,sourdough
GCF_009892365.1_ASM989236v1,Homo sapiens,NA
GCF_040282295.1_ASM4028229v1,Homo sapiens,NA
GCF_023922005.1_ASM2392200v1,fish,NA
GCF_001663855.1_ASM166385v1,NA,NA
GCF_018289275.1_ASM1828927v1,Homo sapiens,feces
GCF_024266685.1_ASM2426668v1,NA,soil
GCF_005217155.2_ASM521715v2,Homo sapiens,NA
GCF_019669345.1_ASM1966934v1,Homo sapiens,NA
GCF_904863235.1_MINF_7C,Homo sapiens,blood
GCF_021474285.1_ASM2147428v1,Homo sapiens,patient
GCF_905330265.2_AI2857v1_cpp,Homo sapiens,Hospital Universitario Mutua de Terrassa (Terrassa)
GCF_901827205.1_ASM90182720v1,NA,linuron-contaminated soil
GCF_034358925.1_ASM3435892v1,NA,activated sludge
GCF_002025145.1_ASM202514v1,Homo sapiens,pleural fluid
GCF_027919895.1_ASM2791989v1,NA,shrimp
GCF_001729765.1_ASM172976v1,Homo sapiens,blood
GCF_036289145.1_ASM3628914v1,Homo sapiens,urine
GCF_022923575.1_ASM2292357v1,Homo sapiens,gastric biopsy
GCF_020520385.1_ASM2052038v1,Homo sapiens,hospital
GCF_002850435.1_ASM285043v1,NA,tidal flat sample
GCF_037216975.1_ASM3721697v1,Glycine max,Root nodule from soybean plant inoculated with root zone soil from Apios americana
GCF_008926145.1_ASM892614v1,NA,bovine
GCF_025559685.1_ASM2555968v1,Camel,Pus swab
GCF_024732225.1_ASM2473222v1,NA,NA
GCF_018987345.1_ASM1898734v1,Sus scrofa,NA
GCF_000834475.1_ASM83447v1,NA,NA
GCF_020792675.1_ASM2079267v1,NA,kimchi
GCF_905329835.2_AI2821v1_cpp,Homo sapiens,Hospital Universitario La Paz (Madrid)
GCF_037508555.1_ASM3750855v1,Chicken,NA
GCF_003952705.1_ASM395270v1,Homo sapiens,urinary tract
GCF_022699365.1_ASM2269936v1,Bubalus bubalis,buffalo rumen
GCF_037055925.1_ASM3705592v1,Nyctereutes procyonoides,intestine
GCF_036226605.1_ASM3622660v1,NA,soil
GCF_002894385.2_ASM289438v2,Homo sapiens,NA
GCF_029961285.1_ASM2996128v1,Homo sapiens,Wound/Abscess
GCF_010365325.1_ASM1036532v1,NA,environment
GCF_001022055.1_ASM102205v1,Homo sapiens,Perirectal
GCF_001886355.1_ASM188635v1,NA,Soil
GCF_030020495.1_ASM3002049v1,Homo sapiens,urine
GCF_003666445.1_ASM366644v1,Rubus sp.,NA
GCF_037343325.1_BSN140,Homo sapiens,blood
GCF_028221515.1_ASM2822151v1,Homo sapiens,sputum
GCF_002009295.1_ASM200929v1,NA,NA
GCF_040549715.1_ASM4054971v1,NA,hospital
GCF_900087615.2_WHOM,NA,NA
GCF_029991195.1_ASM2999119v1,NA,wastewater
GCF_002950495.2_ASM295049v2,Homo sapiens,NA
GCF_002951635.1_ASM295163v1,Homo sapiens,Urine
GCF_037019775.1_ASM3701977v1,Homo sapiens,urine
GCF_035595475.1_ASM3559547v1,Homo sapiens,blood
GCF_009834405.1_ASM983440v1,NA,Tibetan traditional dairy products
GCF_011045475.1_ASM1104547v1,NA,Mastitis Milk
GCF_038441195.1_ASM3844119v1,Homo sapiens,Abs/pus/wd
GCF_008931245.1_ASM893124v1,Homo sapiens,stool
GCF_963777305.1_Bacillus_frigoritolerans,NA,NA
GCF_002285735.1_ASM228573v1,Sus scrofa domesticus,respiratory tract
GCF_026873525.1_ASM2687352v1,Homo sapiens,feces
GCF_009664065.1_ASM966406v1,Homo sapiens,stool
GCF_013743055.1_ASM1374305v1,NA,Wastewater influent sample
GCF_030271875.1_ASM3027187v1,chicken,chicken meat
GCF_029906405.1_ASM2990640v1,Apis mellifera,NA
GCF_015767815.1_ASM1576781v1,NA,lab
GCF_013285285.1_ASM1328528v1,swine,China
GCF_030996505.1_ASM3099650v1,dog,Prostatic abscess
GCF_040822545.1_ASM4082254v1,NA,hot spring water
GCF_016775685.1_ASM1677568v1,NA,chinese pickle
GCF_000402035.1_ASM40203v1,NA,NA
GCF_018075085.1_ASM1807508v1,NA,urine
GCF_035321985.1_ASM3532198v1,Homo sapiens,Ventral Tongue
GCF_025200575.1_ASM2520057v1,Bos taurus,feedlot
GCF_002208865.2_ASM220886v2,Homo sapiens,NA
GCF_001406795.1_Comamonas_testosteroni_P19,NA,biphenyl as a sole carbon source from the waste water
GCF_008033195.1_ASM803319v1,NA,kimchi
GCF_037882525.1_ASM3788252v1,Homo sapiens,NA
GCF_003254785.1_ASM325478v1,NA,Chinese pickle
GCF_009883735.1_ASM988373v1,Cucurbita maxima,NA
GCF_001713515.2_ASM171351v2,NA,organic spinach
GCF_904830765.1_PA_NIVACYA,NA,NA
GCF_030273345.1_ASM3027334v1,Homo sapiens,blood
GCF_016865405.1_ASM1686540v1,NA,deep marine sediment
GCF_003571725.1_ASM357172v1,NA,Laboratory contaminant
GCF_008831465.1_ASM883146v1,Homo sapiens,NA
GCF_015571975.1_ASM1557197v1,Sus scrofa domesticus,swab
GCF_030062895.1_ASM3006289v1,Meles meles,Feces
GCF_002357915.1_ASM235791v1,Sus scrofa,NA
GCF_035319905.1_ASM3531990v1,Homo sapiens,patient
GCF_032878755.1_ASM3287875v1,Homo sapiens,clinical isolate
GCF_012050205.1_ASM1205020v1,Homo sapiens,Diarrheal patient
GCF_003018815.1_ASM301881v1,Homo sapiens,stool
GCF_027286005.1_ASM2728600v1,Ixodes ricinus,Ixodes ricinus larvae cultured in MKP-F (human serum)
GCF_001660025.1_ASM166002v1,Bos taurus,raw cow milk
GCF_017352295.1_ASM1735229v1,swine,pig
GCF_014169755.1_ASM1416975v1,NA,wastewater
GCF_018604365.1_ASM1860436v1,Homo sapiens,blood
GCF_030413195.1_ASM3041319v1,Homo sapiens,NA
GCF_013085865.1_ASM1308586v1,Homo sapiens,rectal swab from healthy college student
GCF_013376955.1_ASM1337695v1,NA,chicken
GCF_904864475.1_INF168,Homo sapiens,wound swab
GCF_037280805.1_ASM3728080v1,Homo sapiens,bloodstream
GCF_901733115.1_Escherichia_coli_MAD,NA,NA
GCF_000211375.1_ASM21137v1,NA,NA
GCF_023362115.1_ASM2336211v1,Homo sapiens,blood
GCF_037513105.1_ASM3751310v1,Mammal,NA
GCF_009857075.1_ASM985707v1,Homo sapiens,feces
GCF_004768685.1_ASM476868v1,Homo sapiens,blood
GCF_025558265.1_ASM2555826v1,Camel,milk
GCF_013819085.1_ASM1381908v1,NA,Pooled sheep faecal samples collected from floor of farm
GCF_024585405.1_ASM2458540v1,Poultry,Cloacal sample
GCF_003018195.1_ASM301819v1,NA,NA
GCF_034627565.1_ASM3462756v1,NA,NA
GCF_002950215.1_ASM295021v1,NA,NA
GCF_021610105.1_ASM2161010v1,Homo sapiens,NA
GCF_015475955.1_ASM1547595v1,Prunus cerasifera,NA
GCF_008124325.1_ASM812432v1,NA,mouse gut
GCF_001932835.1_ASM193283v1,Salmo salar,Muscle
GCF_016925675.1_ASM1692567v1,NA,Hygromycin B antibiotic bottle
GCF_024972555.1_ASM2497255v1,Homo sapiens,stool
GCF_015291645.1_ASM1529164v1,Arachis hypogaea,nodule
GCF_021654355.1_ASM2165435v1,NA,NA
GCF_013749535.1_ASM1374953v1,NA,Freshwater sample from downstream of wastewater treatment plant
GCF_019175465.1_ASM1917546v1,NA,stream/river surface water
GCF_011304595.2_ASM1130459v2,Homo sapiens,NA
GCF_036287315.1_ASM3628731v1,NA,soil
GCF_021057265.1_ASM2105726v1,Homo sapiens,NA
GCF_030034675.1_ASM3003467v1,Homo sapiens,sputum
GCF_019048025.1_ASM1904802v1,NA,NA
GCF_034568915.1_ASM3456891v1,NA,soil
GCF_002019265.2_ASM201926v2,Duranta erecta,NA
GCF_949788565.1_23495_7_283_h_nanopore,Bos taurus,bovine milk
GCF_008330605.1_ASM833060v1,NA,Meju; fermented soybean
GCF_030489985.1_ASM3048998v1,Homo sapiens,NA
GCF_037157755.1_ASM3715775v1,NA,food
GCF_007998125.1_ASM799812v1,Sus scrofa domesticus,NA
GCF_025987665.1_ASM2598766v1,Phaseolus vulgaris,leaf
GCF_025561605.1_ASM2556160v1,Camel,NA
GCF_024498915.1_ASM2449891v1,NA,soil
GCF_034448755.1_ASM3444875v1,Chicken,Dragswab
GCF_003325075.1_ASM332507v1,NA,NA
GCF_016653695.1_ASM1665369v1,NA,water
GCF_031210105.1_ASM3121010v1,NA,soil
GCF_022788715.1_ASM2278871v1,NA,Sediment from the Channel Sea by Roscoff
GCF_901457835.2_ASM90145783v2.txt,NA,Prochlorococcus enrichment culture
GCF_021442065.1_ASM2144206v1,Homo sapiens,urine
GCF_002220635.1_ASM222063v1,Homo sapiens,University of Michigan Health System
GCF_000756615.1_ASM75661v1,NA,marine sediment
GCF_009688985.1_ASM968898v1,NA,shallow marine sediment
GCF_030013595.1_ASM3001359v1,Sus scrofa,feces
GCF_022354265.1_ASM2235426v1,NA,Shatin WWTPs_15 WWTPs effluent
GCF_900169085.1_SWA-2,Sus scrofa domesticus,pig
GCF_009662135.1_ASM966213v1,Homo sapiens,NA
GCF_000009125.1_ASM912v1,NA,NA
GCF_001713395.1_ASM171339v1,NA,Algal phycosphere
GCF_019329505.1_ASM1932950v1,Homo sapiens,NA
GCF_003193725.1_ASM319372v1,NA,NA
GCF_019329765.1_ASM1932976v1,Homo sapiens,NA
GCF_022354005.1_ASM2235400v1,NA,Shek Wu Hui WWTPs_60 WWTPs effluent
GCF_012219705.1_ASM1221970v1,NA,sewage from Environmental Centre Robert O. Picard
GCF_019107685.1_ASM1910768v1,Homo sapiens,NA
GCF_000832385.1_ASM83238v1,NA,NA
GCF_024700835.2_ASM2470083v2,Homo sapiens,stool sample
GCF_004101845.1_ASM410184v1,NA,milk
GCF_025561465.1_ASM2556146v1,Camel,milk
GCF_037571465.1_ASM3757146v1,Chicken,NA
GCF_022369355.1_ASM2236935v1,NA,Manis javanica
GCF_003952885.1_ASM395288v1,NA,kimchi
GCF_019048245.1_ASM1904824v1,NA,NA
GCF_003956385.1_ASM395638v1,Homo sapiens,stool
GCF_028335285.1_ASM2833528v1,Bos taurus,fecal sample
GCF_022695865.1_ASM2269586v1,Gallus gallus domesticus,cecum of Ec-RL2-1X 2-week old broiler chicken on used pine shavings infected with Salmonella enterica serovar Heidelberg
GCF_003052785.2_ASM305278v2,homo,Foodborne disease surveillance
GCF_030061775.1_ASM3006177v1,Homo sapiens,Isolated from bone tissue of a 71 years old male
GCF_000196475.1_ASM19647v1,NA,NA
GCF_036232685.1_ASM3623268v1,Homo sapiens,Cystic fibrosis human lung
GCF_030292155.1_ASM3029215v1,NA,field soil
GCF_014859005.1_ASM1485900v1,NA,lowbush blueberries
GCF_008931445.1_ASM893144v1,NA,Shower 3
GCF_002501585.1_ASM250158v1,NA,marine sediment
GCF_000328665.1_ASM32866v1,NA,Anaerobic top layer (5 to 10 cm) of sediment (depth; 50 cm) in a eutrophic freshwater pond at the Dekkerswald Institute; Nijmegen; The Netherlands
GCF_025398175.1_ASM2539817v1,NA,sea water
GCF_024585665.1_ASM2458566v1,Poultry,Cloacal sample
GCF_009834205.1_ASM983420v1,Androsace koso-poljanskii,plant
GCF_040215555.1_ASM4021555v1,calf,feces
GCF_003342715.1_ASM334271v1,NA,biological fluid
GCF_022759985.1_ASM2275998v1,Homo sapiens,stool
GCF_013747755.1_ASM1374775v1,NA,Wastewater effluent sample
GCF_024972735.1_ASM2497273v1,NA,Kulunda Steppe hypersaline lake
GCF_000195275.1_ASM19527v1,swine,colon
GCF_016925415.1_ASM1692541v1,Homo sapiens,blood
GCF_001529935.1_ASM152993v1,Homo sapiens,blood
GCF_024138995.1_ASM2413899v1,Populus x canadensis cv. '74/76',bark
GCF_027945175.1_ASM2794517v1,Homo sapiens,patient
GCF_006088795.1_ASM608879v1,NA,NA
GCF_000755585.2_ASM75558v2,NA,permafrost
GCF_021655785.1_ASM2165578v1,duck,Epidemic materials
GCF_003184425.1_ASM318442v1,NA,Raw almonds
GCF_004028295.1_ASM402829v1,NA,Tibet kefir
GCF_928371855.1_BB1501_assembly_hybrid,NA,NA
GCF_002934285.1_ASM293428v1,NA,NA
GCF_034424235.1_ASM3442423v1,NA,soil [ENVO:00001998]
GCF_034068865.1_ASM3406886v1,Homo sapiens,Endotracheal tube discharge
GCF_003254805.1_ASM325480v1,NA,acid mine decant and tailings from uranium mine
GCF_025141935.1_ASM2514193v1,NA,ENVO:00002034
GCF_013394495.1_ASM1339449v1,Homo sapiens,stool
GCF_001886555.1_ASM188655v1,Homo sapiens,Clinical
GCF_026409165.1_ASM2640916v1,Homo sapiens,clinical
GCF_000759515.1_ASM75951v1,NA,Bovine
GCF_037520035.1_ASM3752003v1,Dog,NA
GCF_964046665.1_30345_1_186,NA,NA
GCF_003352165.1_ASM335216v1,NA,acidic mine water
GCF_032346775.2_ASM3234677v2,Homo sapiens,NA
GCF_019969645.1_ASM1996964v1,NA,NA
GCF_023093975.1_ASM2309397v1,Homo sapiens,blood
GCF_014169535.1_ASM1416953v1,NA,wastewater
GCF_002850235.1_ASM285023v1,pig,NA
GCF_009759845.1_ASM975984v1,NA,human feces (woman; 24 years old)
GCF_022558785.1_ASM2255878v1,Homo sapiens,urine
GCF_028749605.1_ASM2874960v1,Matthiola incana,Symptomatic leaf tissue
GCF_003351885.1_ASM335188v1,NA,shrimp
GCF_021117275.1_ASM2111727v1,NA,human skin swab
GCF_018604105.1_ASM1860410v1,Homo sapiens,blood
GCF_000204415.1_ASM20441v1,NA,NA
GCF_035584575.1_ASM3558457v1,Homo sapiens,Bronchoalveolar lavage fluid
GCF_946414065.1_SJC1044,NA,Bloodstream
GCF_030323685.1_ASM3032368v1,Homo sapiens,NA
GCF_000725285.1_ASM72528v1,NA,1 month-old fish sauce mash
GCF_033229485.1_ASM3322948v1,Homo sapiens,NA
GCF_018739545.1_ASM1873954v1,NA,soil
GCF_002243445.1_ASM224344v1,Homo sapiens,NA
GCF_023734995.1_ASM2373499v1,Homo sapiens,NA
GCF_000021525.1_ASM2152v1,NA,NA
GCF_028596245.1_ASM2859624v1,NA,NA
GCF_037056405.1_ASM3705640v1,Vulpes vulpes,intestine
GCF_030845575.1_ASM3084557v1,Homo sapiens,wound
GCF_032253935.1_ASM3225393v1,Homo sapiens,tracheal aspirate
GCF_025244785.1_ASM2524478v1,NA,Dendrobium officinale Kimura et Migo
GCF_010092585.1_ASM1009258v1,Salmo salar,ENVO:01000312
GCF_026247825.1_ASM2624782v1,Homo sapiens,hospital
GCF_039621415.1_ASM3962141v1,NA,Mahewu
GCF_001901365.1_ASM190136v1,NA,forest soil
GCF_021498025.2_ASM2149802v2,duck,NA
GCF_039658515.1_ASM3965851v1,NA,seafood
GCF_023035415.1_ASM2303541v1,Homo sapiens,blood
GCF_005886715.1_ASM588671v1,Homo sapiens,NA
GCF_005081445.1_ASM508144v1,Hyadaphis tataricae,air
GCF_026976315.1_ASM2697631v1,NA,kimchi
GCF_015355955.1_ASM1535595v1,Homo sapiens,NA
GCF_015136055.1_ASM1513605v1,NA,sewage
GCF_017603725.1_ASM1760372v1,Homo sapiens,blood
GCF_021655715.1_ASM2165571v1,goose,Epidemic materials
GCF_037199595.2_BSN92_Closure,Homo sapiens,blood
GCF_964065095.1_Lentilactobacillus_buchneri_CIRM-BIA2511,NA,NA
GCF_003203455.1_ASM320345v1,Gallus gallus,gut contents
GCF_016939835.1_ASM1693983v1,Homo sapiens,urine
GCF_025560245.1_ASM2556024v1,walnut,crown gall
GCF_038441135.1_ASM3844113v1,Homo sapiens,blood
GCF_026015945.1_ASM2601594v1,Homo sapiens,blood
GCF_035594265.1_ASM3559426v1,Homo sapiens,rectal swab
GCF_023159405.1_ASM2315940v1,NA,soil sample
GCF_001902495.1_ASM190249v1,NA,NA
GCF_016027455.1_ASM1602745v1,NA,NA
GCF_037524795.1_ASM3752479v1,Homo sapiens,NA
GCF_030388665.1_ASM3038866v1,NA,Pear garden topsoil
GCF_010365385.1_ASM1036538v1,NA,environment
GCF_001305615.1_ASM130561v1,NA,oil contaminated tidal flat
GCF_029961225.1_ASM2996122v1,NA,Human saliva
GCF_026075575.1_ASM2607557v1,Homo sapiens,blood
GCF_003718355.1_ASM371835v1,NA,NA
GCF_011765625.1_ASM1176562v1,Perinereis linea,intestinal content
GCF_019186805.1_ASM1918680v1,NA,Fresh water
GCF_001579785.1_ASM157978v1,canine,NA
GCF_039725435.1_ASM3972543v1,Homo sapiens,urine
GCF_029011275.1_ASM2901127v1,Homo sapiens,vagina
GCF_023299665.1_ASM2329966v1,NA,pet food (BARF)
GCF_014721075.1_ASM1472107v1,Homo sapiens,blood
GCF_001928095.2_ASM192809v2,Oryza sativa,NA
GCF_037083885.2_BSN89_Closure,Homo sapiens,blood
GCF_018729255.1_ASM1872925v1,NA,sewage water sludge
GCF_003949595.2_ASM394959v2,Homo sapiens,trach asp
GCF_000349945.1_ASM34994v1,NA,NA
GCF_003597695.1_ASM359769v1,Homo sapiens,Rectal swab
GCF_005885775.1_ASM588577v1,Homo sapiens,throat
GCF_003048835.2_ASM304883v2,Homo sapiens,saliva
GCF_020882605.1_ASM2088260v1,NA,ENVO:00002149
GCF_003113455.3_ASM311345v3,Oreochromis niloticus,NA
GCF_020520325.1_ASM2052032v1,Homo sapiens,hospital
GCF_025559625.1_ASM2555962v1,Camel,NA
GCF_024732285.1_ASM2473228v1,Homo sapiens,stool
GCF_025502545.1_ASM2550254v1,NA,soil
GCF_002866045.1_ASM286604v1,NA,NA
GCF_016454665.1_ASM1645466v1,NA,turkey
GCF_016726945.1_ASM1672694v1,NA,NA
GCF_014361115.1_ASM1436111v1,Homo sapiens,bile
GCF_012167385.1_ASM1216738v1,NA,milk
GCF_014334275.1_ASM1433427v1,NA,NA
GCF_025947955.1_ASM2594795v1,NA,surface soil
GCF_023022925.1_ASM2302292v1,chicken,NA
GCF_004124235.1_ASM412423v1,NA,Pig environment
GCF_024266445.1_ASM2426644v1,Homo sapiens,stool
GCF_030553115.1_ASM3055311v1,NA,dried distillers grain
GCF_009740005.1_ASM974000v1,Apostichopus japonicus,NA
GCF_002741515.1_ASM274151v1,NA,NA
GCF_025958865.1_ASM2595886v1,Homo sapiens,NA
GCF_002011965.1_ASM201196v1,Homo sapiens,NA
GCF_001692275.2_ASM169227v2,quaking aspen,plant
GCF_001971705.1_ASM197170v1,NA,NA
GCF_001753545.1_ASM175354v1,NA,Cattle Hide
GCF_002860085.1_ASM286008v1,Homo sapiens,Rectal Swab
GCF_036865865.1_ASM3686586v1,Triticum aestivum 'Rembrandt',Flag leaf of wheat
GCF_001483965.1_ASM148396v1,NA,seawater
GCF_003073675.1_ASM307367v1,NA,NA
GCF_021474225.1_ASM2147422v1,Olea,NA
GCF_001420935.1_ASM142093v1,Homo sapiens,NA
GCF_025628925.2_ASM2562892v2,NA,wastewater
GCF_023205015.1_ASM2320501v1,Homo sapiens,cerebrospinal fluid
GCF_021789315.1_ASM2178931v1,NA,groundwater
GCF_016756095.1_ASM1675609v1,Homo sapiens,sputum
GCF_028609685.1_ASM2860968v1,NA,Litopenaeus vannamei
GCF_021184225.1_ASM2118422v1,Homo sapiens,blood
GCF_000819665.1_ASM81966v1,NA,soil
GCF_001188815.1_ASM118881v1,NA,NA
GCF_002310335.1_ASM231033v1,Dicentrarchus labrax,NA
GCF_021399095.1_ASM2139909v1,NA,Rainbow trout
GCF_031851605.1_ASM3185160v1,Homo sapiens,NA
GCF_015159775.2_ASM1515977v2,Homo sapiens,blood
GCF_014721215.1_ASM1472121v1,Homo sapiens,blood
GCF_026013725.1_ASM2601372v1,Hono sapiens,NA
GCF_009363795.1_ASM936379v1,NA,Surface of a polyethylene microplastic particle present in tank 6 of a marine aquarium containing stony-coral fragments and water maintained at 26 degree C
GCF_009720585.1_ASM972058v1,Korean traditional fermented food,kimchi (Korean traditional fermented food)
GCF_003812065.1_ASM381206v1,Homo sapiens,NA
GCF_018326285.1_ASM1832628v1,Homo sapiens,NA
GCF_030388405.1_ASM3038840v1,Caribbean spiny lobster,hepatopancreas
GCF_001277995.1_ASM127799v1,NA,mixed sand sample
GCF_020684825.1_ASM2068482v1,Medicago,lupulina
GCF_031224875.1_ASM3122487v1,Homo sapiens,sputum
GCF_002012085.1_ASM201208v1,Homo sapiens,NA
GCF_008727635.1_ASM872763v1,NA,NA
GCF_040267725.1_ASM4026772v1,NA,raw milk
GCF_000784985.1_ASM78498v1,Homo sapiens,perirectal swab
GCF_022492895.1_ASM2249289v1,Homo sapiens,Rectal Swab
GCF_019977335.1_ASM1997733v1,NA,soil
GCF_018741005.1_ASM1874100v1,NA,soil
GCF_027474405.1_ASM2747440v1,Paralichthys olivaceus,stomach
GCF_903886595.1_Streptococcus_thermophilus_CIRM_956,NA,cow raw milk
GCF_002870165.1_ASM287016v1,Homo sapiens,NA
GCF_014189355.1_ASM1418935v1,Homo sapiens,NA
GCF_000812665.2_ASM81266v2,NA,marine sediment
GCF_001938665.1_ASM193866v1,NA,Lake Untersee
GCF_004153325.1_ASM415332v1,catfish,NA
GCF_001077655.1_ASM107765v1,Homo sapiens,blood
GCF_030062805.1_ASM3006280v1,Meles meles,Feces
GCF_025765915.1_ASM2576591v1,Oryza sativa,NA
GCF_018460045.1_ASM1846004v1,NA,stool
GCF_012562465.1_ASM1256246v1,Plantain,stem
GCF_017863935.1_ASM1786393v1,Homo sapiens,Not defined
GCF_013743295.1_ASM1374329v1,NA,Wastewater influent sample
GCF_024917875.1_ASM2491787v1,Homo sapiens,blood
GCF_004919405.1_ASM491940v1,Homo sapiens,NA
GCF_023035675.1_ASM2303567v1,Homo sapiens,blood
GCF_002848645.1_ASM284864v1,Homo sapiens,blood
GCF_039852005.1_ASM3985200v1,Bos taurus,feces
GCF_022879575.1_ASM2287957v1,Jalysus wickhami,NA
GCF_030490425.1_ASM3049042v1,Homo sapiens,NA
GCF_024224875.1_ASM2422487v1,Gallus gallus domesticus,pooled poultry feces
GCF_027944535.1_ASM2794453v1,NA,sewage
GCF_040250345.1_ASM4025034v1,NA,freshwater lake
GCF_021655575.1_ASM2165557v1,Cricetinae,NA
GCF_026153555.1_ASM2615355v1,Homo sapiens,NA
GCF_022220965.1_ASM2222096v1,cattle,NA
GCF_038442635.1_CIRI-F14-11,cat,urine
GCF_009911855.1_ASM991185v1,Homo sapiens,NA
GCF_018075245.1_ASM1807524v1,NA,Rectal Swab
GCF_030845715.1_ASM3084571v1,Homo sapiens,respiratory
GCF_017357385.1_ASM1735738v1,lentil,NA
GCF_016919305.1_ASM1691930v1,NA,Plastic debris in land/lake environment
GCF_028892865.1_ASM2889286v1,Bos taurus,Manila ropes placed above water tanks and feed bunks used as sampling devices
GCF_035978755.1_ASM3597875v1,NA,NA
GCF_030518795.1_ASM3051879v1,NA,rhizosphere soil
GCF_002741315.1_ASM274131v1,NA,NA
GCF_002442595.2_ASM244259v2,Homo sapiens,Skin
GCF_000298455.2_ASM29845v2,parakeet,NA
GCF_023734935.1_ASM2373493v1,Homo sapiens,NA
GCF_013873945.1_ASM1387394v1,Homo sapiens,decubitus swab
GCF_017352055.1_ASM1735205v1,Homo sapiens,urine
GCF_038441105.1_ASM3844110v1,Homo sapiens,blood
GCF_014169595.1_ASM1416959v1,NA,wastewater
GCF_002005205.3_ASM200520v3,plant,isolated from cucumber
GCF_004141895.1_ASM414189v1,NA,food
GCF_030323625.1_ASM3032362v1,Homo sapiens,NA
GCF_001302565.1_ASM130256v1,NA,Inner tissues of halophyte Limonium sinense (Girard) Kuntze
GCF_022558725.1_ASM2255872v1,Homo sapiens,sputum
GCF_020388255.1_ASM2038825v1,Homo sapiens,Skin swab
GCF_008802935.1_ASM880293v1,Homo sapiens,oral cavity
GCF_024298765.1_ASM2429876v1,Homo sapiens,NA
GCF_001456295.2_ASM145629v2,Plum,Plant xylem
GCF_021595545.1_ASM2159554v1,moth,NA
GCF_000958465.1_ASM95846v1,Medicago truncatula,NA
GCF_035923665.1_ASM3592366v1,Trifolium pratense,NA
GCF_002163775.1_ASM216377v1,soybean (Glycine max),naturally-infected soybean leaf tissue
GCF_025723225.1_ASM2572322v1,Mus musculus,NA
GCF_032940055.1_ASM3294005v1,Homo sapiens,urine
GCF_000021325.1_ASM2132v1,NA,NA
GCF_030035205.1_ASM3003520v1,Homo sapiens,urine
GCF_018884945.1_ASM1888494v1,Homo sapiens,feces
GCF_019973655.1_ASM1997365v1,NA,NA
GCF_011751035.2_ASM1175103v2,NA,soil
GCF_003718555.1_ASM371855v1,NA,NA
GCF_002073635.2_ASM207363v2,Homo sapiens,Urine suprapubic aspirate
GCF_014725775.1_ASM1472577v1,Homo sapiens,Stool/Rectal Swab
GCF_027359925.1_ASM2735992v1,NA,lake water
GCF_916098265.1_Cu-17-M197059,Canis lupus familiaris,Feces
GCF_000210855.2_ASM21085v2,NA,NA
GCF_037744325.1_ASM3774432v1,NA,NA
GCF_013187685.1_ASM1318768v1,NA,NA
GCF_026727735.1_ASM2672773v1,NA,plastic surface of detergent compartment of a washing machine
GCF_000568455.1_ASM56845v1,NA,NA
GCF_037913045.1_K_hansenii_SI1_v2,NA,commercial Kombucha beverage
GCF_036494765.1_ASM3649476v1,Homo sapiens,feces
GCF_022966105.1_ASM2296610v1,NA,Perithecium
GCF_037904605.1_ASM3790460v1,Homo sapiens,Oral cavity
GCF_001902295.1_ASM190229v1,NA,the pit mud of a Chinese flavor liquor-making factory
GCF_030490675.1_ASM3049067v1,Homo sapiens,NA
GCF_039658525.1_ASM3965852v1,Penaeus vannamei,Shrimp farm
GCF_022759925.1_ASM2275992v1,Homo sapiens,stool
GCF_036345035.1_ASM3634503v1,NA,soil
GCF_026250525.1_ASM2625052v1,Seaweed,NA
GCF_024972795.1_ASM2497279v1,NA,hospital wastewater
GCF_011691525.1_ASM1169152v1,pig,feces
GCF_900639535.1_E8202_hybrid_assembly,NA,NA
GCF_001686985.1_ASM168698v1,Robinia pseudoacacia,NA
GCF_035231985.1_ASM3523198v1,NA,raw chicken meat
GCF_000011305.1_ASM1130v1,NA,NA
GCF_039880325.1_ASM3988032v1,Bos taurus,NA
GCF_028335225.1_ASM2833522v1,Bos taurus,fecal sample
GCF_001708615.1_ASM170861v1,NA,Fecal samples from slaughtered sheep
GCF_030408555.1_ASM3040855v1,Homo sapiens,clinical material
GCF_900088425.1_A12,NA,NA
GCF_003010595.1_ASM301059v1,NA,NA
GCF_015074925.1_ASM1507492v1,Homo sapiens,Postoperative wound
GCF_030064655.1_ASM3006465v1,NA,Brazil nut tree leaves
GCF_017821535.1_ASM1782153v1,Homo sapiens,Biopsy
GCF_014295215.1_ASM1429521v1,Homo sapiens,feces from healthy individual
GCF_030297075.1_ASM3029707v1,NA,NA
GCF_900604845.1_TTHNAR1,NA,NA
GCF_021800405.1_ASM2180040v1,NA,terrestrial sediment
GCF_007990525.1_ASM799052v1,Homo sapiens,Saliva of a healthy person
GCF_030013755.1_ASM3001375v1,Sus scrofa,feces
GCF_019890855.1_ASM1989085v1,NA,Top soil and leaf litter
GCF_030585505.1_ASM3058550v1,NA,bovine feces
GCF_033705735.1_ASM3370573v1,NA,Activated charcoal
GCF_003595545.1_ASM359554v1,Solanum tuberosum,Scab lesion on potato tuber
GCF_016864215.1_ASM1686421v1,Homo sapiens,Abscess
GCF_004798785.1_ASM479878v1,NA,fish meal
GCF_017571595.2_ASM1757159v2,Melilotus albus,NA
GCF_005517315.1_ASM551731v1,Homo sapiens,Pus
GCF_013046885.1_ASM1304688v1,Homo sapiens,bile
GCF_024346855.1_ASM2434685v1,Homo sapiens,Tracheal intubation
GCF_900622635.1_B36,Homo sapiens,blood
GCF_025142675.1_ASM2514267v1,NA,ENVO:00002034
GCF_004323995.2_ASM432399v2,NA,Porcine tongue
GCF_014843275.1_ASM1484327v1,NA,NA
GCF_006517775.1_ASM651777v1,NA,kimchi
GCF_030020665.1_ASM3002066v1,Homo sapiens,urine
GCF_013724425.1_ASM1372442v1,NA,Wastewater influent sample
GCF_002568625.1_ASM256862v1,Homo sapiens,cerebrospinal fluid
GCF_040267715.1_ASM4026771v1,NA,Feces of mice
GCF_003071525.2_ASM307152v2,NA,air
GCF_037892055.1_ASM3789205v1,Ictalurus sp.,NA
GCF_000236585.1_ASM23658v1,NA,NA
GCF_030489925.1_ASM3048992v1,Homo sapiens,NA
GCF_030408735.1_ASM3040873v1,Assamese macaque,feces
GCF_001188795.1_ASM118879v1,NA,NA
GCF_036865855.1_ASM3686585v1,Triticum aestivum 'Rembrandt',Flag leaf of wheat
GCF_003966735.1_ASM396673v1,NA,marine sediment
GCF_008329845.1_ASM832984v1,Homo sapiens,blood
GCF_024330025.2_ASM2433002v2,Homo sapiens,stool sample
GCF_023517735.1_ASM2351773v1,Homo sapiens,Nasogastric tube_P44_BU19
GCF_033217895.1_ASM3321789v1,Homo sapiens,NA
GCF_013167075.1_ASM1316707v1,NA,NA
GCF_002966875.1_ASM296687v1,Homo sapiens,blie
GCF_009755745.1_ASM975574v1,alligator,NA
GCF_964198885.1_Zagreb037_hybrid_assembly.fa.gz,Homo sapiens,clinical material
GCF_033814155.1_ASM3381415v1,NA,Pig rectum feces
GCF_034143565.1_ASM3414356v1,Ancherythroculter nigrocauda,aquculture system
GCF_021398615.1_ASM2139861v1,Homo sapiens,infant feces
GCF_014874615.1_ASM1487461v1,Homo sapiens,blood
GCF_019915405.1_ASM1991540v1,Homo sapiens,Swab from ear
GCF_029718135.1_ASM2971813v1,NA,Pooled soil sample collected from floor of pig farm
GCF_003719775.1_ASM371977v1,NA,NA
GCF_023330865.1_ASM2333086v1,Homo sapiens,stool
GCF_964046695.1_30134_6_3,NA,NA
GCF_000024105.1_ASM2410v1,NA,NA
GCF_000027265.1_ASM2726v1,NA,NA
GCF_024298505.1_ASM2429850v1,Homo sapiens,NA
GCF_005890035.1_ASM589003v1,Homo sapiens,NA
GCF_007833555.1_ASM783355v1,Homo sapiens,urine
GCF_025732175.1_ASM2573217v1,NA,topsoil
GCF_016906205.1_ASM1690620v1,NA,DSMZ Isolate
GCF_009363195.1_ASM936319v1,Urocitellus undulatus,NA
GCF_000253075.1_ASM25307v1,NA,NA
GCF_024971875.1_ASM2497187v1,Duck,cloacal swab
GCF_017352235.1_ASM1735223v1,swine,pig
GCF_015134935.1_ASM1513493v1,NA,sewage
GCF_030369615.1_ASM3036961v1,NA,corn spoilage sample
GCF_019969485.1_ASM1996948v1,NA,NA
GCF_017164855.1_ASM1716485v1,NA,Bovine Faeces
GCF_000182835.1_ASM18283v1,NA,NA
GCF_022964855.1_ASM2296485v1,Homo sapiens,Chronic wound
GCF_018336535.1_ASM1833653v1,Homo sapiens,pus
GCF_009724885.1_ASM972488v1,Oncorhynchus kisutch,NA
GCF_000007825.1_ASM782v1,NA,NA
GCF_023278615.1_ASM2327861v1,NA,Well drained; deciduous river bank forest soil
GCF_021228775.1_ASM2122877v1,Homo sapiens,blood
GCF_014720495.1_ASM1472049v1,Homo sapiens,blood
GCF_019552325.1_ASM1955232v1,goose,Epidemic materials
GCF_039619495.1_ASM3961949v1,NA,malted oats
GCF_029953595.1_ASM2995359v1,NA,sediment
GCF_011032785.1_ASM1103278v1,Bos taurus,NA
GCF_028596085.1_ASM2859608v1,Homo sapiens,stool
GCF_040687785.1_ASM4068778v1,NA,NA
GCF_029580895.1_ASM2958089v1,NA,Hospital wastewater
GCF_023299605.1_ASM2329960v1,NA,pet food (BARF)
GCF_002967955.2_ASM296795v2,Homo sapiens,urine
GCF_004136415.1_ASM413641v1,NA,Leaf from Rome apple cultivar
GCF_001806425.1_ASM180642v1,Homo sapiens,Blood
GCF_012051625.1_ASM1205162v1,duck,feces
GCF_002164695.2_ASM216469v2,Homo sapiens,NA
GCF_014656605.1_ASM1465660v1,Homo sapiens,feces
GCF_029961245.1_ASM2996124v1,Homo sapiens,Wound/Abscess
GCF_029227875.1_ASM2922787v1,bovine,NA
GCF_029011215.1_ASM2901121v1,Homo sapiens,vagina
GCF_016454605.1_ASM1645460v1,NA,bovine
GCF_015040095.1_ASM1504009v1,NA,soil
GCF_002949655.1_ASM294965v1,NA,NA
GCF_037270985.1_ASM3727098v1,Homo sapiens,bloodstream
GCF_014334215.1_ASM1433421v1,NA,NA
GCF_036289185.1_ASM3628918v1,Homo sapiens,urine
GCF_025958805.1_ASM2595880v1,Homo sapiens,NA
GCF_024266425.1_ASM2426642v1,Homo sapiens,stool
GCF_020520345.1_ASM2052034v1,Homo sapiens,hospital
GCF_037950385.1_ASM3795038v1,Homo sapiens,NA
GCF_025502525.1_ASM2550252v1,Homo sapiens,secretion
GCF_037780985.1_ASM3778098v1,Chicken,NA
GCF_900639355.1_E7025_hybrid_assembly,NA,NA
GCF_028994175.1_ASM2899417v1,NA,Tap water
GCF_020827615.1_ASM2082761v1,Homo sapiens,blood
GCF_037700125.1_ASM3770012v1,Chicken,NA
GCF_036789295.1_ASM3678929v1,NA,Hospital waste water
GCF_023024545.1_ASM2302454v1,Homo sapiens,stool
GCF_007954605.1_ASM795460v1,NA,kimchi
GCF_003312525.2_ASM331252v2,NA,Stool
GCF_001975005.1_ASM197500v1,Homo sapiens,Human_no contact with swine
GCF_027944735.1_ASM2794473v1,NA,ICU patient rectal swab
GCF_015355935.1_ASM1535593v1,NA,blood
GCF_006094375.1_ASM609437v1,NA,NA
GCF_000833295.1_ASM83329v1,NA,water
GCF_010119415.2_ASM1011941v2,NA,sewage sludge
GCF_000154745.2_ASM15474v2,NA,NA
GCF_014126615.1_ASM1412661v1,NA,soil
GCF_004208595.1_ASM420859v1,Homo sapiens,blood
GCF_030845515.1_ASM3084551v1,Homo sapiens,wound
GCF_009769165.1_ASM976916v1,Hyacinthus orientalis,NA
GCF_904863225.1_KSB1_6J,Homo sapiens,rectal swab
GCF_904866505.1_INF323,Homo sapiens,wound swab
GCF_026247845.1_ASM2624784v1,Homo sapiens,hospital
GCF_036075115.1_ASM3607511v1,NA,soil
GCF_004919185.1_ASM491918v1,Homo sapiens,NA
GCF_025560225.1_ASM2556022v1,walnut,crown gall
GCF_005576735.1_ASM557673v1,Homo sapiens,Pus
GCF_001870085.1_ASM187008v1,NA,turkey
GCF_038441155.1_ASM3844115v1,Homo sapiens,urine
GCF_024362405.1_ASM2436240v1,NA,saline-alkali soil
GCF_010918195.1_ASM1091819v1,NA,soil
GCF_003627335.1_ASM362733v1,Homo sapiens,healthy infant fecal samples
GCF_036264895.1_ASM3626489v1,Homo sapiens,NA
GCF_020535545.1_ASM2053554v1,Xenopus laevis,swab of adult female 2 skin
GCF_002999215.3_ASM299921v3,Homo sapiens,NA
GCF_023278425.1_ASM2327842v1,Apostichopus japonicus,NA
GCF_026073915.1_ASM2607391v1,Homo sapiens,urine
GCF_014041845.2_ASM1404184v2,Homo sapiens,oral swab
GCF_005937845.2_ASM593784v2,NA,soil
GCF_009017295.1_ASM901729v1,Homo sapiens,NA
GCF_000340785.1_ASM34078v1,NA,NA
GCF_024917815.1_ASM2491781v1,Homo sapiens,blood
GCF_027474465.1_ASM2747446v1,NA,Traditional cheese
GCF_014189335.1_ASM1418933v1,Homo sapiens,Rectum
GCF_001708595.1_ASM170859v1,NA,Fecal samples from slaughtered sheep
GCF_026278245.1_ASM2627824v1,NA,rhizosphere soil of Kalidium foliatum
GCF_019797785.1_ASM1979778v1,NA,lung sample
GCF_010706435.1_ASM1070643v1,NA,wastewater
GCF_002173515.1_ASM217351v1,NA,food
GCF_001618345.2_ASM161834v2,NA,NA
GCF_023008545.1_ASM2300854v1,NA,brine
GCF_030845775.1_ASM3084577v1,Homo sapiens,respiratory
GCF_032121415.1_ASM3212141v1,bacteria,soil
GCF_005222045.1_ASM522204v1,NA,cattle
GCF_009709375.1_ASM970937v1,Salmo salar,NA
GCF_008620175.1_ASM862017v1,Homo sapiens,Venous blood isolated from host
GCF_028892805.1_ASM2889280v1,Bos taurus,Water from tanks in pens
GCF_037335815.1_ASM3733581v1,NA,sediment
GCF_029716165.1_ASM2971616v1,NA,Pooled sediment sample collected from floor of pig farm
GCF_004799625.1_ASM479962v1,NA,Korean salt-fermented food
GCF_001240865.2_Ty3_193,NA,Not known
GCF_028403965.1_ASM2840396v1,Homo sapiens,tracheal aspirate
GCF_030490445.1_ASM3049044v1,Homo sapiens,NA
GCF_027944555.1_ASM2794455v1,NA,feces
GCF_021655515.1_ASM2165551v1,Homo sapiens,human feces
GCF_003076355.1_ASM307635v1,Medicago sativa,NA
GCF_003590665.1_ASM359066v1,Homo sapiens,urine
GCF_040581475.1_ASM4058147v1,NA,SHRIMP (SH)
GCF_021184245.1_ASM2118424v1,Homo sapiens,sputum
GCF_035621835.1_ASM3562183v1,duck,fece
GCF_000264665.2_ASM26466v2,NA,industrial wastewater
GCF_016454465.1_ASM1645446v1,NA,swine
GCF_019669385.1_ASM1966938v1,Homo sapiens,NA
GCF_000092045.1_ASM9204v1,Phaseolus,NA
GCF_003999355.1_ASM399935v1,NA,Naturally fermented tofu whey
GCF_019355575.1_ASM1935557v1,Himalayan blackberry,NA
GCF_021474245.1_ASM2147424v1,Homo sapiens,patient
GCF_030506075.1_ASM3050607v1,Homo sapiens,NA
GCF_003687415.2_ASM368741v2,NA,active sludge around pharmaceutical factory
GCF_023205075.1_ASM2320507v1,NA,citrus
GCF_000737515.1_ASM73751v1,NA,silkworm feces
GCF_022353825.1_ASM2235382v1,NA,Shatin WWTPs_77 WWTPs influent
GCF_026547185.1_ASM2654718v1,Homo sapiens,Pus
GCF_003072645.1_ASM307264v1,NA,NA
GCF_003013675.1_ASM301367v1,NA,soil
GCF_029144405.1_ASM2914440v1,Poultry meat,NA
GCF_013635255.1_ASM1363525v1,NA,Wastewater influent sample
GCF_001636255.1_ASM163625v1,Homo sapiens,Urine
GCF_019977355.1_ASM1997735v1,NA,soil
GCF_002006175.2_ASM200617v2,NA,NA
GCF_011694695.1_ASM1169469v1,Homo sapiens,blood
GCF_023805435.1_ASM2380543v1,NA,infant food
GCF_026013745.1_ASM2601374v1,NA,braised burdock
GCF_023299465.1_ASM2329946v1,NA,pet food (BARF)
GCF_018106305.1_ASM1810630v1,NA,food
GCF_024628725.1_ASM2462872v1,seaweed,marine sediment ENVO_03000033
GCF_905232415.2_AI2618v1_cp,Homo sapiens,Complejo Asistencial Universitario de Salamanca (Salamanca)
GCF_009017495.1_ASM901749v1,NA,NA
GCF_001900555.1_ASM190055v1,cow,NA
GCF_000192105.1_ASM19210v1,NA,NA
GCF_028335245.1_ASM2833524v1,Bos taurus,fecal sample
GCF_002442915.1_ASM244291v1,NA,Korean fermented food
GCF_015074945.1_ASM1507494v1,Homo sapiens,Greece
GCF_036345055.1_ASM3634505v1,NA,soil
GCF_029719585.1_ASM2971958v1,NA,Pooled soil sample collected from floor of poultry farm
GCF_022759945.1_ASM2275994v1,Homo sapiens,stool
GCF_004119635.1_ASM411963v1,NA,food
GCF_029717585.1_ASM2971758v1,NA,Pooled soil sample collected from floor of cattle farm
GCF_003568565.1_ASM356856v1,bacteria,air in Laboratory
GCF_014884705.1_ASM1488470v1,NA,potato
GCF_040763135.1_ASM4076313v1,Homo sapiens,Gut
GCF_009708755.1_ASM970875v1,Salmo salar,NA
GCF_029168435.1_ASM2916843v1,Homo sapiens,blood
GCF_007833955.1_ASM783395v1,Homo sapiens,blood
GCF_005280435.1_ASM528043v1,Homo sapiens,blood
GCF_037751545.1_ASM3775154v1,NA,NA
GCF_946406125.1_SJC1054,NA,Bloodstream
GCF_012974525.1_ASM1297452v1,chicken,NA
GCF_031851435.1_ASM3185143v1,Larus michahellis,NA
GCF_031165635.1_ASM3116563v1,NA,hospital sample
GCF_949361555.1_GENOMIC20-005,NA,NA
GCF_030013735.1_ASM3001373v1,Sus scrofa,feces
GCF_019890835.1_ASM1989083v1,NA,Soil/drain sediment
GCF_002998835.1_ASM299883v1,Homo sapiens,coronal/gingival
GCF_013742615.1_ASM1374261v1,NA,Wastewater influent sample
GCF_002786655.1_ASM278665v1,Homo sapiens,urine
GCF_030064635.1_ASM3006463v1,Penaeus vannamei,shrimp pond
GCF_001011095.1_ASM101109v1,Homo sapiens,human feces
GCF_029834605.1_ASM2983460v1,Homo sapiens,Blood of ICU admitted patient
GCF_014295275.1_ASM1429527v1,Homo sapiens,feces from healthy individual
GCF_039830175.1_CUBIST-50,Homo sapiens,blood
GCF_011466455.1_ASM1146645v1,Homo sapiens,clinical
GCF_017352035.1_ASM1735203v1,Homo sapiens,urine
GCF_038441165.1_ASM3844116v1,Homo sapiens,respiratory
GCF_012225225.1_ASM1222522v1,NA,broiler chicken
GCF_000737305.2_ASM73730v2,NA,NA
GCF_009905135.1_ASM990513v1,Homo sapiens,feces
GCF_002905685.2_ASM290568v2,Prunus avium,ENVO_00000115
GCF_022558745.1_ASM2255874v1,Homo sapiens,urine
GCF_036327755.1_ASM3632775v1,NA,soil
GCF_000834415.1_ASM83441v1,NA,NA
GCF_003010915.2_ASM301091v2,NA,mixture of contaminated soil and water
GCF_016894305.1_ASM1689430v1,NA,water
GCF_022936385.1_ASM2293638v1,Homo sapiens,feces
GCF_037060685.1_ASM3706068v1,Procyon lotor,intestine
GCF_023734955.1_ASM2373495v1,Homo sapiens,NA
GCF_013167275.1_ASM1316727v1,cattle,cattle feces
GCF_009363415.1_ASM936341v1,NA,Non-filtered water from the water column of tank 6 of a marine aquarium containing stony-coral fragments. Water maintained at 26 degree C
GCF_024331495.2_ASM2433149v2,Homo sapiens,stool sample
GCF_009720605.1_ASM972060v1,Homo sapiens,pus
GCF_000020005.1_ASM2000v1,NA,NA
GCF_029743055.1_ASM2974305v1,Sus scrofa domesticus,NA
GCF_030490615.1_ASM3049061v1,Homo sapiens,NA
GCF_021611515.1_ASM2161151v1,NA,sea sediment
GCF_016889905.1_ASM1688990v1,Homo sapiens,NA
GCF_020388235.1_ASM2038823v1,Homo sapiens,Skin swab
GCF_034070325.1_ASM3407032v1,Homo sapiens,Bladder
GCF_037926405.1_ASM3792640v1,Homo sapiens,NA
GCF_029319185.1_ASM2931918v1,Homo sapiens,wound tissue
GCF_018286655.1_ASM1828665v1,NA,Jiangsu
GCF_024298705.1_ASM2429870v1,Homo sapiens,NA
GCF_002012305.1_ASM201230v1,Homo sapiens,NA
GCF_025723245.1_ASM2572324v1,NA,Chicken meat
GCF_007559025.1_ASM755902v1,bat,feces
GCF_018884925.1_ASM1888492v1,Homo sapiens,feces
GCF_024611115.1_ASM2461111v1,NA,soil
GCF_021768305.1_ASM2176830v1,Seriola lalandi,farmed fish
GCF_037939535.1_ASM3793953v1,pig,NA
GCF_009177135.1_ASM917713v1,NA,anthropogenic environmental material
GCF_002752795.2_ASM275279v2,Homo sapiens,skin swab
GCF_038098595.1_ASM3809859v1,NA,environmental
GCF_036268395.1_ASM3626839v1,Pig,NA
GCF_019973635.1_ASM1997363v1,NA,NA
GCF_000320385.2_ASM32038v2,NA,NA
GCF_024298565.1_ASM2429856v1,Homo sapiens,NA
GCF_020388055.1_ASM2038805v1,NA,meat
GCF_023330805.1_ASM2333080v1,Homo sapiens,stool
GCF_025159015.1_ASM2515901v1,NA,apple
GCF_037095035.2_BSN85_Closure,Homo sapiens,blood
GCF_002752715.1_ASM275271v1,Homo sapiens,synovial fluid
GCF_025723025.1_ASM2572302v1,Homo sapiens,Rectal swab
GCF_016906265.1_ASM1690626v1,NA,DSMZ Isolate
GCF_016757675.1_ASM1675767v1,NA,fermented milk
GCF_033129985.1_ASM3312998v1,Homo sapiens,feces
GCF_040363755.1_ASM4036375v1,NA,breast puncture fluid
GCF_001431765.1_ASM143176v1,NA,Protoplast breeding
GCF_039909425.1_ASM3990942v1,Sus scrofa domesticus,culture
GCF_002811555.3_ASM281155v3,NA,Sewage
GCF_002302315.1_ASM230231v1,Homo sapiens,Diarrheal stool
GCF_034197875.1_ASM3419787v1,Homo sapiens,excrement
GCF_021228715.1_ASM2122871v1,Homo sapiens,feces
GCF_019443565.1_ASM1944356v1,Homo sapiens,sputum
GCF_005221625.1_ASM522162v1,NA,cattle
GCF_002906875.1_ASM290687v1,Apis mellifera,beehive
GCF_037497945.1_ASM3749794v1,Homo sapiens,NA
GCF_002214585.1_ASM221458v1,NA,Hydrothermal precipitates
GCF_002249995.1_ASM224999v1,Homo sapiens,Rectal swab
GCF_024971815.1_ASM2497181v1,Duck,cloacal swab
GCF_001928485.2_ASM192848v2,Oryza sativa,NA
GCF_009913995.1_ASM991399v1,NA,Soybean paste (Chonggugjang)
GCF_036689715.2_BSN57_Closure,Homo sapiens,blood
GCF_017164835.1_ASM1716483v1,NA,Bovine Faeces
GCF_022964835.1_ASM2296483v1,Homo sapiens,Chronic wound
GCF_031325985.1_ASM3132598v1,NA,rhizosphere soil
GCF_035983595.1_ASM3598359v1,NA,NA
GCF_024346835.1_ASM2434683v1,NA,gut of abalone
GCF_003691425.1_ASM369142v1,NA,pig feces
GCF_000520055.1_ASM52005v1,Homo sapiens,feces
GCF_003076555.1_ASM307655v1,Homo sapiens,urine
GCF_021052325.1_ASM2105232v1,NA,NA
GCF_016653655.1_ASM1665365v1,NA,water
GCF_001989615.1_ASM198961v1,NA,saltern
GCF_022655705.1_ASM2265570v1,Homo sapiens,feces
GCF_027595165.1_ASM2759516v1,NA,hospital
GCF_040267775.1_ASM4026777v1,Chicken,NA
GCF_030585565.1_ASM3058556v1,NA,lamb meat
GCF_001722005.2_ASM172200v2,NA,soil
GCF_000210475.1_ASM21047v1,NA,NA
GCF_040047695.1_ASM4004769v1,Homp sapiens,patient's alveolar lavage fluid
GCF_002741885.1_ASM274188v1,NA,laboratory strain
GCF_005887635.2_ASM588763v2,NA,Deep seawater from Mariana Trench
GCF_019704515.1_ASM1970451v1,NA,pickled cabbage food product
GCF_009697285.1_ASM969728v1,Homo sapiens,NA
GCF_022819915.1_ASM2281991v1,Bos taurus,urine
GCF_038096225.1_BSN55,Homo sapiens,blood
GCF_002752905.1_ASM275290v1,Homo sapiens,rectal swab
GCF_005577315.1_ASM557731v1,NA,ocean sediment
GCF_015475995.1_ASM1547599v1,Vitis vinifera,NA
GCF_025369675.1_ASM2536967v1,Poultry,Backyard chicken
GCF_003491265.1_ASM349126v1,Homo sapiens,Woman with cystitis
GCF_015291685.1_ASM1529168v1,Arachis hypogaea,nodule
GCF_036232425.1_ASM3623242v1,Homo sapiens,Cystic fibrosis human lung
GCF_002442995.2_ASM244299v2,Homo sapiens,Human stool sample
GCF_030489945.1_ASM3048994v1,Homo sapiens,NA
GCF_009913015.1_ASM991301v1,Homo sapiens,NA
GCF_013746655.1_ASM1374665v1,NA,Freshwater sample from downstream of wastewater treatment plant
GCF_015138775.1_ASM1513877v1,Homo sapiens,urine
GCF_021655035.1_ASM2165503v1,Homo sapiens,human blood of bacteremia patient
GCF_016599615.1_ASM1659961v1,NA,NA
GCF_004792435.1_ASM479243v1,Homo sapiens,NA
GCF_023845475.1_ASM2384547v1,Laodelphax striatellus,NA
GCF_025399075.1_ASM2539907v1,NA,NA
GCF_024584765.1_ASM2458476v1,NA,soil
GCF_030490165.1_ASM3049016v1,Homo sapiens,NA
GCF_025449195.1_ASM2544919v1,NA,NA
GCF_032147105.1_ASM3214710v1,Homo sapiens,ascitic fluid
GCF_005877055.1_ASM587705v1,NA,air
GCF_014607515.1_ASM1460751v1,cattle,NA
GCF_016806065.1_ASM1680606v1,NA,ex cyanobacteria field sample from freshwater
GCF_003856655.1_ASM385665v1,Homo sapiens,feces
GCF_022751235.1_ASM2275123v1,NA,kimchi
GCF_017309425.1_ASM1730942v1,porcine,feces
GCF_031038935.1_ASM3103893v1,Homo sapiens,stool
GCF_034377145.1_ASM3437714v1,NA,hydrothermal vent plume
GCF_009387815.1_ASM938781v1,Homo sapiens,stool
GCF_006542395.2_ASM654239v2,Oecophylla smaragdina,NA
GCF_003571545.1_ASM357154v1,NA,NA
GCF_015168595.1_ASM1516859v1,Rice,NA
GCF_000834735.1_ASM83473v1,NA,NA
GCF_030847965.1_ASM3084796v1,Homo sapiens,urine
GCF_020535205.1_ASM2053520v1,Homo sapiens,urine
GCF_004103675.1_ASM410367v1,NA,food
GCF_023735895.1_ASM2373589v1,Homo sapiens,NA
GCF_028010245.1_ASM2801024v1,Tomato,NA
GCF_037569855.1_ASM3756985v1,Chicken,NA
GCF_032116555.1_ASM3211655v1,NA,sediment
GCF_000190555.1_ASM19055v1,Lama glama,feces
GCF_037900625.1_ASM3790062v1,Homo sapiens,Oral cavity
GCF_002944315.1_ASM294431v1,Phaseolus vulgaris,plant nodule in agricultural field
GCF_030036895.1_ASM3003689v1,NA,environmental: river near WWTP effluent
GCF_030863705.1_ASM3086370v1,cat,blood
GCF_020525585.1_ASM2052558v1,Homo sapiens,blood
GCF_003336405.1_ASM333640v1,Giant panda,feces
GCF_001611405.1_ASM161140v1,Homo sapiens,26-year old man with an implant associated osteitis
GCF_004801235.1_ASM480123v1,Homo sapiens,blood
GCF_030013045.1_ASM3001304v1,Sus scrofa,feces
GCF_022559685.1_ASM2255968v1,Homo sapiens,Rectal swab
GCF_017348835.2_ASM1734883v2,fish,NA
GCF_003181175.1_ASM318117v1,Homo sapiens,urine
GCF_002968755.1_ASM296875v1,NA,NA
GCF_018741545.1_ASM1874154v1,NA,soil
GCF_019793595.1_ASM1979359v1,Homo sapiens,NA
GCF_012933245.2_ASM1293324v2,Homo sapiens,blood
GCF_016027375.1_ASM1602737v1,NA,NA
GCF_000193355.1_ASM19335v1,NA,NA
GCF_019968745.1_ASM1996874v1,NA,river water
GCF_037099855.1_ASM3709985v1,Homo sapiens,EVNO:01001029
GCF_023515975.1_ASM2351597v1,bovine,NA
GCF_003325215.1_ASM332521v1,NA,NA
GCF_001890185.1_ASM189018v1,NA,raw almond kernel butter
GCF_039880435.1_ASM3988043v1,NA,natto
GCF_024266365.1_ASM2426636v1,Homo sapiens,stool
GCF_025137935.1_ASM2513793v1,NA,ENVO:00002034
GCF_029537315.1_ASM2953731v1,Homo sapiens,feces
GCF_013357365.1_ASM1335736v1,cattle,feces
GCF_032344435.1_ASM3234443v1,Homo sapiens,NA
GCF_008124145.1_ASM812414v1,NA,mouse gut
GCF_019456675.1_ASM1945667v1,NA,NA
GCF_012935185.1_ASM1293518v1,Homo sapiens,sputum
GCF_014931095.1_ASM1493109v1,Homo sapiens,blood
GCF_038024225.1_BSN214,Homo sapiens,blood
GCF_025140835.1_ASM2514083v1,NA,ENVO:00002034
GCF_002950075.1_ASM295007v1,Homo sapiens,Feces of patient with diarrhea
GCF_026626185.1_ASM2662618v1,NA,chicken
GCF_020149685.1_ASM2014968v1,Homo sapiens,urine
GCF_022023915.1_ASM2202391v1,NA,Dialysis fluid
GCF_026435335.1_ASM2643533v1,Salmo salar,tissue
GCF_000013325.1_ASM1332v1,NA,NA
GCF_000783595.2_ASM78359v2,Homo sapiens,Abscess swab
GCF_007726495.1_ASM772649v1,NA,retail chicken liver
GCF_020520405.1_ASM2052040v1,Homo sapiens,hospital
GCF_018310515.1_ASM1831051v1,rice,NA
GCF_964198655.1_Zagreb043_hybrid_assembly.fa.gz,Homo sapiens,clinical material
GCF_019249655.2_ASM1924965v2,Homo sapiens,NA
GCF_040267595.1_MRSN130119,Homo sapiens,Surveillance
GCF_026435155.1_ASM2643515v1,Salmo salar,tissue
GCF_001018645.2_ASM101864v2,Homo sapiens,NA
GCF_000015265.1_ASM1526v1,NA,NA
GCF_026016185.1_ASM2601618v1,Homo sapiens,NA
GCF_001942025.1_ASM194202v1,NA,soil
GCF_002759415.2_ASM275941v2,Phaseolus sp.,NA
GCF_003574275.1_ASM357427v1,Homo sapiens,NA
GCF_016454325.1_ASM1645432v1,NA,turkey
GCF_028622975.1_ASM2862297v1,ginseng,NA
GCF_008931625.1_ASM893162v1,NA,Shower 3
GCF_030272015.1_ASM3027201v1,chicken,chicken intestinal contents
GCF_029537175.1_ASM2953717v1,NA,cleanroom facility; TAS-I
GCF_038381215.1_ASM3838121v1,Homo sapiens,blood
GCF_030020175.1_ASM3002017v1,Homo sapiens,urine
GCF_035594725.1_ASM3559472v1,Homo sapiens,blood
GCF_029961765.1_ASM2996176v1,NA,livestock manure
GCF_014168655.1_ASM1416865v1,NA,wastewater
GCF_015285145.1_ASM1528514v1,NA,Human fecal samples
GCF_002934965.1_ASM293496v1,NA,NA
GCF_033114265.2_ASM3311426v2,NA,Pre-treated sample
GCF_014904265.2_ASM1490426v2,pig,pig farm
GCF_024662235.1_ASM2466223v1,NA,actived sludge
GCF_023299325.1_ASM2329932v1,NA,pet food (BARF)
GCF_030013225.1_ASM3001322v1,Sus scrofa,feces
GCF_023278105.1_ASM2327810v1,Prunus avium,NA
GCF_032351055.1_ASM3235105v1,Homo sapiens,NA
GCF_039619385.1_ASM3961938v1,NA,ropy bread
GCF_905319135.2_NRS6186B,NA,garden soil
GCF_003019855.1_ASM301985v1,NA,catfish
GCF_035921825.1_ASM3592182v1,Trifolium pratense,NA
GCF_003570765.1_ASM357076v1,NA,human feces of different individuals
GCF_904830775.1_P._agardhii_No.2A,NA,NA
GCF_030707935.1_ASM3070793v1,NA,human
GCF_025263125.1_ASM2526312v1,Mus musculus,NA
GCF_017309645.1_ASM1730964v1,Homo sapiens,Human feces
GCF_036542345.1_ASM3654234v1,Homo sapiens,sputum
GCF_033682525.1_ASM3368252v1,NA,hospital
GCF_002250035.1_ASM225003v1,garlic; cabbage,water
GCF_030389595.1_ASM3038959v1,NA,NA
GCF_016903495.1_ASM1690349v1,Homo sapiens,NA
GCF_002850055.1_ASM285005v1,NA,water kefir
GCF_025560705.1_ASM2556070v1,walnut,crown gall
GCF_019434315.1_ASM1943431v1,Citrus,leaf[PO:0006001]
GCF_006228385.1_ASM622838v1,NA,deep sea
GCF_014718155.1_ASM1471815v1,Homo sapiens,blood
GCF_000464515.2_ASM46451v2,Hirudo verbana,digestive tract
GCF_037224975.1_ASM3722497v1,Homo sapiens,bloodstream
GCF_018343815.1_ASM1834381v1,Crocodylus siamensis,liver
GCF_029592105.1_ASM2959210v1,Homo sapiens,NA
GCF_031879475.1_ASM3187947v1,Plant,NA
GCF_002844335.1_ASM284433v1,NA,NA
GCF_019431295.1_ASM1943129v1,Sus scrofa domesticus,clinical sample
GCF_039909355.1_ASM3990935v1,Sus scrofa domesticus,culture
GCF_021276285.1_ASM2127628v1,NA,soil
GCF_002197105.1_ASM219710v1,Medicago truncatula,NA
GCF_024666505.1_ASM2466650v1,Homo sapiens,microbial
GCF_015136515.1_ASM1513651v1,NA,sewage
GCF_021655255.1_ASM2165525v1,Homo sapiens,human blood of bacteremia patient
GCF_001702235.1_ASM170223v1,NA,brewery environment
GCF_001659745.1_ASM165974v1,Bos taurus,raw cow milk
GCF_001886735.1_ASM188673v1,Alexandrium minutum,cell culture of Alexandrium minutum 1089
GCF_012934555.1_ASM1293455v1,Homo sapiens,rectal swab from healthy college student
GCF_030490305.1_ASM3049030v1,Homo sapiens,tongue coating
GCF_002868775.1_ASM286877v1,NA,kimchi
GCF_002287905.1_ASM228790v1,NA,NA
GCF_040805115.1_ASM4080511v1,Homo sapiens,bile
GCF_015476135.1_ASM1547613v1,NA,kimchi
GCF_000155515.2_ASM15551v2,Homo sapiens,biological product [ENVO:02000043]
GCF_000724525.1_ASM72452v1,NA,soil
GCF_007421885.2_ASM742188v2,Homo sapiens,NA
GCF_022344005.1_ASM2234400v1,Setaria viridis,rhizospheric soil
GCF_900520375.1_ASM90052037v1,NA,NA
GCF_009387795.1_ASM938779v1,Homo sapiens,stool
GCF_003992745.1_ASM399274v1,weed,Solanum tuberosum associated weed
GCF_036866095.1_ASM3686609v1,Triticum aestivum 'Rembrandt',Flag leaf of wheat
GCF_033246985.1_ASM3324698v1,Chicken,NA
GCF_031202855.1_ASM3120285v1,NA,desert land
GCF_013819565.1_ASM1381956v1,NA,Pooled sheep faecal samples collected from floor of farm
GCF_002833425.1_ASM283342v1,Homo sapiens,bronchoalveolar lavage
GCF_037095045.2_BSN77_Closure,Homo sapiens,blood
GCF_013395015.3_ASM1339501v3,NA,farm kitchen
GCF_000698845.1_ASM69884v1,Phaseolus vulgaris,nodule
GCF_013167535.1_ASM1316753v1,Homo sapiens,NA
GCF_002079305.1_ASM207930v1,NA,shallow-sea hydrothermal system
GCF_030035525.1_ASM3003552v1,NA,Human urine sample
GCF_017498625.1_ASM1749862v1,porcine,feces
GCF_027626015.1_ASM2762601v1,Tryonyx sinensis (Chinese soft-shell turtle),spleen
GCF_963978475.1_SGC-23-002,Homo sapiens,NA
GCF_036549095.1_ASM3654909v1,Homo sapiens,sputum
GCF_903993185.2_AI2768v1_cp,Homo sapiens,Hospital Univeristario de Bellvitge (Barcelona)
GCF_019585785.2_STEC3,Homo sapiens,feces
GCF_036232105.1_ASM3623210v1,Homo sapiens,Cystic fibrosis human lung
GCF_030506565.1_ASM3050656v1,NA,anthropogenic
GCF_021172845.1_ASM2117284v1,Homo sapiens,NA
GCF_028335505.1_ASM2833550v1,Bos taurus,fecal sample
GCF_013170805.1_ASM1317080v1,NA,Lotus corniculatus nodule
GCF_022810685.1_ASM2281068v1,Kefir grain,NA
GCF_013283935.1_ASM1328393v1,NA,blood sample
GCF_014075915.1_ASM1407591v1,broiler chicken,NA
GCF_007873865.1_ASM787386v1,Homo sapiens,NA
GCF_020882115.1_ASM2088211v1,NA,swab sample of pig
GCF_016925395.1_ASM1692539v1,Homo sapiens,blood
GCF_949361525.1_GENOMIC20-004,NA,NA
GCF_021233435.1_ASM2123343v1,NA,sediment
GCF_019095205.1_ASM1909520v1,NA,Soil sample from China; Shenyang
GCF_001294565.1_ASM129456v1,Homo sapiens,bronchial sample from a male patient with chronic obstructive pneumonia
GCF_022354785.1_ASM2235478v1,NA,NA
GCF_017301815.1_ASM1730181v1,Lolium perenne,Ryegrass
GCF_029395555.1_ASM2939555v1,Scaptotrigona polysticta,Rain forest
GCF_016724565.1_ASM1672456v1,NA,NA
GCF_020887095.1_ASM2088709v1,Homo sapiens,feces
GCF_964040665.1_30224_1_201,NA,NA
GCF_002504145.1_ASM250414v1,Homo sapiens,sputum
GCF_004114375.1_ASM411437v1,NA,Salt Crust
GCF_037099865.1_ASM3709986v1,Homo sapiens,EVNO:01001029
GCF_021545825.1_ASM2154582v1,NA,well
GCF_024134525.1_ASM2413452v1,sheep rumen,pasture
GCF_002412045.1_ASM241204v1,NA,fish larvae aquaculture
GCF_037749985.1_ASM3774998v1,NA,NA
GCF_031345095.1_ASM3134509v1,NA,sediment
GCF_029721015.1_ASM2972101v1,NA,Pooled soil sample collected from floor of poultry farm
GCF_003667405.1_ASM366740v1,NA,Jin River water W2
GCF_018135545.1_ASM1813554v1,bovine,NA
GCF_016127455.1_ASM1612745v1,NA,NA
GCF_027595625.1_ASM2759562v1,Homo sapiens,blood
GCF_001022235.1_ASM102223v1,Homo sapiens,Perirectal
GCF_020091585.1_ASM2009158v1,NA,fresh water lake
GCF_028898845.1_ASM2889884v1,Illicium verum,soil
GCF_030297535.1_ASM3029753v1,Homo sapiens,Stool sample from a patient with diarrhea
GCF_016127635.1_ASM1612763v1,NA,NA
GCF_024704525.1_ASM2470452v1,Homo sapiens,tracheobronchial secretion
GCF_001941645.1_ASM194164v1,Geodia barretti,marine sponge
GCF_016864535.1_ASM1686453v1,Prosopis cineraria,nodule
GCF_023277785.1_ASM2327778v1,NA,kimchi
GCF_001548375.1_ASM154837v1,NA,soil
GCF_025854135.1_ASM2585413v1,Homo sapiens,skin
GCF_030585225.1_ASM3058522v1,Homo sapiens,Skin/Wound
GCF_013813035.1_ASM1381303v1,NA,Pooled pig faecal samples collected from floor of farm
GCF_904864595.1_INF333,Homo sapiens,sputum
GCF_037061515.1_ASM3706151v1,Procyon lotor,intestine
GCF_900635415.1_E6043_hybrid_assembly,NA,NA
GCF_016070975.1_ASM1607097v1,NA,cell culture
GCF_030384825.1_ASM3038482v1,NA,farm environment
GCF_031326345.1_ASM3132634v1,NA,Seagrass (Zostera sp.) surface
GCF_011769865.1_ASM1176986v1,Homo sapiens,urine
GCF_001281425.1_ASM128142v1,Homo sapiens,feces
GCF_024585385.1_ASM2458538v1,Poultry,Cloacal sample
GCF_004358365.1_ASM435836v1,Homo sapiens,stool
GCF_000092025.1_ASM9202v1,NA,NA
GCF_036232365.1_ASM3623236v1,Homo sapiens,Cystic fibrosis human lung
GCF_904863425.1_INF348,Homo sapiens,urine
GCF_013348005.1_ASM1334800v1,Phaseolus vulgaris,NA
GCF_033849915.1_ASM3384991v1,Homo sapiens,patient
GCF_019211745.1_ASM1921174v1,NA,urine
GCF_028335765.1_ASM2833576v1,Sus scrofa,lung
GCF_036287495.1_ASM3628749v1,Homo sapiens,urine
GCF_030419125.1_ASM3041912v1,Bos taurus,feces
GCF_000018545.1_ASM1854v1,NA,NA
GCF_020905675.1_ASM2090567v1,Thalassiosira tenera,estuarine water [ENVO:01000301]
GCF_001908725.1_ASM190872v1,Lycopersicon esculentum,NA
GCF_009664595.1_ASM966459v1,Homo sapiens,NA
GCF_015277955.1_ASM1527795v1,NA,wild yak feces
GCF_040737085.1_Sc1365674,Homo sapiens,blood
GCF_030142155.1_ASM3014215v1,Marmot,the intestinal contents of Marmot
GCF_021398135.1_ASM2139813v1,Homo sapiens,sputum
GCF_026967755.1_ASM2696775v1,Homo sapiens,urine
GCF_030053775.1_ASM3005377v1,NA,Spoiled shower gel
GCF_017909235.1_ASM1790923v1,NA,Potato flake
GCF_037287535.1_ASM3728753v1,Homo sapiens,bloodstream
GCF_022693185.1_ASM2269318v1,Homo sapiens,urine
GCF_019915325.1_ASM1991532v1,Homo sapiens,Swab from Pharynx
GCF_031432855.1_ASM3143285v1,Homo sapiens,rectal swab
GCF_024799785.1_ASM2479978v1,NA,ENVO:00010483
GCF_013167755.1_ASM1316775v1,NA,beef
GCF_030544955.1_ASM3054495v1,Paris polyphylla,NA
GCF_003410355.1_ASM341035v1,NA,sediment
GCF_003515445.1_ASM351544v1,Solanum tuberosum,Potato bacterial wilt
GCF_030291935.1_ASM3029193v1,NA,soil
GCF_007814115.1_ASM781411v1,NA,Milker's hand
GCF_002082665.1_ASM208266v1,Homo sapiens,blood
GCF_009931175.1_ASM993117v1,Homo sapiens,Physical
GCF_019896115.1_ASM1989611v1,Homo sapiens,feces
GCF_001698145.1_ASM169814v1,NA,Kimchi
GCF_016028795.1_ASM1602879v1,NA,NA
GCF_905311405.2_NRS6107B,NA,garden soil
GCF_036227565.1_ASM3622756v1,NA,soil
GCF_035666095.1_ASM3566609v1,Pigeons,NA
GCF_009738185.1_ASM973818v1,ruddy shelduck,NA
GCF_002893905.2_ASM289390v2,NA,intestine membrane of a diarrheic piglet
GCF_018741525.1_ASM1874152v1,NA,soil
GCF_009664615.1_ASM966461v1,Homo sapiens,NA
GCF_019879105.1_ASM1987910v1,NA,salt lake sediment
GCF_032248875.1_ASM3224887v1,NA,human stool
GCF_019968725.1_ASM1996872v1,NA,river water
GCF_037099835.1_ASM3709983v1,NA,clinical
GCF_037773035.1_ASM3777303v1,Homo sapiens,NA
GCF_003194225.1_ASM319422v1,Homo sapiens,blood
GCF_029961565.1_ASM2996156v1,Homo sapiens,sputum
GCF_001887995.2_ASM188799v2,Homo sapiens,sputum
GCF_013813205.1_ASM1381320v1,NA,Pooled pig faecal samples collected from floor of farm
GCF_024662035.1_ASM2466203v1,Homo sapiens,NA
GCF_030863765.1_ASM3086376v1,NA,food
GCF_900639455.1_E7237_hybrid_assembly,NA,NA
GCF_900639395.1_E6975_hybrid_assembly,NA,NA
GCF_900698935.1_ErCikochiana_v1.0,Cinara kochiana kochiana,host's whole body
GCF_003051985.2_ASM305198v2,Homo sapiens,Rectal swab
GCF_030013025.1_ASM3001302v1,Sus scrofa,feces
GCF_000011965.2_ASM1196v2,NA,NA
GCF_025559165.1_ASM2555916v1,Camel,Pus swab
GCF_003234365.2_ASM323436v2,NA,leaf litter
GCF_023238665.1_ASM2323866v1,Homo sapiens,NA
GCF_002759195.2_ASM275919v2,Phaseolus vulgaris,NA
GCF_030656875.1_ASM3065687v1,NA,marine sediment
GCF_001969305.1_ASM196930v1,NA,soil
GCF_003956465.1_ASM395646v1,Homo sapiens,stool
GCF_003130705.1_ASM313070v1,NA,river sediment
GCF_003345215.1_ASM334521v1,NA,NA
GCF_033564015.1_ASM3356401v1,Homo sapiens,urine
GCF_025254745.1_ASM2525474v1,NA,poultry meat
GCF_024266305.1_ASM2426630v1,Homo sapiens,NA
GCF_000012005.1_ASM1200v1,NA,NA
GCF_964198795.1_Zagreb032_hybrid_assembly.fa.gz,Homo sapiens,clinical material
GCF_032366635.1_ASM3236663v1,Homo sapiens,stool
GCF_012029975.2_ASM1202997v2,Homo sapiens,NA
GCF_025139955.1_ASM2513995v1,NA,ENVO:00002034
GCF_002852995.3_ASM285299v3,Homo sapiens,pus
GCF_029814845.1_ASM2981484v1,Homo sapiens,sputum
GCF_030272215.1_ASM3027221v1,Paralichthys olivaceus,Spleen of diseased olive flounder
GCF_000196895.1_ASM19689v1,NA,NA
GCF_014718355.1_ASM1471835v1,Homo sapiens,blood
GCF_014607575.1_ASM1460757v1,Cattle,feces
GCF_021609985.1_ASM2160998v1,NA,wastewater
GCF_016806005.1_ASM1680600v1,Homo sapiens,Wound secretion
GCF_000022025.1_ASM2202v1,NA,NA
GCF_000021345.1_ASM2134v1,NA,NA
GCF_002197485.1_ASM219748v1,NA,Milk powder
GCF_030060615.1_ASM3006061v1,NA,Fish tissue
GCF_002009375.1_ASM200937v1,NA,Kimchi
GCF_002892225.1_ASM289222v1,NA,clam larvae aquaculture
GCF_013731735.1_ASM1373173v1,NA,Freshwater sample from downstream of wastewater treatment plant
GCF_021655055.1_ASM2165505v1,Homo sapiens,human blood of bacteremia patient
GCF_015136715.1_ASM1513671v1,NA,sewage
GCF_019448195.1_ASM1944819v1,NA,bean blight
GCF_004101625.1_ASM410162v1,NA,food
GCF_025399015.1_ASM2539901v1,NA,NA
GCF_000742975.1_ASM74297v1,NA,NA
GCF_021398305.1_ASM2139830v1,Homo sapiens,isolated from contaminated platelets
GCF_030490105.1_ASM3049010v1,Homo sapiens,NA
GCF_007632255.1_ASM763225v1,Homo sapiens,sputum
GCF_013425825.1_ASM1342582v1,NA,coke and gas plant treatment facilities
GCF_018968685.1_ASM1896868v1,NA,river water
GCF_030866925.2_ASM3086692v2,Homo sapiens,sputum
GCF_039623865.1_ASM3962386v1,Homo sapiens,urine; neonate
GCF_008080655.1_ASM808065v1,cow,feces
GCF_036250655.1_ASM3625065v1,NA,Bovine rumen fluid
GCF_030847905.1_ASM3084790v1,Cat,urine
GCF_019969195.1_ASM1996919v1,NA,chicken
GCF_001021855.1_ASM102185v1,Homo sapiens,stool sample
GCF_011045395.1_ASM1104539v1,hen,NA
GCF_003031505.1_ASM303150v1,Homo sapiens,urine
GCF_031038955.1_ASM3103895v1,Homo sapiens,stool
GCF_000247545.1_ASM24754v1,NA,NA
GCF_017309625.1_ASM1730962v1,Homo sapiens,Human feces
GCF_039780165.1_ASM3978016v1,Homo sapiens,urine
GCF_020229715.1_ASM2022971v1,NA,raw fermented sausage
GCF_011516625.5_ASM1151662v5,Glycine max cv. AC Glengarry,Root nodule from soybean plant inoculated with root zone soil from Amphicarpaea bracteata
GCF_002024285.1_ASM202428v1,Actinidia deliciosa,NA
GCF_003710125.1_ASM371012v1,NA,raw peanut
GCF_019434375.1_ASM1943437v1,Homo sapiens,Rectal swab
GCF_036419755.1_ASM3641975v1,Homo sapiens,skin
GCF_018982885.2_ASM1898288v2,Megaspora,lichen
GCF_030520205.1_ASM3052020v1,NA,Ocean
GCF_004848145.1_ASM484814v1,Homo sapiens,stool
GCF_015168795.1_ASM1516879v1,Homo sapiens,stool
GCF_028751835.1_ASM2875183v1,Tobacco,Seed
GCF_024204665.1_ASM2420466v1,NA,sediment
GCF_009892285.1_ASM989228v1,Homo sapiens,Ulcer by decubitus
GCF_008244725.1_ASM824472v1,NA,NA
GCF_002716925.3_ASM271692v3,Homo sapiens,sputum
GCF_030707955.1_ASM3070795v1,NA,human
GCF_029636805.1_ASM2963680v1,NA,NA
GCF_002880615.1_ASM288061v1,NA,NA
GCF_900497045.1_ASM90049704v1,NA,NA
GCF_015290725.1_ASM1529072v1,NA,LAB
GCF_963360655.1_CATSDC17_v2,NA,NA
GCF_015138575.1_ASM1513857v1,Homo sapiens,utum
GCF_030544905.1_ASM3054490v1,NA,fresh water
GCF_000784925.1_ASM78492v1,Homo sapiens,rectal swab
GCF_021655235.1_ASM2165523v1,Homo sapiens,human blood of bacteremia patient
GCF_000015985.1_ASM1598v1,NA,NA
GCF_000295695.2_ASM29569v2,cow,cow carcass
GCF_024584565.1_ASM2458456v1,NA,Healthy Mulberry Endophytes
GCF_003717455.1_ASM371745v1,NA,NA
GCF_012934535.1_ASM1293453v1,Homo sapiens,rectal swab from healthy college student
GCF_030490365.1_ASM3049036v1,NA,milk
GCF_000430105.1_ASM43010v1,Homo sapiens,stool
GCF_029633985.1_ASM2963398v1,NA,zebrafish
GCF_037287565.1_ASM3728756v1,Homo sapiens,bloodstream
GCF_037666345.1_ASM3766634v1,Chicken,NA
GCF_020547085.1_ASM2054708v1,NA,NA
GCF_001703595.1_ASM170359v1,NA,poultry meat
GCF_000027205.1_ASM2720v1,NA,NA
GCF_010183685.1_ASM1018368v1,Homo sapiens,urine
GCF_003347055.1_ASM334705v1,Homo sapiens,blood
GCF_005889995.1_ASM588999v1,Homo sapiens,NA
GCF_013001025.1_ASM1300102v1,NA,River sediment contaminated by e-waste
GCF_033678165.1_ASM3367816v1,NA,hospital
GCF_003667785.1_ASM366778v1,NA,Red Sea lagoons-Mangrove Mud
GCF_033128825.1_ASM3312882v1,Homo sapiens,feces
GCF_024266165.1_ASM2426616v1,Homo sapiens,stool
GCF_037892725.1_ASM3789272v1,Micropterus salmoides,NA
GCF_001885255.2_ASM188525v2,Homo sapiens,nose
GCF_015353075.1_ASM1535307v1,Onobrychis viciifolia,root nodule
GCF_031167875.1_ASM3116787v1,Homo sapiens,feces
GCF_028622915.1_ASM2862291v1,Homo sapiens,other
GCF_016454345.1_ASM1645434v1,NA,bovine
GCF_037574055.1_ASM3757405v1,Chicken,NA
GCF_029537115.1_ASM2953711v1,NA,NA
GCF_030272075.1_ASM3027207v1,Homo sapiens,blood
GCF_010319625.1_ASM1031962v1,Homo sapiens,human blood
GCF_009295985.1_ASM929598v1,NA,NA
GCF_023238405.1_ASM2323840v1,NA,activated sludge
GCF_020149485.1_ASM2014948v1,milk,NA
GCF_901457785.2_ASM90145778v2,NA,alginate-supplemented microcosm
GCF_001890405.1_ASM189040v1,NA,soil
GCF_964198705.1_Zagreb036_hybrid_assembly.fa.gz,Homo sapiens,clinical material
GCF_001922025.1_ASM192202v1,NA,Emmental
GCF_000438705.2_ASM43870v2,Homo sapiens,NA
GCF_009649075.1_ASM964907v1,plateau pika,NA
GCF_019844035.1_ASM1984403v1,Homo sapiens,rectal swab from HIV infected patient
GCF_024662255.1_ASM2466225v1,NA,feces of piglets
GCF_001664545.1_ASM166454v1,Phaseolus vulgaris,legume-root nodule
GCF_020525785.1_ASM2052578v1,Environment,NA
GCF_023299345.1_ASM2329934v1,NA,pet food (BARF)
GCF_017743075.1_ASM1774307v1,Homo sapiens,Rectal swab
GCF_030013245.1_ASM3001324v1,Sus scrofa,feces
GCF_022559485.1_ASM2255948v1,Homo sapiens,feces
GCF_028215975.1_ASM2821597v1,NA,Bioleaching solution
GCF_001713475.1_ASM171347v1,NA,Algal phycosphere
GCF_904831875.1_L5_E1779_ETEC,NA,NA
GCF_040436885.1_ASM4043688v1,Homo sapiens,NA
GCF_030388345.1_ASM3038834v1,NA,soil biofilm
GCF_032944275.1_ASM3294427v1,Homo sapiens,sputum
GCF_012241395.2_ASM1224139v2,Phaseolus vulgaris,soil
GCF_014168635.1_ASM1416863v1,NA,wastewater
GCF_004114975.1_ASM411497v1,peanut,roots of peanut
GCF_023517215.1_ASM2351721v1,Homo sapiens,Nasojejunal tube_P50_BU7
GCF_003226855.1_ASM322685v1,Cryptocercus kyebangensis,NA
GCF_005849435.1_ASM584943v1,NA,Lycium barbarum rhizosphere soil
GCF_002951855.1_ASM295185v1,Homo sapiens,Fecal sample
GCF_000224745.1_ASM22474v1,NA,not provided; submitted under MIGS 2.1
GCF_021397585.1_ASM2139758v1,Homo sapiens,Cerebral spinal fluid
GCF_031326145.1_ASM3132614v1,Homo sapiens,NA
GCF_024585185.1_ASM2458518v1,Homo sapiens,feces
GCF_021233455.1_ASM2123345v1,NA,former landfill site for plastics
GCF_002251115.2_ASM225111v2,NA,Mashed potatoes
GCF_037521165.1_ASM3752116v1,Dog,NA
GCF_032386295.1_ASM3238629v1,NA,NA
GCF_016807685.1_ASM1680768v1,NA,rot potato tubers
GCF_000967155.1_HUSEC2011CHR1,NA,NA
GCF_012029945.2_ASM1202994v2,Homo sapiens,NA
GCF_023182775.2_ASM2318277v2,environment,NA
GCF_003351965.1_ASM335196v1,NA,Deep subsurface fluids
GCF_028335565.1_ASM2833556v1,Bos taurus,fecal sample
GCF_021545845.1_ASM2154584v1,NA,well
GCF_023361915.1_ASM2336191v1,Homo sapiens,sputum
GCF_037099805.1_ASM3709980v1,NA,clinical
GCF_024134545.1_ASM2413454v1,NA,Guide to Japan Collection of Microorganisms
GCF_030297735.1_ASM3029773v1,NA,missing: control sample
GCF_021560095.1_ASM2156009v1,Homo sapiens,blood
GCF_013895695.1_ASM1389569v1,NA,Pooled pig faecal samples collected from floor of farm
GCF_003352085.1_ASM335208v1,NA,North Sea (sediment)
GCF_021052665.1_ASM2105266v1,NA,NA
GCF_016127435.1_ASM1612743v1,NA,NA
GCF_001955735.1_ASM195573v1,NA,environment
GCF_029774315.1_ASM2977431v1,Homo sapiens,blood
GCF_004028375.1_ASM402837v1,Homo sapiens,sputum
GCF_019704055.1_ASM1970405v1,Homo sapiens,NA
GCF_016593175.1_ASM1659317v1,NA,marine hydrothermal vent chimney
GCF_001940165.2_ASM194016v2,Sus scrofa domesticus,feces
GCF_014489555.1_ASM1448955v1,NA,ermafrost region of Qilian Mountains
GCF_024205285.1_ASM2420528v1,Homo sapiens,patient
GCF_015534815.1_ASM1553481v1,NA,Chicken meat
GCF_024759845.1_ASM2475984v1,Homo sapiens,NA
GCF_009909445.1_ASM990944v1,NA,chicken manure
GCF_014705965.1_ASM1470596v1,NA,Beach water
GCF_037477895.1_ASM3747789v1,Rhizopus microsporus,soil
GCF_003019255.1_ASM301925v1,squirrel,NA
GCF_002142675.1_ASM214267v1,Homo sapiens,blood
GCF_003956265.1_ASM395626v1,Homo sapiens,stool
GCF_015476155.1_ASM1547615v1,NA,kimchi
GCF_001890285.2_ASM189028v2,NA,Cattle faeces
GCF_006364675.1_ASM636467v1,NIST Mixed Microbial RM strain,ATCC Isolate
GCF_002078335.1_ASM207833v1,Amblyomma neumanni,NA
GCF_035666295.1_ASM3566629v1,NA,inland salt lake
GCF_039784885.1_ST128_assembly,NA,Dairy
GCF_021768425.1_ASM2176842v1,Seriola lalandi,fish
GCF_030035545.1_ASM3003554v1,NA,Human urine sample
GCF_016942575.1_ASM1694257v1,NA,chicken meat
GCF_003665455.1_ASM366545v1,citrus,NA
GCF_029625055.1_ASM2962505v1,Homo sapiens,Rectal swab
GCF_900520345.1_ASM90052034v1,NA,NA
GCF_036936505.1_ASM3693650v1,Plutella xylostella,NA
GCF_003254065.1_ASM325406v1,Dog,wound liquid
GCF_002085695.1_ASM208569v1,Homo sapiens,central veneous catheter
GCF_012934765.1_ASM1293476v1,Homo sapiens,rectal swab from healthy college student
GCF_905219285.2_AI2715v1_cp,Homo sapiens,Hospital Infanta Leonor (Madrid)
GCF_037094585.1_ASM3709458v1,Homo sapiens,Colon
GCF_907176815.1_USZ_VRE67_P60_hybrid_assembly,Homo sapiens,Superficial wound
GCF_003330745.1_ASM333074v1,NA,soil
GCF_013167555.1_ASM1316755v1,cattle,cattle feces
GCF_026967735.1_ASM2696773v1,Homo sapiens,urine
GCF_021398155.1_ASM2139815v1,Homo sapiens,sputum
GCF_021559695.1_ASM2155969v1,Homo sapiens,Eye secretion
GCF_029224085.1_ASM2922408v1,bovine,NA
GCF_019915345.1_ASM1991534v1,Homo sapiens,Swab from tracheostomic tube
GCF_002354895.1_ASM235489v1,NA,sludge
GCF_003667805.1_ASM366780v1,NA,Red Sea lagoons-Mangrove Mud
GCF_031432835.1_ASM3143283v1,Homo sapiens,drain
GCF_002761035.1_ASM276103v1,NA,Human
GCF_904863295.1_KSB2_2B,Homo sapiens,rectal swab
GCF_013167735.1_ASM1316773v1,NA,NA
GCF_000340885.1_ASM34088v1,NA,NA
GCF_001558795.2_ASM155879v2,Homo sapiens,Skin swab
GCF_001664345.1_ASM166434v1,Phaseolus vulgaris,legume-root nodule
GCF_000283475.1_ASM28347v1,NA,NA
GCF_015277935.1_ASM1527793v1,NA,cows
GCF_001602195.1_ASM160219v1,human oral,NA
GCF_040404485.1_WHO_C_2024,Homo sapiens,Urogenital
GCF_003325195.1_ASM332519v1,NA,NA
GCF_018408705.1_ASM1840870v1,Homo sapiens,feces
GCF_021390295.2_ASM2139029v2,pig,diarrhea and blood
GCF_036346895.1_ASM3634689v1,NA,NA
GCF_018517125.1_ASM1851712v1,Homo sapiens,Digestive
GCF_001890205.1_ASM189020v1,Homo sapiens,NA
GCF_022493955.1_ASM2249395v1,NA,Stanley WWTPs_1 WWTPs effluent
GCF_008369765.1_ASM836976v1,Lutjanus guttatus (Rose snapper),NA
GCF_004006575.1_ASM400657v1,NA,chicken
GCF_036227505.1_ASM3622750v1,NA,NA
GCF_003429445.1_ASM342944v1,Homo sapiens,NA
GCF_024226435.1_ASM2422643v1,Gallus gallus domesticus,pooled poultry feces
GCF_905330835.2_AI2945v1_cpp,Homo sapiens,Hospital Universitario Central de Asturias (Oviedo)
GCF_003018075.1_ASM301807v1,Homo sapiens,stool
GCF_029917085.1_ASM2991708v1,Tilapia,NA
GCF_030291955.1_ASM3029195v1,NA,grassland soil
GCF_003986635.1_ASM398663v1,Homo sapiens,NA
GCF_000505705.1_ASM50570v1,Homo sapiens,stool
GCF_022430525.1_ASM2243052v1,Danio rerio,NA
GCF_022354585.1_ASM2235458v1,NA,Shek Wu Hui WWTPs_110 WWTPs influent
GCF_008705155.1_ASM870515v1,NA,food
GCF_016864555.1_ASM1686455v1,Prosopis cineraria,nodule
GCF_000953655.1_LHA,NA,NA
GCF_025854155.1_ASM2585415v1,NA,ENVIRONMENT
GCF_000306745.1_ASM30674v1,NA,NA
GCF_020042225.1_ASM2004222v1,Homo sapiens,urine
GCF_016458845.1_ASM1645884v1,NA,NA
GCF_030585245.1_ASM3058524v1,Homo sapiens,Skin/Wound
GCF_000083545.1_ASM8354v1,NA,NA
GCF_001562275.1_ASM156227v1,lichen Stereocaulon sp.,NA
GCF_039912505.1_ASM3991250v1,Bos taurus,culture
GCF_000185805.1_ASM18580v1,NA,walls of an active deep-sea hydrothermal vent chimney on the East Pacific Rise at 9 degrees 50' N
GCF_036898185.1_ASM3689818v1,Homo sapiens,urine
GCF_014904235.2_ASM1490423v2,pig,pig farm
GCF_023159115.1_ASM2315911v1,NA,milking environment
GCF_027595645.1_ASM2759564v1,Homo sapiens,tissue; L hip
GCF_001191625.1_ASM119162v1,NA,water
GCF_029674665.1_ASM2967466v1,NA,soil
GCF_017298895.1_ASM1729889v1,NA,Clone isolated from the evolution experiment described in Ketola et al. 2013 (doi: 10.1111/evo.12148)
GCF_025490355.1_ASM2549035v1,chicken,feces
GCF_029774175.1_ASM2977417v1,horse,NA
GCF_000969905.1_ASM96990v1,NA,NA
GCF_025142135.1_ASM2514213v1,NA,ENVO:00002034
GCF_012933075.2_ASM1293307v2,Homo sapiens,blood
GCF_016066295.1_ASM1606629v1,Homo sapiens,urine
GCF_001280385.1_ASM128038v1,Homo sapiens,patient blood
GCF_964199095.1_Zagreb042_hybrid_assembly.fa.gz,Homo sapiens,clinical material
GCF_028335705.1_ASM2833570v1,Bos taurus,fecal sample
GCF_023703875.1_ASM2370387v1,Pteropus poliocephalus,NA
GCF_000281695.1_ASM28169v1,NA,NA
GCF_013305885.1_ASM1330588v1,Homo sapiens,NA
GCF_013401415.1_ASM1340141v1,NA,seawater
GCF_022570755.1_ASM2257075v1,Homo sapiens,NA
GCF_002853435.3_ASM285343v3,Homo sapiens,NA
GCF_000255135.1_ASM25513v1,NA,deep-sea hydrothermal vent chimney at a depth of 2630 meters on the East-Pacific Rise
GCF_030384845.1_ASM3038484v1,Homo sapiens,NA
GCF_031326325.1_ASM3132632v1,Homo sapiens,sputum
GCF_011769805.1_ASM1176980v1,Homo sapiens,urine
GCF_003030125.1_ASM303012v1,NA,turkey
GCF_021535105.1_ASM2153510v1,Homo sapiens,sputum
GCF_000252875.1_ASM25287v1,porcine,NA
GCF_002202155.1_ASM220215v1,NA,food
GCF_022559425.1_ASM2255942v1,Homo sapiens,feces
GCF_024442315.1_ASM2444231v1,plant,leaves
GCF_036418145.1_ASM3641814v1,Homo sapiens,wound
GCF_000023965.1_ASM2396v1,NA,NA
GCF_014168695.1_ASM1416869v1,NA,wastewater
GCF_023300165.1_ASM2330016v1,NA,pet food (BARF)
GCF_015135855.1_ASM1513585v1,NA,sewage
GCF_005383105.2_ASM538310v2,Homo sapiens,blood
GCF_022982715.1_ASM2298271v1,Homo,sputum
GCF_023558335.1_ASM2355833v1,Prorocentrum lima,NA
GCF_013146845.1_ASM1314684v1,Homo sapiens,stool
GCF_020525725.1_ASM2052572v1,Environment,NA
GCF_028871695.1_ASM2887169v1,Homo sapiens,NA
GCF_000017425.1_ASM1742v1,NA,NA
GCF_029909795.1_ASM2990979v1,NA,soil adjacent to the roots of the plant Clitoria ternatea
GCF_019844095.1_ASM1984409v1,Medicago,alfalfa seeds
GCF_020003165.1_ASM2000316v1,Homo sapiens,nose
GCF_037754115.1_ASM3775411v1,NA,NA
GCF_003433275.1_ASM343327v1,NA,stool
GCF_034119765.1_ASM3411976v1,NA,pork
GCF_016774515.1_ASM1677451v1,NA,Saeng-gimol meju
GCF_002176855.1_ASM217685v1,Meleagris gallopavo,ileum
GCF_013168115.1_ASM1316811v1,Homo sapiens,NA
GCF_026435195.1_ASM2643519v1,Salmo salar,tissue
GCF_000973125.1_ASM97312v1,NA,NA
GCF_001900735.1_ASM190073v1,dog,NA
GCF_024397375.1_ASM2439737v1,Homo sapiens,no
GCF_004771135.1_ASM477113v1,Homo sapiens,NA
GCF_009432635.1_ASM943263v1,NA,Ground beef
GCF_009912055.1_ASM991205v1,Homo sapiens,NA
GCF_038424905.1_ASM3842490v1,Homo sapiens,urine
GCF_025837075.1_ASM2583707v1,Equus,wound swab
GCF_006402875.1_ASM640287v1,NA,liver and spleen of chicken (broiler)
GCF_029931545.1_ASM2993154v1,Homo sapiens,NA
GCF_003627755.1_ASM362775v1,Calliandra grandiflora,tropical rain forests and high mountains
GCF_002012165.1_ASM201216v1,Homo sapiens,NA
GCF_027943865.1_ASM2794386v1,Homo sapiens,blood
GCF_001433955.1_ASM143395v1,Homo sapiens,subgingival dental plaque
GCF_020150915.1_ASM2015091v1,Homo sapiens,NA
GCF_002863885.1_ASM286388v1,NA,cattle
GCF_020547025.1_ASM2054702v1,NA,NA
GCF_004136075.1_ASM413607v1,Bovine,bovine hide
GCF_025983625.1_ASM2598362v1,Bovine,NA
GCF_001643275.2_ASM164327v2,Salmo salar,kidney
GCF_021655295.1_ASM2165529v1,Homo sapiens,human blood of bacteremia patient
GCF_009363675.1_ASM936367v1,NA,Surface of a polyethylene microplastic particle present in tank 6 of a marine aquarium containing stony-coral fragments and water maintained at 26 degree C
GCF_020883535.1_ASM2088353v1,Rattus norvegicus,swab from nostrils of a healthy rat
GCF_000939415.2_HGAP_assembly_of_Acinetobacter_baumannii_ORAB01,Homo sapiens,bodily fluid
GCF_029541605.1_ASM2954160v1,NA,sea urchin; Strongylocentrotus intermedius
GCF_012934595.1_ASM1293459v1,Homo sapiens,rectal swab from healthy college student
GCF_025449335.1_ASM2544933v1,NA,feces of bat
GCF_017968845.1_ASM1796884v1,NA,sludge
GCF_003812185.1_ASM381218v1,Homo sapiens,Endotracheal aspirate
GCF_009720465.1_ASM972046v1,Homo sapiens,urine
GCF_010731815.2_ASM1073181v2,NA,NA
GCF_002591175.1_ASM259117v1,Homo sapiens,CSF
GCF_031297465.1_ASM3129746v1,Sus scrofa,Anus
GCF_036866205.1_ASM3686620v1,Triticum aestivum 'Heerup',Flag leaf of wheat
GCF_001696615.3_ASM169661v3,NA,hospital sewage
GCF_022494375.1_ASM2249437v1,NA,Stanley WWTPs_19 WWTPs influent
GCF_013414285.1_ASM1341428v1,NA,sewage sludge
GCF_029713765.1_ASM2971376v1,Homo sapiens,NA
GCF_037901235.1_ASM3790123v1,NA,NA
GCF_025152625.1_ASM2515262v1,NA,citrus soil
GCF_001679985.1_ASM167998v1,NA,swine cecum
GCF_964039395.1_30348_1_195,NA,NA
GCF_003408535.1_ASM340853v1,Homo sapiens,blood
GCF_016128075.1_ASM1612807v1,NA,NA
GCF_036870985.1_ASM3687098v1,NA,cape gooseberry
GCF_019076985.1_ASM1907698v1,citrus,NA
GCF_001483885.1_ASM148388v1,NA,Korean traditional alcoholic beverage
GCF_022343825.1_ASM2234382v1,Homo sapiens,blood
GCF_011045335.1_ASM1104533v1,Homo sapiens,NA
GCF_030389735.1_ASM3038973v1,NA,NA
GCF_001596775.2_ASM159677v2,Homo sapiens,blood
GCF_021729765.1_ASM2172976v1,NA,Manis javanica
GCF_030296115.1_ASM3029611v1,Sus scrofa,feces
GCF_016128215.1_ASM1612821v1,NA,NA
GCF_027595105.3_ASM2759510v3,Homo sapiens,NA
GCF_020844025.1_ASM2084402v1,NA,Tailings mud
GCF_016812015.1_ASM1681201v1,NA,Litopenaeus vannamei purchased at the supermarket
GCF_002111125.1_ASM211112v1,Homo sapiens,clinical
GCF_000391485.2_ASM39148v2,Homo sapiens,NA
GCF_963575795.1_GENOMIC21-004,NA,NA
GCF_020868245.1_ASM2086824v1,Chroicocephalus novaehollandiae,island
GCF_001999205.1_ASM199920v1,NA,Tidal flat sediment sample
GCF_003017915.1_ASM301791v1,Homo sapiens,stool
GCF_036866065.1_ASM3686606v1,Triticum aestivum 'Kvium',Flag leaf of wheat
GCF_030505815.1_ASM3050581v1,NA,urine
GCF_022494115.1_ASM2249411v1,NA,Stanley WWTPs_34 WWTPs effluent
GCF_037477805.1_ASM3747780v1,NA,NA
GCF_033170405.1_ASM3317040v1,Homo sapiens,urine
GCF_025583375.2_ASM2558337v2,chicken,feces
GCF_014268495.2_ASM1426849v2,NA,Maize rhizosphere
GCF_032301015.1_ASM3230101v1,Homo sapiens,NA
GCF_037094515.1_ASM3709451v1,Homo sapiens,Ileum
GCF_025449155.1_ASM2544915v1,NA,NA
GCF_000943805.1_ASM94380v1,NA,soil
GCF_029716485.1_ASM2971648v1,NA,Pooled soil sample collected from floor of pig farm
GCF_002865845.1_ASM286584v1,NA,NA
GCF_022453665.1_ASM2245366v1,NA,NA
GCF_020268605.1_ASM2026860v1,Apis mellifera,hemolymph
GCF_007197815.1_ASM719781v1,Homo sapiens,gut
GCF_035581385.1_ASM3558138v1,Homo sapiens,wound
GCF_013784065.1_ASM1378406v1,NA,Freshwater sample from upstream of wastewater treatment plant
GCF_009914095.1_ASM991409v1,NA,Water kimchi
GCF_036287605.1_ASM3628760v1,NA,Hospital sewage
GCF_023205595.1_ASM2320559v1,Homo sapiens,Urethral discharge
GCF_905218875.2_AI2598v1_cp,Homo sapiens,Hospital Universitario Gregorio Maranon (Madrid)
GCF_000735125.2_ASM73512v2,NA,seawater
GCF_022212905.1_ASM2221290v1,Homo sapiens,fecal sample
GCF_009913275.1_ASM991327v1,NA,Doenjang(Soybean paste)
GCF_024218815.1_ASM2421881v1,NA,sediment
GCF_000196755.1_ASM19675v1,NA,NA
GCF_003367295.1_ASM336729v1,Peromyscus leucopus,NA
GCF_028752775.1_ASM2875277v1,Homo sapiens,blood
GCF_023170005.1_ASM2317000v1,NA,NA
GCF_014931055.1_ASM1493105v1,Lion-tailed macaques,feces
GCF_032113415.1_ASM3211341v1,NA,sediment
GCF_026626145.1_ASM2662614v1,Pelodiscus sinensis,liver
GCF_020149645.1_ASM2014964v1,Homo sapiens,blood
GCF_000743255.1_ASM74325v1,NA,NA
GCF_032938035.1_ASM3293803v1,Gallus gallus,chicken
GCF_019222685.1_ASM1922268v1,NA,urine
GCF_012935145.1_ASM1293514v1,Homo sapiens,blood
GCF_000698825.1_ASM69882v1,NA,NA
GCF_000328545.1_ASM32854v1,NA,not provided; submitted under MIGS 2.1
GCF_022982575.1_ASM2298257v1,Homo,sputum
GCF_030036855.1_ASM3003685v1,NA,environmental: river near WWTP effluent
GCF_008370835.2_ASM837083v2,NA,Oryza sativa
GCF_023735855.1_ASM2373585v1,Homo sapiens,NA
GCF_002028405.1_ASM202840v1,NA,soil
GCF_005222425.1_ASM522242v1,NA,cattle
GCF_033228545.1_ASM3322854v1,Homo sapiens,NA
GCF_009914705.1_ASM991470v1,NA,feed additive imported from China
GCF_023299185.1_ASM2329918v1,NA,pet food (BARF)
GCF_030013085.1_ASM3001308v1,Sus scrofa,feces
GCF_030027965.1_ASM3002796v1,NA,Gallus
GCF_012933285.2_ASM1293328v2,Homo sapiens,blood
GCF_024442175.1_ASM2444217v1,NA,seawater
GCF_000417265.2_ASM41726v2,NA,NA
GCF_003546885.1_ASM354688v1,Homo sapiens,Skin swab
GCF_036452175.1_ASM3645217v1,Homo sapiens,blood
GCF_025853915.1_ASM2585391v1,Homo sapiens,skin
GCF_019968785.1_ASM1996878v1,NA,lake water
GCF_004120155.1_ASM412015v1,Homo sapiens,incision secretion
GCF_013307145.1_ASM1330714v1,Oryza sativa,USA rice field
GCF_000025825.1_ASM2582v1,NA,NA
GCF_010365465.1_ASM1036546v1,NA,environment
GCF_013747275.1_ASM1374727v1,NA,Wastewater effluent sample
GCF_038423385.1_ASM3842338v1,Homo sapiens,Abs/pus/wd
GCF_019175325.1_ASM1917532v1,NA,thermal field
GCF_026109755.1_ASM2610975v1,Homo sapiens,respiratory tract
GCF_025398455.1_ASM2539845v1,Homo sapiens,Wound/Abscess
GCF_009734105.1_ASM973410v1,Homo sapiens,NA
GCF_002796445.1_ASM279644v1,NA,NA
GCF_023822065.1_ASM2382206v1,NA,Noni
GCF_019211785.1_ASM1921178v1,NA,food
GCF_036287455.1_ASM3628745v1,Homo sapiens,sputum
GCF_028898885.1_ASM2889888v1,Homo sapiens,urine
GCF_025215665.1_ASM2521566v1,NA,NA
GCF_017298835.1_ASM1729883v1,NA,Clone isolated from the evolution experiment described in Ketola et al. 2013 (doi: 10.1111/evo.12148)
GCF_037888705.1_ASM3788870v1,Chicken,NA
GCF_902807015.1_15-2067_O99,Phoenicopterus roseus,cloacal swab
GCF_001618825.1_ASM161882v1,Cicer arietinum,NA
GCF_004324315.2_ASM432431v2,NA,feces
GCF_000009625.1_ASM962v1,NA,NA
GCF_034644395.1_ASM3464439v1,Homo sapiens,Infected Human Urine
GCF_040436815.1_ASM4043681v1,Homo sapiens,NA
GCF_028221005.1_ASM2822100v1,Homo sapiens,sputum
GCF_009363075.1_ASM936307v1,NA,forest soil
GCF_008370735.1_ASM837073v1,Salvelinus fontinalis,NA
GCF_024918915.1_ASM2491891v1,Homo sapiens,blood
GCF_019329245.1_ASM1932924v1,Homo sapiens,NA
GCF_022354525.1_ASM2235452v1,Homo sapiens,NA
GCF_036898125.1_ASM3689812v1,Homo sapiens,urine
GCF_001013905.1_sleC34,NA,Salar de Atacama; Atacama Desert
GCF_030063965.1_ASM3006396v1,Homo sapiens,skin
GCF_029917025.1_ASM2991702v1,Chrysomallon squamiferum,gills
GCF_003586525.1_ASM358652v1,NA,dyed contaminated landsoil
GCF_018866365.1_ASM1886636v1,Trigona sp.,NA
GCF_003073815.1_ASM307381v1,NA,NA
GCF_016865345.1_ASM1686534v1,Homo sapiens,NA
GCF_009912655.1_ASM991265v1,Homo sapiens,NA
GCF_018517185.1_ASM1851718v1,Homo sapiens,Digestive
GCF_020034535.1_ASM2003453v1,Homo sapiens,blood
GCF_013625265.1_ASM1362526v1,NA,Freshwater sample from downstream of wastewater treatment plant
GCF_015870765.1_ASM1587076v1,Homo sapiens,human clinical sample
GCF_016026755.1_ASM1602675v1,NA,NA
GCF_014169015.1_ASM1416901v1,NA,wastewater
GCF_020735825.1_ASM2073582v1,NA,NA
GCF_000325725.1_ASM32572v1,Homo sapiens,NA
GCF_000612545.2_ASM61254v2,NA,soil
GCF_030533895.1_ASM3053389v1,Homo sapiens,vaginal swab
GCF_001620115.1_ASM162011v1,Bovine,bovine hide
GCF_004571175.1_ASM457117v1,NA,water
GCF_025169685.2_ASM2516968v2,Homo sapiens,urethal swab
GCF_009708335.1_ASM970833v1,Salmo salar,NA
GCF_015277995.1_ASM1527799v1,NA,Black-collared Starling
GCF_030285945.1_ASM3028594v1,NA,rhizosphere soil
GCF_017068395.1_ASM1706839v1,NA,rhizosphere of apple plantlets grown in replant diseased soil
GCF_023373765.1_ASM2337376v1,swine,NA
GCF_040373105.1_WHO_P_2024,Homo sapiens,Urogenital
GCF_013167795.1_ASM1316779v1,NA,beef
GCF_030169945.1_ASM3016994v1,NA,Out-of-house environment
GCF_031432895.1_ASM3143289v1,Homo sapiens,urine
GCF_037661965.1_ASM3766196v1,Chicken,NA
GCF_007954465.1_ASM795446v1,Homo sapiens,Tricuspid valve; septal leaflet
GCF_024803805.1_ASM2480380v1,Homo sapiens,NA
GCF_025558745.1_ASM2555874v1,Camel,Eye swab
GCF_022693325.1_ASM2269332v1,Homo sapiens,urine
GCF_017086565.1_ASM1708656v1,Homo sapiens,NA
GCF_023935825.1_ASM2393582v1,NA,cloud water
GCF_016403625.2_ASM1640362v2,Homo sapiens,stool
GCF_900639745.1_E4456_hybrid_assembly,NA,NA
GCF_001315015.1_ASM131501v1,Digitaria eriantha,root
GCF_014217665.1_ASM1421766v1,NA,soil
GCF_001028665.1_ASM102866v1,NA,Soil
GCF_000332735.1_ASM33273v1,NA,laboratory contaminant
GCF_009497735.1_ASM949773v1,Homo sapiens,NA
GCF_002173775.1_ASM217377v1,NA,food
GCF_009709115.1_ASM970911v1,Oncorhynchus kisutch,NA
GCF_024396795.1_ASM2439679v1,NA,NA
GCF_038049065.1_BSN182,Homo sapiens,blood
GCF_028551275.1_ASM2855127v1,NA,Tap water (bathroom)
GCF_023657875.1_ASM2365787v1,Canis lupus familiaris,NA
GCF_005885915.1_ASM588591v1,Homo sapiens,NA
GCF_018292165.1_ASM1829216v1,Homo sapiens,feces
GCF_035666235.1_ASM3566623v1,Homo sapiens,NA
GCF_003071445.1_ASM307144v1,Homo sapiens,urine
GCF_013459835.1_ASM1345983v1,shrimp,NA
GCF_002906595.1_ASM290659v1,Homo sapiens,hospital
GCF_001517405.1_EM595,NA,NA
GCF_009176965.1_ASM917696v1,NA,wastewater
GCF_900004845.1_SgGMMB4,Glossina morsitans morsitans,NA
GCF_014169275.1_ASM1416927v1,NA,wastewater
GCF_003112185.1_ASM311218v1,NA,Creek
GCF_037477835.1_ASM3747783v1,NA,NA
GCF_022936405.1_ASM2293640v1,Homo sapiens,feces
GCF_012931645.1_ASM1293164v1,Homo sapiens,sputum
GCF_003204155.1_ASM320415v1,NA,NA
GCF_014764345.1_ASM1476434v1,Homo sapiens,infant sputum
GCF_001901315.1_ASM190131v1,NA,forest soil
GCF_025583345.2_ASM2558334v2,chicken,feces
GCF_001865435.1_ASM186543v1,NA,chicken liver
GCF_001647675.1_ASM164767v1,Mus musculus,tracheal swab from cat-captured mouse
GCF_003431825.1_ASM343182v1,NA,microcystis culture
GCF_037024355.1_ASM3702435v1,Homo sapiens,NA
GCF_024663615.1_ASM2466361v1,NA,NA
GCF_000833255.1_ASM83325v1,Homo sapiens,Human Pleural Fluid
GCF_000154785.2_ASM15478v2,NA,seaweed
GCF_026013295.1_ASM2601329v1,Homo sapiens,stool
GCF_024022975.1_ASM2402297v1,NA,human feces
GCF_000834755.1_ASM83475v1,Otospermophilus beecheyi (California ground squirrel),NA
GCF_024205225.1_ASM2420522v1,NA,wastewater treatment plant
GCF_001902375.1_ASM190237v1,Homo sapiens,medical patient
GCF_008694045.1_ASM869404v1,duck,NA
GCF_032598905.1_ASM3259890v1,NA,soil
GCF_001888075.1_ASM188807v1,Homo sapiens,feces
GCF_001636035.1_ASM163603v1,toothfish,NA
GCF_024363505.1_ASM2436350v1,NA,Brain-Heart-Infusion
GCF_001735765.2_ASM173576v2,NA,Lake Mainaki silt
GCF_027595485.1_ASM2759548v1,Homo sapiens,left thigh tissue
GCF_010919095.1_ASM1091909v1,goose,stool
GCF_018135585.1_ASM1813558v1,Homo sapiens,patient
GCF_037933585.1_ASM3793358v1,Homo sapiens,NA
GCF_030272285.1_ASM3027228v1,Cicer arietinum L.,radical nodules from chickpea plants
GCF_004141975.1_ASM414197v1,Homo sapiens,anal sample
GCF_004168305.2_ASM416830v2,NA,NA
GCF_900660465.1_50648_A01-3,Homo sapiens,monkey kidney tissue-culture fluids of the FH strain (Eaton Agent Virus)
GCF_023822205.1_ASM2382220v1,NA,Bryndza sheep milk cheese
GCF_028743675.1_ASM2874367v1,NA,medicine capsule
GCF_025677705.1_ASM2567770v1,NA,barbeque
GCF_029635775.1_ASM2963577v1,loach,Aquaculture ponds
GCF_021172885.1_ASM2117288v1,Homo sapiens,OP Swab
GCF_016925355.1_ASM1692535v1,Homo sapiens,blood
GCF_001692515.1_ASM169251v1,NA,Chicken feces
GCF_002007625.1_ASM200762v1,Homo sapiens,Rectal swab
GCF_021654675.1_ASM2165467v1,NA,NA
GCF_031954525.1_ASM3195452v1,NA,soil
GCF_029719205.1_ASM2971920v1,NA,Pooled sediment sample collected from floor of cattle farm
GCF_013122115.1_ASM1312211v1,NA,NA
GCF_026240775.1_ASM2624077v1,SW4848was obtained from City Park Lake; Baton Rouge; Louisiana; U.S.A.,TSW4848-W1 1 is a transconjugant of SW4848
GCF_017220215.1_ASM1722021v1,Homo sapiens,ETA
GCF_003999525.1_ASM399952v1,common bean,leaves of Phaseolus vulgaris
GCF_025449355.1_ASM2544935v1,Pig,feces
GCF_029718685.1_ASM2971868v1,NA,Pooled soil sample collected from floor of cattle farm
GCF_029541665.1_ASM2954166v1,Homo sapiens,NA
GCF_002813775.1_ASM281377v1,NA,meromictic lake
GCF_010183645.1_ASM1018364v1,Homo sapiens,pus
GCF_000284115.1_ASM28411v1,NA,NA
GCF_020388785.1_ASM2038878v1,Homo sapiens,Skin swab
GCF_001640905.1_ASM164090v1,Homo sapiens,blood
GCF_019047185.1_ASM1904718v1,NA,NA
GCF_007035645.1_ASM703564v1,Homo sapiens,urine
GCF_025983645.1_ASM2598364v1,Bovine,NA
GCF_004923295.1_ASM492329v1,NA,soil
GCF_002214265.1_ASM221426v1,Atlantic salmon,The RAS Atlantic Salmon facility
GCF_004296435.1_ASM429643v1,NA,wastewater
GCF_016128015.1_ASM1612801v1,NA,NA
GCF_002494365.2_ASM249436v2,Homo sapiens,NA
GCF_009258445.2_NL-IR-1,Ixodes ricinus,eggs of a tick infected in nature
GCF_002803885.1_ASM280388v1,Homo sapiens,Infection
GCF_031787095.1_ASM3178709v1,Homo sapiens,abscess
GCF_016903435.1_ASM1690343v1,Homo sapiens,NA
GCF_904863385.1_MSB1_1A,Homo sapiens,rectal swab
GCF_002741175.1_ASM274117v1,NA,NA
GCF_000512775.2_ASM51277v2,NA,NA
GCF_003626975.1_ASM362697v1,NA,Heilongjiang Province
GCF_005853785.1_ASM585378v1,Homo sapiens,blood
GCF_022494315.1_ASM2249431v1,NA,Stanley WWTPs_13 WWTPs influent
GCF_030707995.1_ASM3070799v1,NA,human
GCF_002000745.1_ASM200074v1,Homo sapiens,Nose
GCF_009867135.1_ASM986713v1,NA,activated sludge
GCF_001654475.1_ASM165447v1,NA,environmental
GCF_023195715.1_ASM2319571v1,NA,sink
GCF_023558355.1_ASM2355835v1,Alexandrium ostenfeldii,NA
GCF_002787395.1_ASM278739v1,Homo sapiens,wound
GCF_002752975.1_ASM275297v1,Homo sapiens,urine
GCF_023212565.2_ASM2321256v2,Salmo salar,salmon tissue
GCF_013138395.1_ASM1313839v1,NA,purple rhizosphere soil the cabbage Brassica campestris L. ssp. chinensis Makino (var. communis Tsen et Lee)
GCF_924899195.1_CNR146C9,Homo sapiens,Rectal swab
GCF_003432245.1_ASM343224v1,Homo sapiens,urine
GCF_033226745.1_ASM3322674v1,Homo sapiens,NA
GCF_009709295.1_ASM970929v1,Oncorhynchus mykiss,NA
GCF_008805035.1_ASM880503v1,Homo sapiens,brain abscess
GCF_018409145.1_ASM1840914v1,Homo sapiens,nasal swab sample
GCF_022559445.1_ASM2255944v1,Homo sapiens,feces
GCF_036237275.1_ASM3623727v1,NA,NA
GCF_033215415.1_ASM3321541v1,Homo sapiens,ascites
GCF_013791465.1_ASM1379146v1,NA,Wastewater influent sample
GCF_024397315.1_ASM2439731v1,NA,Green onion
GCF_028607105.1_ASM2860710v1,NA,Soil from military shooting range
GCF_005221845.1_ASM522184v1,NA,cattle
GCF_002906615.1_ASM290661v1,Homo sapiens,hospital
GCF_021485005.1_ASM2148500v1,Homo sapiens,blood
GCF_003112205.1_ASM311220v1,Bos taurus,feces
GCF_016454385.1_ASM1645438v1,NA,turkey
GCF_034119705.1_ASM3411970v1,Homo sapiens,ascites
GCF_946406265.1_SJC1043,NA,Bloodstream
GCF_026410925.1_ASM2641092v1,NA,Isla Bacuta saltern
GCF_021397715.1_ASM2139771v1,NA,Braised chicken
GCF_037710325.1_ASM3771032v1,Chicken,NA
GCF_013168175.1_ASM1316817v1,cattle,cattle feces
GCF_016774575.1_ASM1677457v1,NA,NA
GCF_016861425.1_ASM1686142v1,NA,NA
GCF_024300685.1_ASM2430068v1,Homo sapiens,NA
GCF_020149625.1_ASM2014962v1,Homo sapiens,urine
GCF_001484665.1_ASM148466v1,Homo sapiens,sputum
GCF_012054045.1_ASM1205404v1,chicken,Chicken product
GCF_014931035.1_ASM1493103v1,Homo sapiens,urine
GCF_012935125.1_ASM1293512v1,Homo sapiens,BAL
GCF_025021505.1_ASM2502150v1,NA,Doenjang
GCF_033130105.1_ASM3313010v1,Homo sapiens,feces
GCF_007923865.2_ASM792386v2,NA,chicken
GCF_024449095.1_ASM2444909v1,Galaxea fascicularis,NA
GCF_016756575.1_ASM1675657v1,Lotus japonicus,NA
GCF_036287665.1_ASM3628766v1,NA,seawater
GCF_013317965.2_ASM1331796v2,Rose,NA
GCF_000422085.1_ASM42208v1,NA,NA
GCF_022212965.1_ASM2221296v1,Homo sapiens,fecal sample
GCF_012169405.1_ASM1216940v1,Homo sapiens,blood
GCF_001870165.1_ASM187016v1,Homo sapiens,Abdominal Abscess
GCF_028752715.1_ASM2875271v1,chicken,Tissue
GCF_000010645.1_ASM1064v1,Pseudotrichonympha grassii (protist) in the gut of the termite Coptotermes formosanus,a single cell of termite (Coptotermes formosanus) gut protist
GCF_000696675.2_ASM69667v2,NA,hydroponic pots with potatoes
GCF_004208475.1_ASM420847v1,rabbit,NA
GCF_004322955.1_ASM432295v1,NA,NA
GCF_964198975.1_Zagreb024_hybrid_assembly.fa.gz,Homo sapiens,clinical material
GCF_015566135.1_ASM1556613v1,Homo sapiens,NA
GCF_024442115.1_ASM2444211v1,NA,pickle
GCF_006094295.1_ASM609429v1,NA,NA
GCF_036452115.1_ASM3645211v1,Homo sapiens,blood
GCF_029144185.1_ASM2914418v1,Poultry meat,NA
GCF_025853975.1_ASM2585397v1,Homo sapiens,skin
GCF_013307125.1_ASM1330712v1,Homo sapiens,feces
GCF_010365405.1_ASM1036540v1,NA,environment
GCF_001750145.1_ASM175014v1,NA,Lake Untersee
GCF_030036835.1_ASM3003683v1,NA,environmental: river near WWTP effluent
GCF_023735835.1_ASM2373583v1,Homo sapiens,NA
GCF_029866805.1_ASM2986680v1,Homo sapiens,hydrothorax
GCF_011305995.1_ASM1130599v1,Hydrophilus acuminatus,NA
GCF_020525525.1_ASM2052552v1,Homo sapiens,blood
GCF_003595725.1_ASM359572v1,NA,Bovine pre-evisceration carcass at harvest
GCF_034047095.1_ASM3404709v1,Areca catechu,leaf spot disease samples
GCF_018968645.1_ASM1896864v1,duck,visceral
GCF_000017845.1_ASM1784v1,NA,NA
GCF_033170465.1_ASM3317046v1,Homo sapiens,sputum
GCF_036250695.1_ASM3625069v1,NA,NA
GCF_030505875.1_ASM3050587v1,NA,chicken breast
GCF_022494175.1_ASM2249417v1,NA,Stanley WWTPs_38 WWTPs effluent
GCF_002903125.1_ASM290312v1,Homo sapiens,swab
GCF_032854045.1_ASM3285404v1,NA,noodles
GCF_011045355.1_ASM1104535v1,Homo sapiens,NA
GCF_030389755.1_ASM3038975v1,NA,NA
GCF_030296175.1_ASM3029617v1,Sus scrofa,feces
GCF_017309485.1_ASM1730948v1,Homo sapiens,Human feces
GCF_009734285.1_ASM973428v1,Avena sativa,NA
GCF_022701075.1_ASM2270107v1,Homo sapiens,endotracheal aspirate
GCF_016128275.1_ASM1612827v1,NA,NA
GCF_032349915.1_ASM3234991v1,Homo sapiens,NA
GCF_000568495.1_ASM56849v1,NA,NA
GCF_000963815.1_ASM96381v1,Homo sapiens,tibia/osteomyelitis of diabetes patient
GCF_031038995.1_ASM3103899v1,Homo sapiens,stool
GCF_016812075.1_ASM1681207v1,NA,stinky xiancaigeng
GCF_022453605.1_ASM2245360v1,NA,NA
GCF_009708935.1_ASM970893v1,Salmo salar,NA
GCF_000298495.2_ASM29849v2,Ondatra zibethicus,muskrat during outbreak
GCF_004324095.2_ASM432409v2,NA,feces
GCF_028370175.1_ASM2837017v1,Homo sapiens,nosocomial spread of war-related MDR-ABC in a Canadian civilian hospital with origin from soldier evacuated via Landstuhl Regional Medical Center
GCF_015482585.1_ASM1548258v1,NA,Sediments
GCF_024331345.2_ASM2433134v2,Homo sapiens,stool sample
GCF_022350025.1_ASM2235002v1,NA,Yeshanjun pickle
GCF_016403675.2_ASM1640367v2,Homo sapiens,stool
GCF_001623565.1_ASM162356v1,Marmota himalayana,Glycerine
GCF_037094575.1_ASM3709457v1,Homo sapiens,Ileum
GCF_008727255.1_ASM872725v1,NA,NA
GCF_004087835.1_ASM408783v1,NA,salted brown alga Laminaria
GCF_003964795.2_ASM396479v2,Homo sapiens,blood
GCF_000487155.2_ASM48715v2,NA,NA
GCF_013394385.1_ASM1339438v1,NA,sake
GCF_037323615.1_ASM3732361v1,NA,water
GCF_036346855.1_ASM3634685v1,NA,soil
GCF_022493995.1_ASM2249399v1,NA,Stanley WWTPs_3 WWTPs effluent
GCF_003203635.1_ASM320363v1,NA,NA
GCF_964199105.1_Zagreb041_hybrid_assembly.fa.gz,Homo sapiens,clinical material
GCF_014169075.1_ASM1416907v1,NA,wastewater
GCF_016028735.1_ASM1602873v1,NA,NA
GCF_024321955.1_ASM2432195v1,NA,soil
GCF_013893835.1_ASM1389383v1,NA,Pooled sheep faecal samples collected from floor of farm
GCF_029917045.1_ASM2991704v1,Homo sapiens,secretion
GCF_020628555.1_ASM2062855v1,Halichondria panicea,marine sponge
GCF_012050525.1_ASM1205052v1,Homo sapiens,Diarrheal patient
GCF_018350285.1_ASM1835028v1,Vigna radiata,NA
GCF_030718895.1_ASM3071889v1,Guinea pig,Cecum
GCF_000018345.1_ASM1834v1,NA,NA
GCF_030291995.1_ASM3029199v1,NA,grassland soil
GCF_003491385.1_ASM349138v1,NA,ENVO:00002006
GCF_003004295.1_ASM300429v1,Homo sapiens,NA
GCF_001901105.1_ASM190110v1,mouse,feces
GCF_017909295.1_ASM1790929v1,NA,Potato flake
GCF_022816845.1_ASM2281684v1,NA,soil
GCF_002811425.2_ASM281142v2,Homo sapiens,NA
GCF_019502645.1_ASM1950264v1,Homo sapiens,clinical
GCF_009709495.1_ASM970949v1,Salmo salar,NA
GCF_037094725.1_ASM3709472v1,Homo sapiens,human stool
GCF_019431205.1_ASM1943120v1,NA,broth
GCF_011611865.1_ASM1161186v1,NA,petroleum-contaminated soil
GCF_020412405.1_ASM2041240v1,NA,water
GCF_000009725.1_ASM972v1,NA,NA
GCF_009002435.1_ASM900243v1,NA,sewage
GCF_009684575.1_ASM968457v1,NA,blood specimen
GCF_040372185.1_ASM4037218v1,Homo sapiens,NA
GCF_000008865.2_ASM886v2,NA,NA
GCF_009913875.1_ASM991387v1,NA,Gochujang
GCF_002866225.1_ASM286622v1,NA,NA
GCF_009740265.1_ASM974026v1,NA,a feces sample of swine origin
GCF_002811325.3_ASM281132v3,Homo sapiens,NA
GCF_036287435.1_ASM3628743v1,Homo sapiens,blood
GCF_024582995.1_ASM2458299v1,Pig,NA
GCF_029635575.1_ASM2963557v1,duck,brain
GCF_019334825.1_ASM1933482v1,Spodoptera frugiperda,NA
GCF_000784945.1_ASM78494v1,Homo sapiens,perirectal swab
GCF_030384885.1_ASM3038488v1,Homo sapiens,NA
GCF_024972275.1_ASM2497227v1,Homo sapiens,stool
GCF_019175345.1_ASM1917534v1,NA,hot spring
GCF_013305845.1_ASM1330584v1,NA,Integrative Microbiology Research Center; South China Agricultural University (SCAU); Tianhe District; Guangzhou China
GCF_025398435.1_ASM2539843v1,Homo sapiens,urine
GCF_024585325.1_ASM2458532v1,Homo sapiens,cervical swab
GCF_033121265.1_ASM3312126v1,tomato,NA
GCF_021497345.2_ASM2149734v2,Homo sapiens,NA
GCF_019458485.1_ASM1945848v1,Homo sapiens,Hip
GCF_022117515.1_ASM2211751v1,Gallus gallus domesticus,Broiler
GCF_003010875.1_ASM301087v1,NA,blood
GCF_025854195.1_ASM2585419v1,NA,ENVIRONMENT
GCF_001511815.1_TUE45,NA,soil
GCF_000464955.2_ASM46495v2,Homo sapiens,stool
GCF_008693725.1_ASM869372v1,Homo sapiens,clinical isolate
GCF_016458885.1_ASM1645888v1,NA,NA
GCF_003813025.1_ASM381302v1,Homo sapiens,UCC isolate
GCF_022354545.1_ASM2235454v1,NA,Shek Wu Hui WWTPs_114 WWTPs influent
GCF_019263765.1_ASM1926376v1,Solanum lycopersicum (tomato),plant tissue
GCF_016864595.1_ASM1686459v1,Rosa sp.,NA
GCF_000091545.1_ASM9154v1,NA,NA
GCF_030585285.1_ASM3058528v1,Homo sapiens,Skin/Wound
GCF_005144405.2_ASM514440v2,NA,NA
GCF_017298855.1_ASM1729885v1,NA,Clone isolated from the evolution experiment described in Ketola et al. 2013 (doi: 10.1111/evo.12148)
GCF_037997145.1_ASM3799714v1,Lateolabrax maculatus,NA
GCF_024665815.1_ASM2466581v1,Homo sapiens,NA
GCF_027595685.1_ASM2759568v1,Homo sapiens,urine straight cath
GCF_009873455.1_ASM987345v1,NA,NA
GCF_003443595.1_ASM344359v1,NA,NA
GCF_020091525.1_ASM2009152v1,Homo sapiens,blood
GCF_028221065.1_ASM2822106v1,Homo sapiens,sputum
GCF_016127695.1_ASM1612769v1,NA,NA
GCF_002073255.2_ASM207325v2,Environment,Turkey
GCF_003444775.1_ASM344477v1,Ficus religiosa L.,rhizosphere
GCF_030582835.1_ASM3058283v1,Homo sapiens,blood culture
GCF_003718135.1_ASM371813v1,NA,NA
GCF_013426735.1_ASM1342673v1,Vitis vinifera,sterilized root of grapevine nursary stock
GCF_022921955.1_ASM2292195v1,Homo sapiens,gastric biopsy
GCF_001747445.1_ASM174744v1,NA,Doenjang
GCF_008727455.1_ASM872745v1,NA,NA
GCF_022369475.1_ASM2236947v1,Canada goose,cloacal swab
GCF_001267395.1_ASM126739v1,NA,water
GCF_021899615.1_ASM2189961v1,Homo sapiens,NA
GCF_022354725.1_ASM2235472v1,NA,Shek Wu Hui WWTPs_100 WWTPs influent
GCF_000512165.1_ASM51216v1,Homo sapiens,blood
GCF_004923415.2_ASM492341v2,Homo sapiens,Stools
GCF_003812205.1_ASM381220v1,Homo sapiens,UCC isolate
GCF_011330935.2_ASM1133093v2,Homo sapiens,blood
GCF_016925335.1_ASM1692533v1,Homosapiens,blood
GCF_015139155.1_ASM1513915v1,Homo sapiens,urine
GCF_013749075.1_ASM1374907v1,NA,Wastewater influent sample
GCF_000317555.1_ASM31755v1,NA,moderate hot spring
GCF_002117265.1_ASM211726v1,NA,palm wine
GCF_035229585.1_ASM3522958v1,Glycine max,NA
GCF_022646885.1_ASM2264688v1,NA,tobacco leaf
GCF_034627025.1_ASM3462702v1,NA,NA
GCF_004151415.2_ASM415141v2,NA,bedside rail in hospital intensive care unit
GCF_029719265.1_ASM2971926v1,NA,Pooled sediment sample collected from floor of cattle farm
GCF_031326185.1_ASM3132618v1,Homo sapiens,tracheal aspirate
GCF_001687645.1_ASM168764v1,NA,Soil
GCF_006741185.1_BucNmo_1.0,Nipponaphis monzeni,NA
GCF_001971565.1_ASM197156v1,NA,NA
GCF_018502585.1_ASM1850258v1,NA,a feces sample of swine origin
GCF_022810625.1_ASM2281062v1,sheep,Feces samples from rumen acidosis
GCF_002216835.1_ASM221683v1,Homo sapiens,feces
GCF_028743615.1_ASM2874361v1,Homo sapiens,NA
GCF_003815775.1_ASM381577v1,NA,NA
GCF_025677765.1_ASM2567776v1,Homo sapiens,blood
GCF_040404575.1_WHO_B_2024,Homo sapiens,Urogenital
GCF_017498685.1_ASM1749868v1,NA,sea water
GCF_013393905.1_ASM1339390v1,Blasia pusilla,NA
GCF_028225535.1_ASM2822553v1,Homo sapiens,sputum
GCF_028355995.1_ASM2835599v1,Coreius guichenoti,NA
GCF_028551215.1_ASM2855121v1,Sus scrofa,feces
GCF_001277275.1_ASM127727v1,NA,milk
GCF_037920605.1_Kpneu28,NA,sprouts
GCF_023657815.1_ASM2365781v1,Canis lupus familiaris,NA
GCF_000174795.2_ASM17479v2,NA,Obsidian Hot Spring in Yellowstone National Park
GCF_029625095.1_ASM2962509v1,chicken,NA
GCF_022693345.1_ASM2269334v1,Homo sapiens,Trizol/ethanol
GCF_010537155.1_ASM1053715v1,Canis lupus familiaris,feces
GCF_023373565.1_ASM2337356v1,Homo sapiens,NA
GCF_017086505.1_ASM1708650v1,grass,grass from the park in a vetenary clinic
GCF_026967595.1_ASM2696759v1,NA,Sweet potato rhizosphere soil
GCF_013167595.1_ASM1316759v1,NA,NA
GCF_014217605.1_ASM1421760v1,NA,soil
GCF_024331375.2_ASM2433137v2,Homo sapiens,stool sample
GCF_037094545.1_ASM3709454v1,Homo sapiens,Ileum
GCF_006094495.1_ASM609449v1,NA,NA
GCF_012931625.1_ASM1293162v1,Homo sapiens,cerebrospinal fluid
GCF_011067105.1_ASM1106710v1,NA,soil
GCF_037477855.1_ASM3747785v1,NA,NA
GCF_002949835.1_ASM294983v1,NA,NA
GCF_029167565.1_ASM2916756v1,NA,EQA test strain
GCF_004194605.3_ASM419460v3,NA,wet market
GCF_012050745.1_ASM1205074v1,Homo sapiens,Human blood
GCF_020628735.1_ASM2062873v1,Hymeniacidon perlevis,marine sponge
GCF_037024335.1_ASM3702433v1,Homo sapiens,NA
GCF_030012665.1_ASM3001266v1,Sus scrofa,feces
GCF_018292105.1_ASM1829210v1,Homo sapiens,feces
GCF_015476195.1_ASM1547619v1,NA,kimchi
GCF_001620305.1_ASM162030v1,Chrysanthemum x morifolium,NA
GCF_035666255.1_ASM3566625v1,NA,ground water from aniline contaminated site in Jilin; China
GCF_001484065.1_ASM148406v1,Homo sapiens,blood
GCF_037923265.1_ASM3792326v1,Dog,NA
GCF_014169215.1_ASM1416921v1,NA,wastewater
GCF_906464865.1_WE0438,Homo sapiens,Urine
GCF_016918765.2_ASM1691876v2,Dinoflagellate,algal culture
GCF_002012105.1_ASM201210v1,Homo sapiens,NA
GCF_029910055.1_ASM2991005v1,Arachis hypogaea,Groundnut Field
GCF_022558865.1_ASM2255886v1,Homo sapiens,urine
GCF_004337365.2_ASM433736v2,NA,rhizosphere
GCF_016584445.1_ASM1658444v1,NA,soil
GCF_029854515.1_ASM2985451v1,Homo sapiens,urine
GCF_014672775.1_ASM1467277v1,NA,NA
GCF_038396515.1_ASM3839651v1,NA,river water
GCF_002999115.2_ASM299911v2,Homo sapiens,NA
GCF_027920325.1_ASM2792032v1,Homo sapiens,blood
GCF_019443825.1_ASM1944382v1,Turbo,NA
GCF_025665315.1_ASM2566531v1,NA,water
GCF_009363615.1_ASM936361v1,NA,Surface of a polyethylene microplastic particle present in tank 6 of a marine aquarium containing stony-coral fragments and water maintained at 26 degree C
GCF_009720405.1_ASM972040v1,Homo sapiens,adult male sputum
GCF_034565915.1_ASM3456591v1,chicken,manure
GCF_021497625.1_ASM2149762v1,swine,NA
GCF_016904415.1_ASM1690441v1,Homo sapiens,NA
GCF_025884175.1_ASM2588417v1,Homo sapiens,sputum
GCF_000252445.1_ASM25244v1,NA,NA
GCF_002949255.1_ASM294925v1,NA,NA
GCF_013783245.1_ASM1378324v1,NA,Wastewater influent sample
GCF_003966935.1_ASM396693v1,NA,Yogurt
GCF_018288975.1_ASM1828897v1,Homo sapiens,feces
GCF_008329645.1_ASM832964v1,NA,NA
GCF_036884755.1_ASM3688475v1,Homo sapiens,stool
GCF_002860105.1_ASM286010v1,Homo sapiens,Rectal Swab
GCF_000019245.3_ASM1924v3,NA,koumiss (fermented mare's milk)
GCF_003408555.1_ASM340855v1,Homo sapiens,Rectal swab
GCF_023612435.1_ASM2361243v1,NA,Outdoors environment of a veterinary clinic
GCF_000814145.2_ASM81414v2,Homo sapiens,Excreted bodily substance
GCF_002202135.1_ASM220213v1,NA,food
GCF_038018215.1_ASM3801821v1,patient,Pleural effusion
GCF_031198785.1_ASM3119878v1,NA,sediment core
GCF_014872735.1_ASM1487273v1,Sebastes schlegeli,Head kidney; Spleen
GCF_036865575.1_ASM3686557v1,Triticum aestivum 'Kvium',Flag leaf of wheat
GCF_001633165.1_ASM163316v1,NA,marine mud
GCF_001690135.1_ASM169013v1,Equus ferus caballus,Equine Body Fluid/Excretion
GCF_025139165.1_ASM2513916v1,NA,ENVO:00002034
GCF_000011685.1_ASM1168v1,NA,NA
GCF_029691915.1_ASM2969191v1,Homo sapiens,Driveline
GCF_023658665.1_ASM2365866v1,NA,Turkey salad
GCF_024585985.1_ASM2458598v1,Pig,Rectal Swab
GCF_002211725.1_ASM221172v1,NA,wastewater
GCF_022759665.1_ASM2275966v1,Homo sapiens,NA
GCF_030758755.1_ASM3075875v1,Apis mellifera iberiensis,bee gut
GCF_003522665.1_ASM352266v1,Homo sapiens,blood
GCF_030166535.1_ASM3016653v1,NA,water
GCF_022385315.1_ASM2238531v1,Phaseolus vulgaris,NA
GCF_037482205.1_ASM3748220v1,animal,pig
GCF_015137995.1_ASM1513799v1,NA,sewage
GCF_003060865.1_ASM306086v1,NA,fresh water
GCF_021496095.1_ASM2149609v1,Homo sapiens,catheter
GCF_016403145.1_ASM1640314v1,NA,NA
GCF_002176835.1_ASM217683v1,Meleagris gallopavo,ileum
GCF_009730275.1_ASM973027v1,Homo sapiens,mid-vaginal wall
GCF_030582295.1_ASM3058229v1,Homo sapiens,blood
GCF_000786425.1_Vibrio_anguillarum_NB10_serovar_O1,Rainbow trout,clinical isolate; Rainbow trout
GCF_001274875.1_ASM127487v1,Zea mays L.,NA
GCF_021166095.1_ASM2116609v1,Homo sapiens,NA
GCF_022921195.1_ASM2292119v1,Homo sapiens,gastric biopsy
GCF_008619075.1_ASM861907v1,Homo sapiens,Sputum isolated from host
GCF_029229505.1_ASM2922950v1,NA,Kombucha tea culture
GCF_020695665.1_ASM2069566v1,Homo sapiens,urine
GCF_964059055.1_Nepodocarpi-3733_v1.0,Neophyllaphis podocarpi,NA
GCF_000829985.1_ASM82998v1,Bos taurus,udder acute mastitis
GCF_038430125.1_ASM3843012v1,Homo sapiens,blood
GCF_018598285.3_ASM1859828v3,Homo sapiens,Tracheal secretion
GCF_001482345.1_ASM148234v1,NA,the activated sludge of Harbin Taiping wastewater treatment plant
GCF_019703085.1_ASM1970308v1,Homo sapiens,bile
GCF_001682295.1_ASM168229v1,skate,NA
GCF_028226215.1_ASM2822621v1,Homo sapiens,sputum
GCF_017310325.1_ASM1731032v1,Homo sapiens,urine
GCF_033552895.1_ASM3355289v1,NA,kimcihi
GCF_001720945.1_ASM172094v1,Homo sapiens,human blood
GCF_020906395.1_ASM2090639v1,Mediolabrus comicus,estuarine water [ENVO:01000301]
GCF_024220035.1_ASM2422003v1,NA,stool of 63 year old male
GCF_022405275.1_ASM2240527v1,Homo sapiens,NA
GCF_002163975.1_ASM216397v1,NA,Nan Madol; Pohnpei soil
GCF_024172645.1_ASM2417264v1,NA,NA
GCF_030295665.1_ASM3029566v1,Homo sapiens,blood
GCF_025369955.1_ASM2536995v1,Homo sapiens,sputum
GCF_024138415.1_ASM2413841v1,Homo sapiens,NA
GCF_005222445.1_ASM522244v1,NA,cattle
GCF_030168755.1_ASM3016875v1,pig,NA
GCF_013348865.1_ASM1334886v1,NA,NA
GCF_018219285.1_ASM1821928v1,Homo sapiens,Rectal Swab
GCF_024760645.1_ASM2476064v1,NA,diseased rice
GCF_040356725.1_ASM4035672v1,NA,cheese
GCF_023066665.1_ASM2306666v1,Homo sapiens,NA
GCF_003017765.1_ASM301776v1,Homo sapiens,stool
GCF_026248385.1_ASM2624838v1,Chicken,gut
GCF_036865715.1_ASM3686571v1,Triticum aestivum 'Kvium',Flag leaf of wheat
GCF_023658405.1_ASM2365840v1,Canis lupus familiaris,NA
GCF_009938325.1_ASM993832v1,NA,water
GCF_030489665.1_ASM3048966v1,NA,cabbage
GCF_000006725.1_ASM672v1,NA,NA
GCF_001362175.2_ERL12960,NA,Not known
GCF_026684175.1_ASM2668417v1,NA,petroleum sludge
GCF_023330725.1_ASM2333072v1,Homo sapiens,stool
GCF_016889445.1_ASM1688944v1,NA,NA
GCF_001888185.1_ASM188818v1,NA,barnacle at wood pile-on
GCF_036884535.1_ASM3688453v1,Homo sapiens,stool
GCF_000022245.1_ASM2224v1,NA,NA
GCF_000493755.1_ASM49375v1,NA,NA
GCF_004353425.2_CRIE_YEK21v5,Homo sapiens,patient's blood plasma
GCF_000021125.1_ASM2112v1,NA,NA
GCF_002059225.1_ASM205922v1,Oryctolagus cuniculus,lung
GCF_018884465.1_ASM1888446v1,Homo sapiens,stool
GCF_025642295.1_ASM2564229v1,Homo sapiens,sputum
GCF_013416125.1_ASM1341612v1,Felis catus,bile
GCF_002741495.1_ASM274149v1,NA,NA
GCF_003017975.1_ASM301797v1,NA,Stool
GCF_019900285.2_ASM1990028v2,Bovine,Mastitis-milk
GCF_002139995.1_ASM213999v1,Citrus hystrix,leaf tissue
GCF_012272735.1_ASM1227273v1,Homo sapiens,sputum
GCF_033680645.1_ASM3368064v1,NA,hospital
GCF_005221425.1_ASM522142v1,NA,NA
GCF_029873495.1_ASM2987349v1,Pachycrepoideus vindemmiae,whole pupae
GCF_031890205.1_ASM3189020v1,NA,Diseased onion (Allium cepa)
GCF_000175575.2_ASM17557v2,NA,NA
GCF_002214785.1_ASM221478v1,Homo sapiens,Human stool
GCF_006337145.1_ASM633714v1,Homo sapiens,feces
GCF_002288585.1_ASM228858v1,Gossypium hirsutum,agricultural field
GCF_025984405.1_ASM2598440v1,Bovine,NA
GCF_017183935.1_ASM1718393v1,Homo sapiens,Clinical patient
GCF_015571695.1_ASM1557169v1,Sus scrofa domesticus,feces
GCF_030291155.1_ASM3029115v1,Homo sapiens,human feces
GCF_021228835.1_ASM2122883v1,Homo sapiens,blood
GCF_003111785.1_ASM311178v1,Homo sapiens,feces
GCF_009858115.1_ASM985811v1,Sablefish,NA
GCF_003597715.1_ASM359771v1,Homo sapiens,sputum
GCF_024759225.1_ASM2475922v1,Homo sapiens,NA
GCF_030733885.1_ASM3073388v1,Homo sapiens,NA
GCF_022969555.2_ASM2296955v2,migratory bird,feces
GCF_001902515.1_ASM190251v1,Homo sapiens,urine sample
GCF_033807415.1_ASM3380741v1,NA,blood
GCF_002865825.1_ASM286582v1,NA,NA
GCF_027913215.1_ASM2791321v1,NA,sediment
GCF_013030075.1_ASM1303007v1,NA,NA
GCF_029910235.1_ASM2991023v1,NA,sea water
GCF_024507875.1_ASM2450787v1,NA,NA
GCF_000298115.2_ASM29811v2,NA,stable grass silage
GCF_033122725.1_ASM3312272v1,tomato,NA
GCF_013085785.1_ASM1308578v1,NA,sludge from bioreactor treating oxytetracycline bearing wastewater
GCF_030490905.1_ASM3049090v1,NA,soil
GCF_040364095.1_ASM4036409v1,NA,breast puncture fluid
GCF_019974395.1_ASM1997439v1,NA,hot spring water
GCF_025252345.1_ASM2525234v1,NA,culture mutant
GCF_009730475.1_ASM973047v1,NA,NA
GCF_027944815.1_ASM2794481v1,NA,ICU patient oral swab
GCF_025309735.1_ASM2530973v1,NA,poultry meat
GCF_017639185.1_ASM1763918v1,NA,waste water
GCF_029958905.1_ASM2995890v1,NA,sediment
GCF_033439065.1_ASM3343906v1,NA,pig
GCF_003073875.1_ASM307387v1,NA,NA
GCF_029219985.1_ASM2921998v1,Musa sp.,NA
GCF_001267865.1_ASM126786v1,NA,water
GCF_008634095.2_ASM863409v2,Homo sapiens,feces
GCF_024206735.1_ASM2420673v1,Homo sapiens,blood
GCF_022811865.1_ASM2281186v1,NA,Zoo anteater area soil
GCF_004919385.1_ASM491938v1,Homo sapiens,NA
GCF_003017675.2_ASM301767v2,NA,Stool
GCF_000534935.2_ASM53493v2,Hippopotamus amphibius,NA
GCF_016404405.2_ASM1640440v2,Homo sapiens,stool
GCF_028421645.1_ASM2842164v1,NA,Lab grown Riccia fluitans ecotype BoGa-3
GCF_012571345.1_ASM1257134v1,Macroplea mutica,Beetle Malpighian tubules
GCF_036884765.1_ASM3688476v1,Homo sapiens,stool
GCF_026625465.1_ASM2662546v1,NA,environmental
GCF_016939775.1_ASM1693977v1,Homo sapiens,sputum
GCF_016803985.1_ASM1680398v1,NA,Deep sea sediment
GCF_029282725.1_ASM2928272v1,white bream,liver
GCF_029203935.1_ASM2920393v1,NA,soil
GCF_009708355.1_ASM970835v1,Salmo salar,NA
GCF_008727835.1_ASM872783v1,Homo sapiens,intestinal tract
GCF_021764725.1_ASM2176472v1,Homo sapiens,urine
GCF_001518935.2_ASM151893v2,Bos taurus,nasopharynx
GCF_002863765.1_ASM286376v1,NA,sediment
GCF_002005405.1_ASM200540v1,seujeot,NA
GCF_038396525.1_ASM3839652v1,NA,river water
GCF_022404695.1_ASM2240469v1,Homo sapiens,NA
GCF_024917555.1_ASM2491755v1,Homo sapiens,blood
GCF_030013825.1_ASM3001382v1,Sus scrofa,feces
GCF_023573125.1_ASM2357312v1,Avian,NA
GCF_900639445.1_E7199_hybrid_assembly,NA,NA
GCF_019576055.1_ASM1957605v1,NA,environmental
GCF_014524605.1_ASM1452460v1,NA,slaughtered pig
GCF_008632955.1_ASM863295v1,NA,soil
GCF_036010385.1_ASM3601038v1,NA,NA
GCF_022353565.1_ASM2235356v1,NA,Shatin WWTPs_22 WWTPs effluent
GCF_000318645.1_ASM31864v1,NA,NA
GCF_030316605.1_ASM3031660v1,Ixodes pacificus,NA
GCF_004919535.4_ASM491953v4,NA,sediment
GCF_009724905.1_ASM972490v1,Salmo salar,NA
GCF_029227755.1_ASM2922775v1,NA,Cereal-based food (noodle) for infant
GCF_001692265.2_ASM169226v2,Yarrow,plant
GCF_005080865.1_ASM508086v1,Muscaphis stroyani,air
GCF_001618845.1_ASM161884v1,Astragalus pelecinus,root nodule
GCF_028622375.1_ASM2862237v1,Sturnus vulgaris,NA
GCF_018885085.1_ASM1888508v1,Homo sapiens,clinical; PCR+ stool swab
GCF_008370755.1_ASM837075v1,Homo sapiens,rectum
GCF_033128245.1_ASM3312824v1,NA,soil
GCF_001623685.1_ASM162368v1,Homo sapiens,urine
GCF_000597905.1_ASM59790v1,Homo sapiens,urinary tract infection
GCF_030435975.1_ASM3043597v1,Homo sapiens,Nasal cavity
GCF_932126575.1_Thauera_sp_Piv1,NA,NA
GCF_000093165.1_ASM9316v1,American cockroach,NA
GCF_035621575.1_ASM3562157v1,Homo sapiens,sputamentum
GCF_024802625.1_ASM2480262v1,NA,soil
GCF_035598475.1_ASM3559847v1,Homo sapiens,NA
GCF_000988395.1_ASM98839v1,Panicum miliaceum,Diseased vegetative millet
GCF_025170325.2_ASM2517032v2,Homo sapiens,urethal swab
GCF_025985285.1_ASM2598528v1,Bovine,NA
GCF_008364325.2_ASM836432v2,NA,Mixed salads
GCF_036865725.1_ASM3686572v1,Triticum aestivum 'Kvium',Flag leaf of wheat
GCF_000445405.1_ASM44540v1,Homo sapiens,72-year-old male with cerebral infarction after colon carcinoma resection
GCF_009806575.1_ASM980657v1,NA,soil
GCF_013487885.1_ASM1348788v1,Equus caballus,NCSU Equine Educational Unit
GCF_028893195.1_ASM2889319v1,Bos taurus,Lung and small intestine
GCF_033128025.1_ASM3312802v1,NA,soil
GCF_007997855.1_ASM799785v1,Sus scrofa domesticus,NA
GCF_022353705.1_ASM2235370v1,NA,Shatin WWTPs_90 WWTPs influent
GCF_016027975.1_ASM1602797v1,NA,NA
GCF_029542325.1_ASM2954232v1,Oryza sativa L.,Rice leaves
GCF_040438085.1_ASM4043808v1,Homo sapiens,NA
GCF_038430115.1_ASM3843011v1,Homo sapiens,blood
GCF_004118995.1_ASM411899v1,Homo sapiens,blood
GCF_030515555.1_ASM3051555v1,Homo sapiens,CSF
GCF_001692575.1_ASM169257v1,NA,Chicken feces
GCF_022026295.1_ASM2202629v1,NA,sponge
GCF_002741295.1_ASM274129v1,Homo sapiens,Feces; human
GCF_023735295.1_ASM2373529v1,Homo sapiens,NA
GCF_019971075.1_ASM1997107v1,NA,NA
GCF_030039425.1_ASM3003942v1,NA,wastewater
GCF_000816025.1_ASM81602v1,NA,soil
GCF_014041505.2_ASM1404150v2,NA,environmental surface
GCF_020809205.1_ASM2080920v1,NA,Biopesticide Agree WP
GCF_018986875.1_ASM1898687v1,Pig,lung
GCF_032294365.1_ASM3229436v1,Homo sapiens,NA
GCF_023921265.1_ASM2392126v1,NA,kimchi
GCF_020866885.1_ASM2086688v1,Manihot esculenta Crantz,leaves with CBB-like symptoms
GCF_011106605.1_ASM1110660v1,Homo sapiens,pus
GCF_021249285.1_ASM2124928v1,Homo sapiens,homo sapien
GCF_026073455.1_ASM2607345v1,Homo sapiens,NA
GCF_004843345.1_ASM484334v1,Camponotus chromaiodes,gastrointestinal tract
GCF_000988605.1_ASM98860v1,Bos taurus,eye swab
GCF_024917735.1_ASM2491773v1,Homo sapiens,blood
GCF_031036335.1_ASM3103633v1,Homo sapiens,CVP
GCF_009709175.1_ASM970917v1,Oncorhynchus kisutch,NA
GCF_900093475.1_36734_D01_2,NA,not available: to be reported later
GCF_016939515.1_ASM1693951v1,Homo sapiens,pressure ulcer swab
GCF_009497755.1_ASM949775v1,Homo sapiens,NA
GCF_022343085.1_ASM2234308v1,NA,water
GCF_030436695.1_ASM3043669v1,Chicken,liver
GCF_000259255.1_ASM25925v1,beluga whale,NA
GCF_002258055.3_ASM225805v3,Homo sapiens,NA
GCF_016839205.1_ASM1683920v1,NA,Qingyuan chicken
GCF_022014775.1_ASM2201477v1,NA,pXO1 plasmid-cured derivative of pNO2 using CRISPR/Cas9 system
GCF_003546975.1_ASM354697v1,Homo sapiens,stool
GCF_030845855.1_ASM3084585v1,Homo sapiens,urine
GCF_030347035.1_ASM3034703v1,Gallus gallus,Lesions
GCF_005885975.1_ASM588597v1,Homo sapiens,nasal swab
GCF_037939845.1_ASM3793984v1,Homo sapiens,NA
GCF_021137695.1_ASM2113769v1,Homo sapiens,blood
GCF_028892725.1_ASM2889272v1,Bos taurus,Manila ropes placed above water tanks and feed bunks used as sampling devices
GCF_040125995.1_ASM4012599v1,Malus domestica,NA
GCF_003071425.1_ASM307142v1,Homo sapiens,urine
GCF_036884505.1_ASM3688450v1,Homo sapiens,stool
GCF_003204135.1_ASM320413v1,NA,NA
GCF_031202265.1_ASM3120226v1,NA,soil
GCF_009913415.1_ASM991341v1,NA,feces
GCF_013315735.1_ASM1331573v1,Homo sapiens,rectal swab from healthy college student
GCF_013792125.1_ASM1379212v1,NA,Freshwater sample from downstream of wastewater treatment plant
GCF_000218895.1_ASM21889v1,NA,fresh water lake
GCF_022220625.1_ASM2222062v1,NA,soil
GCF_002902965.1_ASM290296v1,NA,soil
GCF_006352265.1_ASM635226v1,Larus sp.,feces
GCF_029962285.1_ASM2996228v1,Homo sapiens,feces
GCF_023650835.1_ASM2365083v1,bacteria,NA
GCF_040703075.1_ASM4070307v1,Homo sapiens,NA
GCF_001865455.1_ASM186545v1,NA,chicken liver
GCF_003431845.1_ASM343184v1,Ixodes pacificus,NA
GCF_014397115.1_ASM1439711v1,NA,ground beef
GCF_038070245.1_ASM3807024v1,NA,rice
GCF_022759605.1_ASM2275960v1,Homo sapiens,Hydrothorax and Ascites
GCF_006351805.1_ASM635180v1,NA,NA
GCF_003432225.1_ASM343222v1,NA,NA
GCF_013372385.1_ASM1337238v1,Homo sapiens,urine
GCF_023612455.1_ASM2361245v1,NA,Outdoors environment of a veterinary clinic
GCF_008274865.1_ASM827486v1,NA,soil
GCF_001723525.1_ASM172352v1,Gallus gallus,chicken breeding waste
GCF_029318875.1_ASM2931887v1,chicken,NA
GCF_015711015.1_ASM1571101v1,NA,riparian wetland soil
GCF_005221825.1_ASM522182v1,NA,cattle
GCF_000148405.1_ASM14840v1,grape,NA
GCF_902806995.1_15-2067_O50,Phoenicopterus roseus,cloacal swab
GCF_001271345.1_ASM127134v1,NA,Shengli Oilfield
GCF_006459145.1_ASM645914v1,NA,NA
GCF_019703285.1_ASM1970328v1,Homo sapiens,venous blood
GCF_023361175.1_ASM2336117v1,Homo sapiens,blood
GCF_020906195.1_ASM2090619v1,Skeletonema costatum,estuarine water [ENVO:01000301]
GCF_003074995.2_ASM307499v2,Ictalurus punctatus,NA
GCF_022405075.1_ASM2240507v1,Homo sapiens,NA
GCF_016804365.1_ASM1680436v1,NA,acidic hot spring
GCF_027920345.1_ASM2792034v1,Homo sapiens,stool
GCF_014041735.2_ASM1404173v2,Homo sapiens,rectal swab
GCF_029581155.1_ASM2958115v1,NA,Hospital wastewater
GCF_003999545.1_ASM399954v1,common bean,leaves of Phaseolus vulgaris
GCF_032919725.1_ASM3291972v1,NA,Winter pickled vegetables
GCF_040551325.1_ASM4055132v1,NA,hospital
GCF_011742515.2_ASM1174251v2,Homo sapiens,blood
GCF_040370075.1_ASM4037007v1,NA,hot spring water
GCF_025665375.1_ASM2566537v1,Tachysurus fulvidraco (yellow catfish),NA
GCF_021497645.1_ASM2149764v1,NA,soil
GCF_030037615.1_ASM3003761v1,NA,wastewater
GCF_014171135.1_ASM1417113v1,NA,wastewater
GCF_016904475.1_ASM1690447v1,Homo sapiens,NA
GCF_001640965.1_ASM164096v1,Bombyx mori,NA
GCF_023028105.1_ASM2302810v1,NA,saline soil
GCF_025916215.1_ASM2591621v1,Homo sapiens,cerebrospinal fluid
GCF_040562075.1_ASM4056207v1,Homo sapiens,NA
GCF_022558805.1_ASM2255880v1,Homo sapiens,wound
GCF_024499245.1_ASM2449924v1,NA,pigeon
GCF_036346295.1_ASM3634629v1,NA,soil
GCF_029910035.1_ASM2991003v1,Arachis hypogaea,Groundnut Field
GCF_000730345.1_ASM73034v1,NA,NA
GCF_029854575.1_ASM2985457v1,Homo sapiens,sputum
GCF_002741685.1_ASM274168v1,Homo sapiens,rectal swab
GCF_028747985.1_ASM2874798v1,Homo sapiens,blood
GCF_013267295.1_ASM1326729v1,NA,NA
GCF_003590075.1_ASM359007v1,NA,Tattoo ink
GCF_037555585.1_ASM3755558v1,Homo sapiens,NA
GCF_002214205.1_ASM221420v1,Homo sapiens,urine
GCF_016889645.1_ASM1688964v1,NA,NA
GCF_024298845.1_ASM2429884v1,NA,sediment
GCF_023023085.1_ASM2302308v1,Homo sapiens,urine
GCF_014858935.1_ASM1485893v1,Homo sapiens,NA
GCF_001746795.1_ASM174679v1,Salmo salar,Liver
GCF_024734195.1_ASM2473419v1,NA,well water
GCF_018884665.1_ASM1888466v1,Homo sapiens,feces
GCF_025642095.1_ASM2564209v1,Ficus microcarpa,aerial roots
GCF_023374775.1_ASM2337477v1,Homo sapiens,NA
GCF_017329545.1_ASM1732954v1,NA,Seashore sediment
GCF_025884115.1_ASM2588411v1,Homo sapiens,sputum
GCF_003129525.1_ASM312952v1,NA,Woodchip bioreactor
GCF_002000725.1_ASM200072v1,Homo sapiens,Throat
GCF_025984605.1_ASM2598460v1,Bovine,NA
GCF_012272755.1_ASM1227275v1,Homo sapiens,sputum
GCF_037217215.1_ASM3721721v1,Glycine max,Root nodule from soybean plant inoculated with root zone soil from Apios americana
GCF_015654185.1_ASM1565418v1,NA,nitrile contaminated soil
GCF_004119835.1_ASM411983v1,NA,food
GCF_000835025.1_ASM83502v1,NA,Sewage
GCF_002310735.1_ASM231073v1,canine,NA
GCF_013184985.2_ASM1318498v2,Marmot,NA
GCF_023330745.1_ASM2333074v1,Homo sapiens,stool
GCF_002117405.1_ASM211740v1,NA,Soil
GCF_023374515.1_ASM2337451v1,Homo sapiens,NA
GCF_018884405.1_ASM1888440v1,Homo sapiens,stool
GCF_009720185.1_ASM972018v1,NA,soil
GCF_017164775.1_ASM1716477v1,NA,Bovine Faeces
GCF_009708955.1_ASM970895v1,Salmo salar,NA
GCF_024971755.1_ASM2497175v1,NA,hospital wastewater
GCF_022820235.1_ASM2282023v1,Homo sapiens,NA
GCF_022760005.1_ASM2276000v1,Homo sapiens,stool
GCF_024507815.1_ASM2450781v1,NA,NA
GCF_022964775.1_ASM2296477v1,Homo sapiens,Chronic wound
GCF_017183955.1_ASM1718395v1,Homo sapiens,Clinical patient
GCF_029581335.1_ASM2958133v1,Homo sapiens,NA
GCF_035974375.1_ASM3597437v1,NA,NA
GCF_000550785.1_ASM55078v1,NA,NA
GCF_010061665.1_ASM1006166v1,fish,diseased flounder
GCF_016904615.1_ASM1690461v1,Homo sapiens,NA
GCF_000829035.1_ASM82903v1,NA,NA
GCF_028483175.2_ASM2848317v2,Homo sapiens,urethra
GCF_024759245.1_ASM2475924v1,Homo sapiens,NA
GCF_008727235.1_ASM872723v1,NA,NA
GCF_017310345.1_ASM1731034v1,Homo sapiens,sputum
GCF_030059845.1_ASM3005984v1,NA,Sea water
GCF_001484605.1_ASM148460v1,NA,soil
GCF_037081985.1_ASM3708198v1,Homo sapiens,urine
GCF_009017315.1_ASM901731v1,Homo sapiens,NA
GCF_012974805.1_ASM1297480v1,NA,NA
GCF_017301275.1_ASM1730127v1,NA,Clone isolated from the evolution experiment described in Ketola et al. 2013 (doi: 10.1111/evo.12148)
GCF_020695605.1_ASM2069560v1,Homo sapiens,wound abdomin
GCF_024346775.1_ASM2434677v1,Homo sapiens,urine
GCF_003795105.1_ASM379510v1,NA,sugar thick juice
GCF_000961355.1_ASM96135v1,citrus spp.,citrus infected tissue
GCF_001870105.1_ASM187010v1,NA,chicken Gizzard
GCF_003726935.1_ASM372693v1,Pyropia yezoensis conchocelis,seawater
GCF_024760625.1_ASM2476062v1,NA,diseased rice
GCF_019857265.1_ASM1985726v1,Homo sapiens,NA
GCF_024266935.1_ASM2426693v1,Homo sapiens,endotracheal aspirate
GCF_963575765.1_GENOMIC21-003,NA,NA
GCF_023066605.1_ASM2306660v1,Homo sapiens,NA
GCF_030408815.1_ASM3040881v1,Homo sapiens,human wound obtained from dog bite
GCF_013604545.1_ASM1360454v1,NA,Wastewater effluent sample
GCF_031167025.1_ASM3116702v1,NA,hospital sample
GCF_020790095.1_ASM2079009v1,NA,Peanut field soil
GCF_905143135.2_1V_hybrid,Pica pica,cloacal swab
GCF_024172625.1_ASM2417262v1,NA,sausage
GCF_000010225.1_ASM1022v1,NA,NA
GCF_030166735.1_ASM3016673v1,NA,an irradiated device
GCF_030295605.1_ASM3029560v1,Homo sapiens,feces
GCF_035155065.1_ASM3515506v1,NA,activated sludge
GCF_007954785.1_ASM795478v1,NA,kimchi
GCF_030168735.1_ASM3016873v1,pig,NA
GCF_009685135.1_ASM968513v1,Homo sapiens,blood
GCF_030439225.1_ASM3043922v1,Chicken,liver
GCF_001888205.1_ASM188820v1,Homo sapiens,urine
GCF_017165395.1_ASM1716539v1,NA,Bovine Faeces
GCF_019264725.1_ASM1926472v1,NA,marine sludge
GCF_016698705.1_ASM1669870v1,NA,rice shoot
GCF_023370075.1_ASM2337007v1,NA,soil
GCF_009740205.1_ASM974020v1,Homo sapiens,blood
GCF_002105635.1_ASM210563v1,NA,barbecue pork
GCF_029542125.1_ASM2954212v1,NA,natural water sources close by farm or community
GCF_002849875.1_ASM284987v1,Trichodesmium erythraeum IMS101,water
GCF_030013845.1_ASM3001384v1,Sus scrofa,feces
GCF_000987925.1_ASM98792v1,flatfish,gill of flatfish
GCF_023573145.1_ASM2357314v1,NA,water supply well
GCF_040803525.1_ASM4080352v1,NA,hospital
GCF_000327045.1_ASM32704v1,NA,flat; laminated microbial mat in a salt marsh
GCF_010586905.1_ASM1058690v1,NA,NA
GCF_009791475.1_ASM979147v1,Homo sapiens,NA
GCF_040819595.1_ASM4081959v1,Homo sapiens,feces
GCF_903890695.1_Streptococcus_thermophilus_CIRM_998,NA,cow raw milk
GCF_036867165.2_BSN31-2_closure,Homo sapiens,blood
GCF_000185245.1_ASM18524v1,NA,NA
GCF_019931715.1_ASM1993171v1,NA,soil
GCF_030435915.1_ASM3043591v1,Gallus gallus domesticus,cloaca
GCF_020616175.1_ASM2061617v1,Tomato,Tomato tissue
GCF_035621515.1_ASM3562151v1,duck,fece
GCF_022819405.1_ASM2281940v1,Bos taurus,urine
GCF_002752695.1_ASM275269v1,Homo sapiens,synovial fluid
GCF_028893395.1_ASM2889339v1,Bos taurus,lung
GCF_900092345.1_YP4713,Homo sapiens,feces
GCF_028622315.1_ASM2862231v1,NA,backwater
GCF_000091125.1_ASM9112v1,NA,NA
GCF_030144705.1_ASM3014470v1,NA,brewery
GCF_039910405.1_ASM3991040v1,Bos taurus,culture
GCF_025643615.1_ASM2564361v1,Homo sapiens,blood
GCF_033128225.1_ASM3312822v1,NA,soil
GCF_006351785.1_ASM635178v1,Homo sapiens,feces
GCF_003203655.1_ASM320365v1,NA,NA
GCF_003967115.1_ASM396711v1,Homo sapiens,NA
GCF_009363215.3_ASM936321v3,Capsicum sp.,Dry beans
GCF_009914375.1_ASM991437v1,Cows,cow feces
GCF_024206755.1_ASM2420675v1,Homo sapiens,Blood and CSF
GCF_030347235.1_ASM3034723v1,Tachysurus fulvidraco (Yellow catfish),brain of the moribund yellow catfish
GCF_036352215.1_ASM3635221v1,Homo sapiens,sonicate fluid from explanted prosthetic implant; 59 yr old male patient with knee implant
GCF_040819585.1_PFhe_I_PB_Ill_cons,Homo sapiens,NA
GCF_001361075.2_Ty585,NA,Not known
GCF_020526005.1_ASM2052600v1,Homo sapiens,Urinary tract
GCF_015767795.1_ASM1576779v1,NA,lab
GCF_000466785.3_ASM46678v3,Homo sapiens,milk from female
GCF_036127095.1_ASM3612709v1,NA,soil
GCF_900639335.1_E7067_hybrid_assembly,NA,NA
GCF_003067985.2_ASM306798v2,NA,Pond
GCF_027944875.1_ASM2794487v1,NA,ICU patient rectal swab
GCF_964060345.1_Lentilactobacillus_buchneri_CIRM-BIA1514,NA,NA
GCF_015689415.1_ASM1568941v1,mare,uterus
GCF_024139095.1_ASM2413909v1,Homo sapiens,catheter tip
GCF_022220425.1_ASM2222042v1,NA,Turkey Cecum
GCF_003017375.1_ASM301737v1,Homo sapiens,stool
GCF_001901165.1_ASM190116v1,mouse,feces
GCF_013873655.1_ASM1387365v1,Homo sapiens,urine
GCF_009731445.1_ASM973144v1,Apis mellifera,NA
GCF_031593255.1_ASM3159325v1,NA,NA
GCF_038396545.1_ASM3839654v1,NA,municipal wastewater
GCF_025600135.2_ASM2560013v2,Sus scrofa domesticus,feces
GCF_020809005.1_ASM2080900v1,Homo sapiens,urine
GCF_001685465.1_ASM168546v1,NA,NA
GCF_024917535.1_ASM2491753v1,Homo sapiens,blood
GCF_024347395.1_ASM2434739v1,NA,NA
GCF_016939715.1_ASM1693971v1,Homo sapiens,sputum
GCF_900239945.1_Chlamydia_sp._nov._H15-1957-10C,Atheris squamigera,Snake
GCF_029203955.1_ASM2920395v1,plant,NA
GCF_024499015.1_ASM2449901v1,geranium,leaf sample
GCF_001011115.1_ASM101111v1,NA,anoxic sediment
GCF_016939575.1_ASM1693957v1,Homo sapiens,urine (permanent catheter)
GCF_003029495.1_ASM302949v1,NA,NA
GCF_001750725.1_ASM175072v1,Homo sapiens,NA
GCF_022014715.1_ASM2201471v1,NA,freshwater stream
GCF_031883855.1_ASM3188385v1,Pleurotus pulmonarius,NA
GCF_019971015.1_ASM1997101v1,NA,NA
GCF_001646625.1_ASM164662v1,Homo sapiens,fecal sample
GCF_022846235.1_ASM2284623v1,Homo sapiens,NA
GCF_030037445.1_ASM3003744v1,NA,wastewater
GCF_002848445.1_ASM284844v1,NA,petroleum-contaminated soils
GCF_018986815.1_ASM1898681v1,NA,sprouts
GCF_023921205.1_ASM2392120v1,Homo sapiens,NA
GCF_019891395.1_ASM1989139v1,NA,NA
GCF_024917755.1_ASM2491775v1,Homo sapiens,blood
GCF_025272815.1_ASM2527281v1,NA,human skin; forehead (bedrest study)
GCF_026073435.1_ASM2607343v1,Homo sapiens,NA
GCF_004319665.1_ASM431966v1,NA,Korean infant feces
GCF_008632555.1_ASM863255v1,dog,Rectal swab
GCF_002949855.1_ASM294985v1,NA,NA
GCF_025426175.1_ASM2542617v1,pantropical spotted dolphin,NA
GCF_022220645.1_ASM2222064v1,NA,NA
GCF_031213335.1_ASM3121333v1,Homo sapiens,ascites
GCF_000222975.1_ASM22297v1,NA,NA
GCF_037217225.1_ASM3721722v1,Glycine max,Root nodule from soybean plant inoculated with root zone soil from Apios americana
GCF_023650855.1_ASM2365085v1,bacteria,NA
GCF_030845835.1_ASM3084583v1,Homo sapiens,urine
GCF_001682195.2_ASM168219v2,NA,coastal sediment
GCF_030347055.1_ASM3034705v1,Gallus gallus,Liver and spleen
GCF_040394165.1_WHO_T_2024,Homo sapiens,Urogenital
GCF_035581925.1_ASM3558192v1,NA,sputum
GCF_001421015.2_ASM142101v2,NA,yak milk
GCF_000336425.1_ASM33642v1,NA,NA
GCF_000195755.1_ASM19575v1,NA,NA
GCF_028892745.1_ASM2889274v1,Bos taurus,Feces from pen
GCF_038425775.1_ASM3842577v1,Homo sapiens,Abs/pus/wd
GCF_001484005.1_ASM148400v1,Homo sapiens,baby stool
GCF_014718955.1_ASM1471895v1,Homo sapiens,blood
GCF_002442895.1_ASM244289v1,NA,Korean fermented food
GCF_036865745.1_ASM3686574v1,Triticum aestivum 'Kvium',Flag leaf of wheat
GCF_028622175.1_ASM2862217v1,Grus grus,NA
GCF_002012285.1_ASM201228v1,Homo sapiens,peritoneal catheter tip
GCF_018283505.2_ASM1828350v2,Homo sapiens,Surveillance
GCF_040409885.1_ASM4040988v1,Camelus dromedarius,Nose
GCF_009906955.1_ASM990695v1,Pyropia tenera,NA
GCF_002164805.3_ASM216480v3,Homo sapiens,NA
GCF_009363595.1_ASM936359v1,NA,Surface of a polyethylene microplastic particle present in tank 6 of a marine aquarium containing stony-coral fragments and water maintained at 26 degree C
GCF_032163505.1_ASM3216350v1,NA,cucumber fermentation brine
GCF_024381035.1_ASM2438103v1,NA,soil
GCF_030179635.1_ASM3017963v1,NA,Sink Drain
GCF_022646275.1_ASM2264627v1,Homo sapiens,NA
GCF_000419385.1_ASM41938v1,NA,NA
GCF_900639465.1_E7429_hybrid_assembly,NA,NA
GCF_002117205.1_ASM211720v1,NA,Mactra veneriformis
GCF_040371495.1_ASM4037149v1,Homo sapiens,Fecal sample
GCF_007923785.2_ASM792378v2,NA,swine
GCF_005576935.1_ASM557693v1,NA,Angelica gigas Nakai root surface
GCF_030515535.1_ASM3051553v1,Homo sapiens,blood
GCF_033684125.1_ASM3368412v1,NA,hospital
GCF_003721455.1_ASM372145v1,NA,Neophocaena phocaenoides
GCF_001721165.1_ASM172116v1,Caenorhabditis elegans,NA
GCF_024628865.1_ASM2462886v1,NA,soil
GCF_014081765.1_ASM1408176v1,NA,NA
GCF_017893505.1_ASM1789350v1,Homo sapiens,gut
GCF_040208285.1_ASM4020828v1,NA,Rice field mud
GCF_022353765.1_ASM2235376v1,NA,Shatin WWTPs_84 WWTPs influent
GCF_029338375.1_ASM2933837v1,NA,coastal saline-alkali land
GCF_023311895.1_ASM2331189v1,NA,Cryopeg brine water
GCF_002216855.1_ASM221685v1,NA,Surface seawater of South China Sea
GCF_029719805.1_ASM2971980v1,NA,Pooled sediment sample collected from floor of poultry farm
GCF_003957435.1_ASM395743v1,NA,Korean adult feces
GCF_004103615.1_ASM410361v1,NA,food
GCF_022221065.1_ASM2222106v1,NA,NA
GCF_013728095.1_ASM1372809v1,NA,Freshwater sample from downstream of wastewater treatment plant
GCF_019343125.1_ASM1934312v1,NA,soil
GCF_014623185.1_ASM1462318v1,Cattle,feces
GCF_002968735.1_ASM296873v1,NA,NA
GCF_023375305.1_ASM2337530v1,Homo sapiens,fecal sample
GCF_038401985.1_ASM3840198v1,Homo sapiens,NA
GCF_003717835.1_ASM371783v1,NA,NA
GCF_003325275.1_ASM332527v1,NA,NA
GCF_025722975.1_ASM2572297v1,NA,soil
GCF_032386835.1_ASM3238683v1,NA,NA
GCF_014048085.1_ASM1404808v1,NA,shrimp paste
GCF_024498635.1_ASM2449863v1,NA,activated sludge
GCF_000348885.1_ASM34888v1,NA,NA
GCF_029855105.1_ASM2985510v1,Drosophila melanogaster,NA
GCF_019703045.1_ASM1970304v1,Homo sapiens,bile
GCF_003855655.1_ASM385565v1,NA,kimchi
GCF_003937135.2_ASM393713v2,NA,bedside light switch in hospital intensive care unit
GCF_021166235.1_ASM2116623v1,NA,NA
GCF_030014005.1_ASM3001400v1,Camelus dromedarius,Nose
GCF_000259235.1_ASM25923v1,Homo sapiens,NA
GCF_002950015.1_ASM295001v1,NA,NA
GCF_000708635.2_ASM70863v2,Homo sapiens,fecal material of healthy human
GCF_020906355.1_ASM2090635v1,Mediolabrus comicus,estuarine water [ENVO:01000301]
GCF_003018395.1_ASM301839v1,Homo sapiens,stool
GCF_021730065.1_ASM2173006v1,Penaeus vannamei,NA
GCF_008124125.1_ASM812412v1,NA,mouse gut
GCF_040397295.1_WHO_S_2024,Homo sapiens,Urogenital
GCF_000024965.1_ASM2496v1,NA,NA
GCF_900094615.1_ASM90009461v1,NA,NA
GCF_024918175.1_ASM2491817v1,Homo sapiens,blood
GCF_905330385.2_AI2872v1_cpp,Homo sapiens,Hospital Universitario Ramon y Cajal (Madrid)
GCF_030717625.1_ASM3071762v1,Homo sapiens,sputum
GCF_015571655.1_ASM1557165v1,Sus scrofa domesticus,feces
GCF_029581395.1_ASM2958139v1,NA,Alkaline Spring
GCF_964062795.1_Loigolactobacillus_coryniformis_CIRM-BIA2685,NA,NA
GCF_964198805.1_Zagreb012_hybrid_assembly.fa.gz,Homo sapiens,clinical material
GCF_030324175.1_ASM3032417v1,NA,Sink
GCF_030733845.1_ASM3073384v1,Homo sapiens,NA
GCF_021497485.1_ASM2149748v1,Homo sapiens,sputum
GCF_900074915.1_PCPL58T,Prunus cerasus (sour cherry),Sour cherry (Prunus cerasus) symptomatic leaf
GCF_014169875.1_ASM1416987v1,NA,wastewater
GCF_003856635.1_ASM385663v1,Homo sapiens,UTI
GCF_026427575.1_ASM2642757v1,NA,Sludge from sewage treatment plant
GCF_915402005.1_2019-04-29290-1-7,Canis lupus familiaris,Intestine
GCF_000020405.1_ASM2040v1,NA,NA
GCF_002025255.2_ASM202525v2,NA,solar salt
GCF_013801425.1_ASM1380142v1,NA,Pooled pig faecal samples collected from floor of farm
GCF_002056145.1_ASM205614v1,NA,NA
GCF_015654125.1_ASM1565412v1,jamiecosley,NA
GCF_014826045.1_ASM1482604v1,Homo sapiens,rectal
GCF_037201935.1_ASM3720193v1,NA,Mixed alfalfa silage
GCF_003571525.1_ASM357152v1,NA,NA
GCF_002982195.1_ASM298219v1,Homo sapiens,urine
GCF_021459945.1_ASM2145994v1,Cercis occidentalis,NA
GCF_029873455.1_ASM2987345v1,Ixodiphagus hookeri,whole body
GCF_040703085.1_ASM4070308v1,Homo sapiens,MiniBAL
GCF_025920065.1_ASM2592006v1,NA,cucumber
GCF_000597965.1_ASM59796v1,Homo sapiens,newborn nursery
GCF_018802265.1_ASM1880226v1,NA,chicken
GCF_032707045.1_ASM3270704v1,Homo sapiens,NA
GCF_949787155.1_23495_7_299_h_nanopore,Bos taurus,bovine milk
GCF_018138065.1_ASM1813806v1,Homo sapiens,NA
GCF_006542375.1_ASM654237v1,Oecophylla smaragdina,NA
GCF_003850165.1_ASM385016v1,Homo sapiens,NA
GCF_036884795.1_ASM3688479v1,Homo sapiens,stool
GCF_964198895.1_Zagreb016_hybrid_assembly.fa.gz,Homo sapiens,clinical material
GCF_018141165.1_ASM1814116v1,NA,carbonated precipitates
GCF_020084945.1_ASM2008494v1,Oryza sativa,infected rice leaf
GCF_019856615.1_ASM1985661v1,NA,soil
GCF_030064615.2_ASM3006461v2,Penaeus vannamei,shrimp pond
GCF_002850035.1_ASM285003v1,NA,water kefir
GCF_024734135.1_ASM2473413v1,animal,NA
GCF_015377485.1_ASM1537748v1,NA,probitic products
GCF_964198965.1_Zagreb001_hybrid_assembly.fa.gz,Homo sapiens,clinical material
GCF_030436405.1_ASM3043640v1,NA,NA
GCF_030406515.2_ASM3040651v2,Homo sapiens,NA
GCF_030994125.1_ASM3099412v1,Anadara tuberculosa,mud
GCF_000020385.1_ASM2038v1,NA,NA
GCF_013267235.1_ASM1326723v1,NA,NA
GCF_026427715.1_ASM2642771v1,NA,Alpine Peat Bogs
GCF_000026545.1_ASM2654v1,NA,NA
GCF_000025625.1_ASM2562v1,NA,ATCC 43099
GCF_001018835.2_ASM101883v2,Homo sapiens,wound
GCF_002043005.1_ASM204300v1,NA,inside the caves of Drach
GCF_039654195.1_ASM3965419v1,NA,wastewater
GCF_019455365.1_ASM1945536v1,NA,biofilm sample
GCF_003031775.1_ASM303177v1,Homo sapiens,blood
GCF_040114905.1_CIAD_PMeg_1.0,NA,solonetz [ENVO:00002255]
GCF_037939205.1_BSN122,Homo sapiens,blood
GCF_002197165.1_ASM219716v1,Medicago truncatula,NA
GCF_020510245.1_ASM2051024v1,NA,Wine
GCF_904425445.1_ASM90442544v1,NA,activated sludge
GCF_004354445.2_CRIE_YEK18v5,Homo sapiens,patient's blood plasma
GCF_009728585.1_ASM972858v1,NA,sediment
GCF_000012805.1_ASM1280v1,NA,seawater
GCF_001886755.1_ASM188675v1,Homo sapiens,Clinical
GCF_003234895.2_ASM323489v2,NA,leaf litter
GCF_018603495.1_ASM1860349v1,NA,cucumber 'Kurazh F1'
GCF_020906135.1_ASM2090613v1,Skeletonema costatum,estuarine water [ENVO:01000301]
GCF_013796485.1_ASM1379648v1,NA,Wastewater influent sample
GCF_035920465.1_ASM3592046v1,NA,soil
GCF_024918315.1_ASM2491831v1,Homo sapiens,blood
GCF_037100245.1_ASM3710024v1,Homo sapiens,urine
GCF_009931715.1_ASM993171v1,Canine,Canine feces
GCF_000022825.1_ASM2282v1,NA,NA
GCF_000769555.1_ASM76955v1,wheat,wheat head
GCF_003956185.1_ASM395618v1,Homo sapiens,stool
GCF_003574215.1_ASM357421v1,NA,soil around hot spring
GCF_019703225.1_ASM1970322v1,Homo sapiens,blood
GCF_008931645.1_ASM893164v1,Homo sapiens,clinical sample
GCF_010729665.1_ASM1072966v1,NA,NA
GCF_021166055.1_ASM2116605v1,Homo sapiens,NA
GCF_023913515.1_ASM2391351v1,NA,salt lake sediment
GCF_022921155.1_ASM2292115v1,NA,hospital sewage
GCF_024970325.1_ASM2497032v1,duck,lung
GCF_003955865.1_ASM395586v1,Homo sapiens,feces
GCF_013372325.1_ASM1337232v1,Homo sapiens,urine
GCF_021183545.1_ASM2118354v1,Homo sapiens,stool
GCF_030758795.1_ASM3075879v1,Homo sapiens,NA
GCF_024585945.1_ASM2458594v1,Pig,Rectal Swab
GCF_903993155.2_AI2775v1_cp,Homo sapiens,Hospital Univeristario de Bellvitge (Barcelona)
GCF_022221205.1_ASM2222120v1,NA,NA
GCF_002706325.1_ASM270632v1,Cereibacter sphaeroides 2.4.1,NA
GCF_017165155.1_ASM1716515v1,Homo sapiens,feces
GCF_000931425.2_ASM93142v2,NA,Vietnamese fermented sausage (nem chua)
GCF_024721565.1_ASM2472156v1,cow,NA
GCF_033808255.1_ASM3380825v1,Homo sapiens,Calf Swab
GCF_016767775.1_ASM1676777v1,Gallus gallus,yolk sac
GCF_028221855.1_ASM2822185v1,Homo sapiens,lavage fluid
GCF_040436045.1_ASM4043604v1,Homo sapiens,sputum
GCF_037044555.1_ASM3704455v1,NA,NA
GCF_018176755.1_ASM1817675v1,NA,anal swab
GCF_030515595.1_ASM3051559v1,Homo sapiens,CSF
GCF_037925435.1_ASM3792543v1,Homo sapiens,NA
GCF_037081915.1_ASM3708191v1,NA,Hospital Wastewater
GCF_023735255.1_ASM2373525v1,Homo sapiens,NA
GCF_018889915.1_ASM1888991v1,NA,La Roche-Posay thermal water
GCF_033675425.1_ASM3367542v1,NA,hospital
GCF_037055465.1_ASM3705546v1,Procyon lotor,intestine
GCF_024927925.1_ASM2492792v1,NA,Moutai-flavour Daqu
GCF_019428705.1_ASM1942870v1,NA,chicken
GCF_003932715.1_ASM393271v1,NA,soil sample
GCF_025985245.1_ASM2598524v1,Bovine,NA
GCF_002504125.1_ASM250412v1,NA,river water
GCF_002412025.1_ASM241202v1,NA,fish aquaculture
GCF_013487845.1_ASM1348784v1,Equus caballus,NCSU Equine Educational Unit
GCF_028893155.1_ASM2889315v1,Bos taurus,Liver; gallbladder; lymph node
GCF_964198775.1_Zagreb030_hybrid_assembly.fa.gz,Homo sapiens,clinical material
GCF_028464005.1_ASM2846400v1,NA,selected with meropenem showing different genome comparing to wild type (37662WT)
GCF_000493735.1_ASM49373v1,NA,Siberian permafrost
GCF_040409825.1_ASM4040982v1,NA,sausages
GCF_018436125.1_ASM1843612v1,Bos taurus,lymph nodes
GCF_018885225.1_ASM1888522v1,Homo sapiens,stool
GCF_024206595.1_ASM2420659v1,Homo sapiens,blood
GCF_021391315.1_ASM2139131v1,NA,Aquaculture sediment
GCF_900660565.1_51334_A01-3,Pig,Lung
GCF_018831365.1_ASM1883136v1,Phaseolus vulgaris,NA
GCF_030845895.1_ASM3084589v1,Homo sapiens,Burn
GCF_019047985.1_ASM1904798v1,NA,NA
GCF_003018595.1_ASM301859v1,Homo sapiens,stool
GCF_014722015.1_ASM1472201v1,Homo sapiens,blood
GCF_001019205.2_ASM101920v2,Homo sapiens,child - hospital pneumology ward
GCF_021137655.1_ASM2113765v1,Homo sapiens,NA
GCF_000775355.2_ASM77535v2,NA,water
GCF_021431945.1_ASM2143194v1,Macrobrachium rosenbergii,Hepatopancrea
GCF_024371385.1_ASM2437138v1,Cicer arietinum L.,radical nodules from chickpea plants
GCF_018742205.1_ASM1874220v1,NA,soil
GCF_029962245.1_ASM2996224v1,Homo sapiens,NA
GCF_023101705.1_ASM2310170v1,Homo sapiens,sputum
GCF_003325475.1_ASM332547v1,NA,tidal marsh
GCF_030324145.1_ASM3032414v1,NA,soil
GCF_000832965.1_ASM83296v1,NA,Soil
GCF_030062785.1_ASM3006278v1,Meles meles,Feces
GCF_022846295.1_ASM2284629v1,NA,hot spring water
GCF_002833445.1_ASM283344v1,Homo sapiens,Pancreatic Fluid
GCF_905330215.2_AI2852v1_cpp,Homo sapiens,Hospital Universitario Mutua de Terrassa (Terrassa)
GCF_025259065.1_ASM2525906v1,NA,NA
GCF_019880205.1_ASM1988020v1,Medicago,alfalfa seeds
GCF_015999605.1_ASM1599960v1,Homo sapiens,Rectal swab
GCF_000834885.1_ASM83488v1,NA,NA
GCF_001558275.2_ASM155827v2,Homo sapiens,Urine
GCF_007726565.1_ASM772656v1,NA,retail chicken
GCF_001766355.1_ASM176635v1,NA,Glomma River
GCF_020097115.1_ASM2009711v1,NA,skin of a pig
GCF_007000325.2_ASM700032v2,Rhododendron sp.,Aerial tumor
GCF_016725925.1_ASM1672592v1,NA,NA
GCF_002094935.1_ASM209493v1,NA,NA
GCF_022368895.1_ASM2236889v1,NA,Manis javanica
GCF_022984115.1_ASM2298411v1,Homo sapiens,feces
GCF_022343225.1_ASM2234322v1,Homo sapiens,sputum
GCF_013781985.1_ASM1378198v1,NA,Wastewater effluent sample
GCF_000335875.2_ASM33587v2,NA,Poultry
GCF_001515685.1_ASM151568v1,Homo sapiens,From patient with blood stream infection
GCF_024731085.1_ASM2473108v1,Homo sapiens,vaginal secretion
GCF_030438435.1_ASM3043843v1,Homo sapiens,NA
GCF_038420435.1_ASM3842043v1,Homo sapiens,other
GCF_030296975.1_ASM3029697v1,NA,NA
GCF_013201235.1_ASM1320123v1,pig,slaughterhouse
GCF_000318035.1_ASM31803v1,NA,NA
GCF_022404655.1_ASM2240465v1,Homo sapiens,NA
GCF_024917595.1_ASM2491759v1,Homo sapiens,blood
GCF_002853655.1_ASM285365v1,NA,clinical patient
GCF_000179015.2_ASM17901v2,NA,NA
GCF_011742585.2_ASM1174258v2,Homo sapiens,blood
GCF_020099375.1_ASM2009937v1,NA,NA
GCF_031216075.1_ASM3121607v1,Moringa oleifera,root surface
GCF_006741355.1_ASM674135v1,NA,dry soil
GCF_025252385.1_ASM2525238v1,Homo sapiens,NA
GCF_002934895.1_ASM293489v1,NA,NA
GCF_002285535.1_ASM228553v1,Sus scrofa domesticus,Nasal cavity
GCF_015767735.1_ASM1576773v1,NA,lab
GCF_019974355.1_ASM1997435v1,NA,hot spring water
GCF_026683955.1_ASM2668395v1,NA,riverside soil
GCF_002082605.1_ASM208260v1,NA,soil
GCF_002759275.2_ASM275927v2,Phaseolus vulgaris,NA
GCF_024139035.1_ASM2413903v1,Homo sapiens,blood culture
GCF_021725435.1_ASM2172543v1,Homo sapiens,urine
GCF_017639145.1_ASM1763914v1,NA,waste water
GCF_003515425.1_ASM351542v1,Solanum tuberosum,Potato bacterial wilt
GCF_002852365.2_ASM285236v2,Homo sapiens,NA
GCF_012052445.1_ASM1205244v1,Pork,Pig product
GCF_039640425.1_YP_80,Oropsylla silantiewi,NA
GCF_015288605.1_ASM1528860v1,NA,Human fecal samples
GCF_002156765.1_ASM215676v1,Homo sapiens,urine
GCF_009950125.1_ASM995012v1,NA,pig
GCF_029219945.1_ASM2921994v1,Musa sp.,NA
GCF_014722275.1_ASM1472227v1,Homo sapiens,blood
GCF_016772315.1_ASM1677231v1,NA,underground horizons of a flooded mine in Russia
GCF_023078375.1_ASM2307837v1,NA,blood and other clinical sources
GCF_001698125.1_ASM169812v1,Apsterostigma,exoskeleton of ant
GCF_028893335.1_ASM2889333v1,Bos taurus,lung
GCF_036700095.1_kcgeb_sd,NA,sabkha environment
GCF_036865585.1_ASM3686558v1,Triticum aestivum 'Sheriff',Flag leaf of wheat
GCF_019551375.1_ASM1955137v1,Homo sapiens,blood
GCF_000814125.3_ASM81412v3,Homo sapiens,Bodily fluid
GCF_001022255.1_ASM102225v1,Homo sapiens,Perirectal
GCF_001702455.1_ASM170245v1,Homo sapiens,Sun Yat-sen Memorial Hospital
GCF_030061865.1_ASM3006186v1,Homo sapiens,Isolated from cerebrospinal fluid of a 36 years old male
GCF_033128285.1_ASM3312828v1,Homo sapiens,NA
GCF_018885045.1_ASM1888504v1,Homo sapiens,feces
GCF_033441715.1_ASM3344171v1,Pelargonium x hortorum,NA
GCF_022533525.1_ASM2253352v1,Homo sapiens,pus
GCF_018389825.1_ASM1838982v1,Capra hircus,NA
GCF_023375155.1_ASM2337515v1,Sus scrofa domesticus,fecal sample
GCF_009648835.1_ASM964883v1,Homo sapiens,clinical sample
GCF_022026035.1_ASM2202603v1,Olea europaea,knots on olive twigs
GCF_029580775.1_ASM2958077v1,NA,Hospital wastewater
GCF_032807725.1_ASM3280772v1,Homo sapiens,wound exudate from white male caucasian
GCF_036321485.1_ASM3632148v1,dog,NA
GCF_023735035.1_ASM2373503v1,Homo sapiens,NA
GCF_024758605.1_ASM2475860v1,Capra aegagrus hircus,intestinal tissue
GCF_009601745.1_ASM960174v1,Homo sapiens,blood
GCF_036010345.1_ASM3601034v1,NA,NA
GCF_017165335.1_ASM1716533v1,NA,Bovine Faeces
GCF_025808215.1_ASM2580821v1,Water from a lake,NA
GCF_012168575.2_ASM1216857v2,Homo sapiens,urine
GCF_030439285.1_ASM3043928v1,NA,NA
GCF_029542185.1_ASM2954218v1,NA,natural water sources close by farm or community
GCF_002946735.1_ASM294673v1,NA,NA
GCF_024971795.1_ASM2497179v1,Duck,cloacal swab
GCF_038420605.1_ASM3842060v1,Homo sapiens,urine
GCF_002078475.4_ASM207847v4,NA,Fermented Meat Product
GCF_037919185.1_ASM3791918v1,Dog,NA
GCF_002934505.1_ASM293450v1,NA,NA
GCF_002892245.1_ASM289224v1,NA,fish aquaculture
GCF_003574985.1_ASM357498v1,NA,Soil under chromium-containing slag heap
GCF_002009315.1_ASM200931v1,Homo sapiens,NA
GCF_029910295.1_ASM2991029v1,Solanum tuberosum L,leaves
GCF_015571635.1_ASM1557163v1,Sus scrofa domesticus,feces
GCF_004101645.1_ASM410164v1,NA,food
GCF_964199025.1_Zagreb007_hybrid_assembly.fa.gz,Homo sapiens,clinical material
GCF_000024285.1_ASM2428v1,NA,NA
GCF_032878815.1_ASM3287881v1,NA,Mao tofu
GCF_024759285.1_ASM2475928v1,Homo sapiens,NA
GCF_000204155.1_ASM20415v1,NA,NA
GCF_025398395.2_ASM2539839v2,Homo sapiens,urine
GCF_010730955.1_ASM1073095v1,NA,NA
GCF_017726555.1_ASM1772655v1,Homo sapiens,Respiratory specimen
GCF_002831585.1_ASM283158v1,NA,agricultural soil
GCF_012272795.1_ASM1227279v1,Homo sapiens,stethoscope
GCF_030169145.1_ASM3016914v1,NA,pig intestine
GCF_023347685.1_ASM2334768v1,Homo sapiens,NA
GCF_009728795.1_ASM972879v1,NA,NA
GCF_023330785.1_ASM2333078v1,Homo sapiens,stool
GCF_002763415.1_ASM276341v1,NA,Human
GCF_023204975.1_ASM2320497v1,Homo sapiens,blood
GCF_928375965.1_BB1541_assembly_hybrid,NA,NA
GCF_037039335.1_ASM3703933v1,Homo sapiens,Medical sample
GCF_014962565.1_ASM1496256v1,Homo sapiens,feces
GCF_002082215.1_ASM208221v1,Zea mays,Strain was received from Susanne von Bodman laboratory in University of Connecticut
GCF_006965545.2_ASM696554v2,Suaeda salsa,NA
GCF_023375365.1_ASM2337536v1,Homo sapiens,fecal sample
GCF_037902785.1_ASM3790278v1,Homo sapiens,NA
GCF_018596855.2_ASM1859685v2,Homo sapiens,blood
GCF_900639625.1_E8284_hybrid_assembly,NA,NA
GCF_000067045.1_ASM6704v1,NA,NA
GCF_038424135.1_ASM3842413v1,Homo sapiens,Abs/pus/wd
GCF_022648285.1_ASM2264828v1,Homo sapiens,blood
GCF_029719865.1_ASM2971986v1,NA,Pooled sediment sample collected from floor of poultry farm
GCF_015475615.1_ASM1547561v1,Human gut,NA
GCF_017315205.1_ASM1731520v1,Homo sapiens,sputum
GCF_003665235.1_ASM366523v1,NA,Cheonggukjang
GCF_029717865.1_ASM2971786v1,NA,Pooled sediment sample collected from floor of pig farm
GCF_015779285.1_ASM1577928v1,Penaeus vannamei (Whiteleg shrimp),NA
GCF_022221005.1_ASM2222100v1,NA,soil
GCF_024225115.1_ASM2422511v1,Gallus gallus domesticus,pooled poultry feces
GCF_015291905.1_ASM1529190v1,NA,Human fecal samples
GCF_016406205.1_ASM1640620v1,NA,NA
GCF_020906335.1_ASM2090633v1,Mediolabrus comicus,estuarine water [ENVO:01000301]
GCF_037055435.1_ASM3705543v1,Nyctereutes procyonoides,intestine
GCF_905310975.2_NRS6085B,NA,leaf litter
GCF_024205845.1_ASM2420584v1,dog,Skin groin
GCF_017310385.1_ASM1731038v1,Homo sapiens,bile
GCF_021730005.1_ASM2173000v1,Penaeus vannamei,NA
GCF_036898925.1_ASM3689892v1,free living,NA
GCF_003956405.1_ASM395640v1,Homo sapiens,stool
GCF_001969365.1_ASM196936v1,NA,Seawater
GCF_028750615.1_ASM2875061v1,Sisymbrium officinale (syn. Erysimum),Symptomatic leaf tissue
GCF_024749505.1_ASM2474950v1,Homo sapiens,NA
GCF_024918115.1_ASM2491811v1,Homo sapiens,blood
GCF_004102625.1_ASM410262v1,Homo sapiens,Rectal Swab
GCF_000499645.1_IRBG74,NA,NA
GCF_002180075.1_ASM218007v1,NA,NA
GCF_015832135.1_ASM1583213v1,NA,soil
GCF_003286995.1_ASM328699v1,Homo sapiens,sputum
GCF_030717645.1_ASM3071764v1,Homo sapiens,sputum
GCF_021952745.1_ASM2195274v1,NA,environmental swab veterinary clinic
GCF_024498655.1_ASM2449865v1,Homo sapiens,clinical isolate
GCF_032348595.1_ASM3234859v1,Homo sapiens,NA
GCF_009931295.1_ASM993129v1,kimchi cabbage,NA
GCF_946995915.1_Assembled_genome_of_Aminobacter_niigataensis_MD1,NA,NA
GCF_003345275.1_ASM334527v1,fish,tissue
GCF_029855165.1_ASM2985516v1,Homo sapiens,blood
GCF_002091395.1_ASM209139v1,Pseudotrichonympha sp.,a single cell of termite (Prorhinotermes japonicus termite) gut protis
GCF_025159055.2_ASM2515905v2,Homo sapiens,NA
GCF_019703025.1_ASM1970302v1,Homo sapiens,bile
GCF_030014065.1_ASM3001406v1,Camelus dromedarius,Nose
GCF_025919605.1_ASM2591960v1,Bidens alba,rhizosphere
GCF_013735895.1_ASM1373589v1,NA,Wastewater influent sample
GCF_038381885.1_ASM3838188v1,Homo sapiens,NA
GCF_019703245.1_ASM1970324v1,Homo sapiens,blood
GCF_016838645.1_ASM1683864v1,NA,Ripening beef
GCF_022921135.1_ASM2292113v1,Homo sapiens,blood
GCF_023913575.1_ASM2391357v1,NA,cerebrospinal fluid
GCF_000017645.1_ASM1764v1,NA,NA
GCF_000014525.1_ASM1452v1,NA,NA
GCF_000011085.1_ASM1108v1,NA,NA
GCF_021496035.1_ASM2149603v1,Homo sapiens,NA
GCF_020906155.1_ASM2090615v1,Skeletonema costatum,estuarine water [ENVO:01000301]
GCF_029773105.1_ASM2977310v1,Homo sapiens,plasma
GCF_030848725.1_ASM3084872v1,Homo sapiens,Bronchial fluid
GCF_002381385.1_ASM238138v1,NA,Pacific plankton
GCF_014855475.1_ASM1485547v1,tobacco,tobacco leaf
GCF_024918375.1_ASM2491837v1,Homo sapiens,blood
GCF_024749765.1_ASM2474976v1,Homo sapiens,NA
GCF_001611675.1_ASM161167v1,NA,desert soil
GCF_037100225.1_ASM3710022v1,Homo sapiens,EVNO:01001029
GCF_019243435.1_ASM1924343v1,NA,cheese
GCF_009296005.1_ASM929600v1,Neopsylla setosa,NA
GCF_001922045.1_ASM192204v1,Citrus x paradisi,citrus leaf
GCF_024585925.1_ASM2458592v1,Pig,Rectal Swab
GCF_900638775.1_E4227_hybrid_assembly,NA,NA
GCF_022221265.1_ASM2222126v1,NA,NA
GCF_013305245.1_ASM1330524v1,NA,soil
GCF_001664525.1_ASM166452v1,Phaseolus vulgaris,legume-root nodule
GCF_000364805.1_ASM36480v1,NA,NA
GCF_018074945.1_ASM1807494v1,NA,respiratory
GCF_003097595.1_ASM309759v1,NA,pig feed from feed plant
GCF_001713415.1_ASM171341v1,NA,Algal phycosphere
GCF_013372345.1_ASM1337234v1,Homo sapiens,urine
GCF_004114915.1_ASM411491v1,peanut,roots
GCF_014048285.1_ASM1404828v1,NA,Traditional fermented soybean pastes
GCF_021183525.1_ASM2118352v1,Homo sapiens,stool
GCF_016889685.1_ASM1688968v1,Homo sapiens,NA
GCF_024298885.1_ASM2429888v1,NA,salt
GCF_023023045.1_ASM2302304v1,Homo sapiens,sputum
GCF_009930935.1_ASM993093v1,Homo sapiens,NA
GCF_027186285.1_ASM2718628v1,Gossypium hirsutum,NA
GCF_024296885.1_ASM2429688v1,NA,soil
GCF_030552875.1_ASM3055287v1,NA,rhizosphere soil
GCF_029094485.1_ASM2909448v1,NA,EQA test strain
GCF_002119545.1_ASM211954v1,Syngnathus typhle,Kiel Fjord
GCF_018771365.1_ASM1877136v1,Homo sapiens,blood
GCF_900660575.1_51342_D01-3,rat,lung
GCF_024734155.1_ASM2473415v1,Homo sapiens,NA
GCF_004011015.1_ASM401101v1,Homo sapiens,NA
GCF_035599035.1_ASM3559903v1,Homo sapiens,Pus
GCF_014725895.1_ASM1472589v1,Homo sapiens,infant sputum
GCF_000185225.1_ASM18522v1,NA,NA
GCF_040284385.1_ASM4028438v1,cotton,NA
GCF_020138375.1_ASM2013837v1,NA,soil
GCF_019670365.1_ASM1967036v1,NA,Bos taurus
GCF_008244745.1_ASM824474v1,NA,NA
GCF_000146005.2_ASM14600v2,NA,NA
GCF_027920385.1_ASM2792038v1,Homo sapiens,Patient Sinus Swab
GCF_001953195.1_ASM195319v1,NA,soil
GCF_040361185.1_ASM4036118v1,NA,breast puncture fluid
GCF_002209245.2_ASM220924v2,Environment,UCC strain
GCF_038420465.1_ASM3842046v1,Homo sapiens,other
GCF_021365505.1_ASM2136550v1,Cucurbita pepo ssp. texana,Infected wild plant
GCF_036248545.1_ASM3624854v1,NA,soil
GCF_016803915.1_ASM1680391v1,Homo sapiens,feces
GCF_000010845.1_ASM1084v1,NA,NA
GCF_002079965.1_ASM207996v1,Citrus x limon,NA
GCF_013267255.1_ASM1326725v1,NA,NA
GCF_019976835.1_ASM1997683v1,Equus caballus,endocarditis
GCF_024499285.1_ASM2449928v1,Oryza sativa,High altitude japonica rice growing region in Yunnan Plateau
GCF_018742265.1_ASM1874226v1,NA,soil
GCF_009834385.1_ASM983438v1,NA,infant feces
GCF_009909425.1_ASM990942v1,Homo sapiens,sputum
GCF_003342695.1_ASM334269v1,NA,solar salt
GCF_030908705.1_ASM3090870v1,NA,NA
GCF_019974155.1_ASM1997415v1,NA,NA
GCF_023650895.1_ASM2365089v1,Homo sapiens,urine
GCF_029962225.1_ASM2996222v1,Homo sapiens,NA
GCF_022220685.1_ASM2222068v1,cow,NA
GCF_003019235.1_ASM301923v1,Homo sapiens,stool
GCF_034079445.1_ASM3407944v1,NA,humans and animals
GCF_023702655.1_ASM2370265v1,NA,soil
GCF_030347095.1_ASM3034709v1,Gallus gallus,liver
GCF_003956205.1_ASM395620v1,Homo sapiens,stool
GCF_014826015.1_ASM1482601v1,Homo sapiens,Rectal swab
GCF_037201965.1_ASM3720196v1,NA,soil
GCF_016629565.1_ASM1662956v1,NA,marine hydrothermal vent chimney
GCF_002142615.1_ASM214261v1,Neophocaena asiaeorientalis,anal swab
GCF_005014075.1_ASM501407v1,Homo sapiens,Clinical: Human (Homo sapiens)
GCF_002869825.2_ASM286982v2,Homo sapiens,feces of an astronaut
GCF_028421485.1_ASM2842148v1,Homo sapiens,blood
GCF_021137635.1_ASM2113763v1,Homo sapiens,NA
GCF_028892785.1_ASM2889278v1,Bos taurus,Manila ropes placed above water tanks and feed bunks used as sampling devices
GCF_017161605.1_ASM1716160v1,Homo sapiens,NA
GCF_021431925.1_ASM2143192v1,NA,solar salt
GCF_000961335.1_ASM96133v1,citrus spp.,citrus infected tissue
GCF_016126875.1_ASM1612687v1,chicken,ileum
GCF_003716995.1_ASM371699v1,NA,NA
GCF_003945385.1_ASM394538v1,NA,NA
GCF_901827175.1_ASM90182717v1,NA,Riverbed sediment
GCF_003665435.1_ASM366543v1,Pig,NA
GCF_013367715.1_ASM1336771v1,NA,Human GI tract
GCF_040738865.1_Sc1365666,Homo sapiens,blood
GCF_019880265.1_ASM1988026v1,NA,NA
GCF_024917795.1_ASM2491779v1,Homo sapiens,blood
GCF_000262125.1_ASM26212v1,NA,NA
GCF_020099175.1_ASM2009917v1,NA,NA
GCF_016725945.1_ASM1672594v1,NA,NA
GCF_003330725.1_ASM333072v1,NA,pine forest
GCF_029204145.1_ASM2920414v1,Homo sapiens,pus
GCF_024637995.1_ASM2463799v1,Homo sapiens,patient
GCF_038050985.1_ASM3805098v1,Penaeus vannamei,NA
GCF_000829055.1_ASM82905v1,NA,NA
GCF_037081975.1_ASM3708197v1,Homo sapiens,urine
GCF_001990245.1_ASM199024v1,Bos taurus,liver from bovine aborted fetus
GCF_023735235.1_ASM2373523v1,Homo sapiens,NA
GCF_034634015.1_ASM3463401v1,Medicago lupulina,NA
GCF_017165135.1_ASM1716513v1,NA,Bovine Faeces
GCF_015910475.1_ASM1591047v1,Homo sapiens,blood
GCF_000175935.2_ASM17593v2,NA,NA
GCF_028893135.1_ASM2889313v1,Bos taurus,lung
GCF_011299095.1_ASM1129909v1,pig,liquid joint sample
GCF_007632435.1_ASM763243v1,Homo sapiens,sputum
GCF_029760955.1_ASM2976095v1,NA,rhizosphere soil
GCF_034071845.1_ASM3407184v1,Homo sapiens,tracheal aspirate
GCF_019551175.1_ASM1955117v1,Homo sapiens,blood
GCF_000612325.1_ASM61232v1,Homo sapiens,blood
GCF_036894225.1_ASM3689422v1,NA,soil
GCF_028464065.1_ASM2846406v1,NA,Coastal area
GCF_033235525.1_ASM3323552v1,Homo sapiens,urine
GCF_040409845.1_ASM4040984v1,Camelus dromedarius,Nose
GCF_900155335.1_NZ15MR0322,NA,Skin
GCF_030220105.1_ASM3022010v1,Chicken,NA
GCF_024927945.1_ASM2492794v1,Homo sapiens,NA
GCF_013166915.1_ASM1316691v1,NA,NA
GCF_019428765.1_ASM1942876v1,NA,chicken
GCF_020886375.2_ASM2088637v2,Homo sapiens,NA
GCF_004028315.1_ASM402831v1,NA,Tibet kefir
GCF_034017875.1_ASM3401787v1,Canis lupus familiaris,nasal swab
GCF_900638805.1_E4402_hybrid_assembly,NA,NA
GCF_025140295.1_ASM2514029v1,NA,ENVO:00002034
GCF_019428505.1_ASM1942850v1,NA,raw sewage
GCF_900639715.1_E8414_hybrid_assembly,NA,NA
GCF_004768705.1_ASM476870v1,Homosapiens,blood
GCF_000215325.1_ASM21532v1,NA,NA
GCF_003400045.2_ASM340004v2,NA,Raw milk cheese
GCF_029691985.1_ASM2969198v1,Rubus sp.,Aerial tumor
GCF_009764055.1_ASM976405v1,NA,NA
GCF_001046955.1_ASM104695v1,NA,NA
GCF_010450895.1_ASM1045089v1,NA,soil
GCF_019355895.1_ASM1935589v1,Ficus benjamina,NA
GCF_025958785.1_ASM2595878v1,Homo sapiens,NA
GCF_022533545.1_ASM2253354v1,Homo sapiens,feces
GCF_000237865.1_ASM23786v1,NA,NA
GCF_036010325.1_ASM3601032v1,NA,NA
GCF_033098385.1_ASM3309838v1,Gallus gallus,Chicken heart (Gallus gallus)
GCF_002208175.1_ASM220817v1,NA,gladiolus
GCF_017165355.1_ASM1716535v1,NA,Bovine Faeces
GCF_000009665.1_ASM966v1,NA,NA
GCF_001417865.2_ASM141786v2,Zea mays,NA
GCF_036226945.1_ASM3622694v1,NA,soil
GCF_025808275.1_ASM2580827v1,NA,Internal organs of chicken
GCF_024700745.2_ASM2470074v2,Homo sapiens,stool sample
GCF_040030455.2_ASM4003045v1,Homo sapiens,NA
GCF_000318985.1_ASM31898v1,NA,NA
GCF_024662895.1_ASM2466289v1,NA,NA
GCF_037100215.1_ASM3710021v1,Homo sapiens,EVNO:01001029
GCF_023735055.1_ASM2373505v1,Homo sapiens,NA
GCF_003030145.1_ASM303014v1,Homo sapiens,human
GCF_002357895.1_ASM235789v1,Bos taurus,NA
GCF_021498005.1_ASM2149800v1,Homo sapiens,NA
GCF_024758665.1_ASM2475866v1,Homo sapiens,NA
GCF_001629755.1_ASM162975v1,Homo sapiens,NA
GCF_018454425.1_ASM1845442v1,NA,AC condensate
GCF_013201255.1_ASM1320125v1,pig,slaughterhouse
GCF_016267665.1_ASM1626766v1,Nostoc flagelliforme,NA
GCF_934924865.1_Tepidibacter_sp_8C15b,NA,NA
GCF_015999405.1_ASM1599940v1,Homo sapiens,pleural fluid
GCF_002761055.1_ASM276105v1,NA,Human
GCF_001984825.2_ASM198482v2,Homo sapiens,blood
GCF_022404635.1_ASM2240463v1,Homo sapiens,NA
GCF_015241115.1_ASM1524111v1,Homo sapiens,blood
GCF_900087785.2_WHOG,NA,NA
GCF_906464915.2_WE0254,Homo sapiens,Urine
GCF_001664325.1_ASM166432v1,Phaseolus vulgaris,legume-root nodule
GCF_022343245.1_ASM2234324v1,Homo sapiens,sputum
GCF_037500615.1_ASM3750061v1,Homo sapiens,NA
GCF_024347355.1_ASM2434735v1,NA,NA
GCF_022760295.1_ASM2276029v1,NA,soil
GCF_001758625.2_ASM175862v2,NA,water rainwater-tap Botanic Garden Hamburg
GCF_021365535.1_ASM2136553v1,Cucumis sativus,Infected agricultural plant
GCF_000019205.1_ASM1920v1,NA,NA
GCF_030438455.1_ASM3043845v1,Homo sapiens,NA
GCF_008369705.1_ASM836970v1,Homo sapiens,feces
GCF_001890265.1_ASM189026v1,Homo sapiens,NA
GCF_009577985.1_ASM957798v1,Homo sapiens,blood
GCF_001611075.1_ASM161107v1,NA,brewery environment
GCF_024206795.1_ASM2420679v1,NA,Marine sediment [ENVO:03000033]
GCF_009728895.2_ASM972889v2,NA,food
GCF_020150375.1_ASM2015037v1,NA,lake water
GCF_002944765.1_ASM294476v1,NA,soil
GCF_019903235.1_ASM1990323v1,NA,paper pulp mill
GCF_946966015.1_ARGID_33072,NA,NA
GCF_028872175.1_ASM2887217v1,Homo sapiens,Tissue
GCF_025244865.1_ASM2524486v1,Marmot,intestinal contents
GCF_003429425.1_ASM342942v1,Homo sapiens,NA
GCF_001663655.1_ASM166365v1,NA,light wheat beer
GCF_003018015.1_ASM301801v1,Homo sapiens,stool
GCF_002950395.1_ASM295039v1,NA,NA
GCF_022647665.1_ASM2264766v1,Camponotus japonicus,head
GCF_015767755.1_ASM1576775v1,NA,lab
GCF_001548115.1_Gm3709_assembly_1.0,NA,water
GCF_013636235.1_ASM1363623v1,NA,Pooled sheep faecal samples collected from floor of farm
GCF_016071555.1_ASM1607155v1,NA,Ham
GCF_021725455.1_ASM2172545v1,Homo sapiens,NA
GCF_017639125.1_ASM1763912v1,NA,waste water
GCF_003986655.1_ASM398665v1,Homo sapiens,NA
GCF_031596315.1_ASM3159631v1,NA,kimchi
GCF_024139055.1_ASM2413905v1,Homo sapiens,tissue
GCF_016350005.1_ASM1635000v1,Homo sapiens,blood
GCF_013363755.1_ASM1336375v1,NA,R2A medium
GCF_003443795.1_ASM344379v1,NA,air
GCF_000008925.1_ASM892v1,NA,NA
GCF_019802685.1_ASM1980268v1,NA,sludge from the aeration tanks of urban wastewater treatment plants
GCF_019334705.1_ASM1933470v1,Homo sapiens,urine
GCF_037059845.1_ASM3705984v1,Vulpes vulpes,intestine
GCF_015583955.1_ASM1558395v1,Homo sapiens,human listeriosis
GCF_023703795.1_ASM2370379v1,NA,salt
GCF_000835365.1_ASM83536v1,Homo sapiens,NA
GCF_023375425.1_ASM2337542v1,Homo sapiens,fecal sample
GCF_003425545.1_ASM342554v1,Homo sapiens,nares
GCF_904864555.1_MSB1_7C,Homo sapiens,rectal swab
GCF_016406545.1_ASM1640654v1,Homo sapiens,rectal swab
GCF_002999075.1_ASM299907v1,NA,NA
GCF_016724885.1_ASM1672488v1,NA,NA
GCF_003113435.3_ASM311343v3,Morone chrysops x Morone saxatilis,NA
GCF_028750155.1_ASM2875015v1,Brassica oleracea var. capitata,Symptomatic leaf tissue
GCF_023277805.1_ASM2327780v1,NA,kimchi
GCF_022405595.1_ASM2240559v1,Homo sapiens,NA
GCF_004337595.1_ASM433759v1,NA,water
GCF_002214665.1_ASM221466v1,NA,Pork
GCF_020906475.1_ASM2090647v1,Mediolabrus comicus,estuarine water [ENVO:01000301]
GCF_038403595.1_ASM3840359v1,Homo sapiens,NA
GCF_029773425.1_ASM2977342v1,Homo sapiens,plasma
GCF_030708035.1_ASM3070803v1,NA,human
GCF_032375185.1_ASM3237518v1,NA,NA
GCF_017584065.1_ASM1758406v1,Homo sapiens,rectal swab
GCF_000769405.2_CC275e2020,Trifolium repens,soil
GCF_037888845.1_ASM3788884v1,Chicken,NA
GCF_017298775.1_ASM1729877v1,NA,Clone isolated from the evolution experiment described in Ketola et al. 2013 (doi: 10.1111/evo.12148)
GCF_010727325.1_ASM1072732v1,NA,NA
GCF_000444995.1_ASM44499v1,NA,NA
GCF_022670715.1_ASM2267071v1,Homo sapiens,stool
GCF_009740065.1_ASM974006v1,Homo sapiens,NA
GCF_017815615.1_ASM1781561v1,Homo sapiens,sputum
GCF_002741575.1_ASM274157v1,NA,NA
GCF_017840575.1_ASM1784057v1,Homo sapiens,stool
GCF_013267775.1_ASM1326777v1,NA,NA
GCF_013378155.1_ASM1337815v1,dog,tracheal aspirate
GCF_040114625.1_ASM4011462v1,Homo sapiens,diarrhea infant feces
GCF_016028815.1_ASM1602881v1,NA,NA
GCF_004022525.1_ASM402252v1,Homo sapiens,blood
GCF_000961015.1_ASM96101v1,NA,home-made cheese
GCF_002174215.1_ASM217421v1,NA,food
GCF_016904195.1_ASM1690419v1,Homo sapiens,NA
GCF_000195795.1_ASM19579v1,NA,NA
GCF_030062095.1_ASM3006209v1,Ruditapes philippinarum,NA
GCF_002163895.1_ASM216389v1,Homo sapiens,sputum
GCF_022059845.1_ASM2205984v1,NA,forest soil
GCF_013147185.1_ASM1314718v1,Homo sapiens,NA
GCF_017355025.1_ASM1735502v1,Mouse,lung
GCF_001685605.1_ASM168560v1,NA,soil sample; Enrichment culture with 4-chlorophenol and 2;4-dichlorophenol
GCF_038446175.1_ASM3844617v1,Homo sapiens,sputum
GCF_017742915.1_ASM1774291v1,Homo sapiens,blood
GCF_018798865.1_ASM1879886v1,NA,Nuruk
GCF_000831065.1_ASM83106v1,NA,separated from the corpses of silkworms that had died due to Bb natural infection in Daiyue district; Taian city; Shandong province; China.
GCF_030285605.1_ASM3028560v1,Bos taurus,feces
GCF_024799805.1_ASM2479980v1,NA,leaves of diseased walnut trees
GCF_000192705.1_ASM19270v1,Homo sapiens,vagina of healthy women
GCF_020138655.1_ASM2013865v1,NA,Feces; FP
GCF_029677405.1_ASM2967740v1,Food,Watery radish kimchi
GCF_023823995.1_ASM2382399v1,NA,soil
GCF_018884385.1_ASM1888438v1,Homo sapiens,stool
GCF_023702125.1_ASM2370212v1,NA,underground brine
GCF_003203435.1_ASM320343v1,Homo sapiens,intraabdominal abscess
GCF_964049805.1_30224_1_305,NA,NA
GCF_029536875.1_ASM2953687v1,NA,Maari
GCF_023657555.1_ASM2365755v1,NA,NA
GCF_025138255.1_ASM2513825v1,NA,ENVO:00002034
GCF_025913675.1_ASM2591367v1,NA,pig
GCF_000832665.1_ASM83266v1,NA,Bovine
GCF_021903635.1_ASM2190363v1,NA,soil
GCF_000167875.2_ASM16787v2,NA,NA
GCF_033129325.1_ASM3312932v1,Homo sapiens,feces
GCF_009730395.1_ASM973039v1,Homo sapiens,gastrointestinal tract
GCF_022674245.1_ASM2267424v1,NA,soil
GCF_011611525.1_ASM1161152v1,NA,SCOBY from Kombucha tea
GCF_023023705.1_ASM2302370v1,Homo sapiens,sputum
GCF_023657735.1_ASM2365773v1,Canis lupus familiaris,NA
GCF_020771755.1_ASM2077175v1,Homo sapiens,skin secretions
GCF_024707545.1_ASM2470754v1,Sainfoin,Nodule tissue
GCF_001314225.1_ASM131422v1,NA,activated sludge
GCF_004919465.1_ASM491946v1,Homo sapiens,NA
GCF_037921675.1_ASM3792167v1,Dog,NA
GCF_019670425.1_ASM1967042v1,NA,Bos taurus
GCF_020138435.1_ASM2013843v1,NA,feces
GCF_013201525.1_ASM1320152v1,Wild boar,Wild boar
GCF_002848625.1_ASM284862v1,Homo sapiens,blood
GCF_038367755.1_ASM3836775v1,NA,NA
GCF_023734195.1_ASM2373419v1,NA,starter culture
GCF_036320525.1_ASM3632052v1,Homo sapiens,sputum
GCF_026341465.2_ASM2634146v2,Homo sapiens,Skin tissue
GCF_033685245.1_ASM3368524v1,NA,hospital
GCF_030012945.1_ASM3001294v1,Camelus dromedarius,Nose
GCF_017098265.2_ASM1709826v2,Homo sapiens,pus
GCF_003522785.1_ASM352278v1,Homo sapiens,Secretion
GCF_014490785.1_ASM1449078v1,NA,seawater
GCF_013085205.1_ASM1308520v1,Homo sapiens,rectal swab from healthy college student
GCF_020423125.1_ASM2042312v1,NA,sludge of the aeration tanks of urban wastewater treatment plants
GCF_038431215.1_ASM3843121v1,Homo sapiens,urine
GCF_022468985.2_ASM2246898v2,Homo sapiens,NA
GCF_013389695.1_ASM1338969v1,chicken,NA
GCF_001753525.1_ASM175352v1,NA,Cattle Hide
GCF_001971765.1_ASM197176v1,Homo sapiens,urine
GCF_015910165.1_ASM1591016v1,NA,Rectal
GCF_022592575.1_ASM2259257v1,Homo sapiens,NA
GCF_009912855.1_ASM991285v1,Homo sapiens,NA
GCF_023848645.1_ASM2384864v1,NA,pig
GCF_040790765.1_ASM4079076v1,Ixodes scapularis,NA
GCF_024498375.1_ASM2449837v1,Homo sapiens,NA
GCF_040436535.1_ASM4043653v1,Homo sapiens,NA
GCF_004135815.1_ASM413581v1,Homosapiens,stool
GCF_031039035.1_ASM3103903v1,Homo sapiens,stool
GCF_001420955.1_ASM142095v1,Homo sapiens,stool
GCF_024918435.1_ASM2491843v1,Homo sapiens,blood
GCF_026072755.1_ASM2607275v1,NA,NA
GCF_000214175.1_ASM21417v1,NA,crude oil-polluted soil
GCF_001718115.2_ASM171811v2,Homo sapiens,catheter tip
GCF_030127105.1_ASM3012710v1,NA,sediment
GCF_013415925.1_ASM1341592v1,Horse,NA
GCF_017584205.1_ASM1758420v1,Raspberry,NA
GCF_030848065.1_ASM3084806v1,Homo sapiens,rectal swab
GCF_030708255.1_ASM3070825v1,NA,human
GCF_037914925.1_ASM3791492v1,NA,NA
GCF_021654935.1_ASM2165493v1,Homo sapiens,human blood of bacteremia patient
GCF_905233025.2_AI2795v1_cp,Homo sapiens,Hospital Vall d'Hebron (Barcelona)
GCF_016861955.1_ASM1686195v1,NA,Shima Dofu (Okinawan-style tofu)
GCF_017570625.1_ASM1757062v1,Homo sapiens,lower respiratory tract
GCF_019399915.1_ASM1939991v1,NA,meat
GCF_024225435.1_ASM2422543v1,Gallus gallus domesticus,pooled poultry feces
GCF_016944695.1_ASM1694469v1,Homo sapiens,rectal swab
GCF_014705945.2_ASM1470594v2,NA,dirt
GCF_028223615.1_ASM2822361v1,Homo sapiens,sputum
GCF_015219885.1_ASM1521988v1,Homo sapiens,eye
GCF_008727655.1_ASM872765v1,NA,NA
GCF_035918195.1_ASM3591819v1,NA,soil
GCF_023658185.1_ASM2365818v1,Homo sapiens,NA
GCF_000981805.1_ASM98180v1,NA,Anaerobic digester
GCF_002863905.1_ASM286390v1,NA,activated sludge from pharmaceutical waste in Shaoxing China
GCF_033952345.2_BSN53_Closure,Homo sapiens,blood
GCF_013372405.1_ASM1337240v1,Homo sapiens,urine
GCF_003860625.1_ASM386062v1,NA,Antarctic sea ice
GCF_013170785.1_ASM1317078v1,Lotus corniculatus,NA
GCF_013146705.1_ASM1314670v1,NA,Paper surface
GCF_021496525.1_ASM2149652v1,Sus scrofa domesticus,Retail Pork
GCF_003339775.1_ASM333977v1,Catharanthus roseus,plant periwinkle
GCF_002902885.1_ASM290288v1,NA,NA
GCF_020525865.1_ASM2052586v1,Homo sapiens,liver abscess
GCF_005885895.1_ASM588589v1,Homo sapiens,stool
GCF_040529145.1_ASM4052914v1,Milvus migrans,Wild birds
GCF_018516845.1_ASM1851684v1,Homo sapiens,Digestive
GCF_024496125.1_ASM2449612v1,Homo sapiens,sputum
GCF_032292885.1_ASM3229288v1,Homo sapiens,NA
GCF_013388275.1_ASM1338827v1,Homo sapiens,Rectal swab
GCF_037888875.1_ASM3788887v1,Chicken,NA
GCF_013589875.1_ASM1358987v1,NA,Freshwater sample from downstream of wastewater treatment plant
GCF_033260105.1_ASM3326010v1,Chicken,NA
GCF_009709095.1_ASM970909v1,Oncorhynchus kisutch,NA
GCF_002239895.2_ASM223989v2,Homo sapiens,Blood
GCF_003939085.1_ASM393908v1,Homo sapiens,stomach biopsy
GCF_015278055.1_ASM1527805v1,NA,Red-breasted Parakeet
GCF_027942195.1_ASM2794219v1,patient,sputum
GCF_003064405.2_ASM306440v2,NA,pond
GCF_002028385.1_ASM202838v1,NA,soil
GCF_002810285.1_ASM281028v1,Homo sapiens,pharyngeal secretions
GCF_025716785.1_ASM2571678v1,NA,activated sludge
GCF_014076685.2_ASM1407668v2,Gallus gallus,leg bone from commercial broiler
GCF_040370845.1_WHO_U_2024,Homo sapiens,Urogenital
GCF_003443815.1_ASM344381v1,NA,Broiler chicken farm
GCF_009646115.1_ASM964611v1,eucalypti of Eucalyptus,Strains belonging to this species have been isolated from eucalyptus leaves showing symptoms of bacterial blight and die-back in Uruguay
GCF_963852065.1_ASM96385206v1,NA,NA
GCF_020616495.1_ASM2061649v1,Homo sapiens,NA
GCF_002970935.1_ASM297093v1,NA,kimchi
GCF_020886435.2_ASM2088643v2,Homo sapiens,NA
GCF_024334045.1_ASM2433404v1,NA,Chicken gizzard (Gallus gallus)
GCF_001518855.1_ASM151885v1,Homo sapiens,Stool
GCF_000961395.1_ASM96139v1,Citrus sinensis,citrus infected tissue
GCF_000196215.1_ASM19621v1,NA,NA
GCF_022832935.1_ASM2283293v1,Homo sapiens,pertoneal cavity
GCF_025402895.1_ASM2540289v1,NA,apple
GCF_036541145.1_ASM3654114v1,Homo sapiens,blood
GCF_022749455.1_ASM2274945v1,Homo sapiens,NA
GCF_002741375.1_ASM274137v1,NA,NA
GCF_001692495.1_ASM169249v1,Homo sapiens,human
GCF_003970675.1_ASM397067v1,NA,scallop
GCF_030169635.1_ASM3016963v1,NA,In-house environment
GCF_026240855.1_ASM2624085v1,Homo sapiens,urine
GCF_023101025.1_ASM2310102v1,Acmispon strigosus,root nodule
GCF_003204955.1_ASM320495v1,Homo sapiens,Rectal swab
GCF_003013205.1_ASM301320v1,dog,feces
GCF_023824315.1_ASM2382431v1,NA,soil
GCF_000834195.1_ASM83419v1,Homo sapiens,NA
GCF_949786355.1_EC0880B_C,NA,Derived from parental isolate EC0880B in laboratory.
GCF_010669165.1_ASM1066916v1,NA,soil
GCF_020150655.1_ASM2015065v1,Cynoglossus semilaevis,spleen
GCF_025946525.1_ASM2594652v1,Homo sapiens,feces
GCF_036014135.1_ASM3601413v1,NA,soil
GCF_028623045.1_ASM2862304v1,Duck,NA
GCF_004118875.1_ASM411887v1,Homo sapiens,NA
GCF_024583035.1_ASM2458303v1,Pig,NA
GCF_000218265.1_ASM21826v1,NA,NA
GCF_018831445.1_ASM1883144v1,Phaseolus vulgaris,NA
GCF_037039445.1_ASM3703944v1,NA,chicken
GCF_001718795.1_ASM171879v1,Homo sapiens,CF Maxillary Sinus
GCF_019823955.1_ASM1982395v1,Homo sapiens,blood
GCF_900239975.1_Chlamydia_sp._S15-834K,Pantherophis guttatus,Snake
GCF_004924275.1_ASM492427v1,pig,feces
GCF_904866455.1_MSB1_4E,Homo sapiens,rectal swab
GCF_022343765.1_ASM2234376v1,Homo sapiens,blood
GCF_000204275.1_ASM20427v1,NA,NA
GCF_033100295.1_ASM3310029v1,Homo sapiens,urine
GCF_003718535.1_ASM371853v1,NA,NA
GCF_000272715.4_ASM27271v4,Sus scrofa domesticus,Swine
GCF_024204985.1_ASM2420498v1,Homo sapiens,blood
GCF_022370435.1_ASM2237043v1,Homo sapiens,nasal swab
GCF_019356035.1_ASM1935603v1,duck,NA
GCF_002813575.1_ASM281357v1,NA,desert soil
GCF_000024565.1_ASM2456v1,NA,NA
GCF_009650035.1_ASM965003v1,Homo sapiens,NA
GCF_001696605.3_ASM169660v3,NA,hospital sewage
GCF_018454365.1_ASM1845436v1,Homo sapiens,hospital
GCF_034127495.1_ASM3412749v1,Homo sapiens,urine
GCF_023206755.1_ASM2320675v1,NA,kimchi (fermented food)
GCF_034057835.1_ASM3405783v1,NA,Kanas soil
GCF_025259525.1_ASM2525952v1,NA,NA
GCF_030505755.1_ASM3050575v1,NA,stool
GCF_037477745.1_ASM3747774v1,NA,NA
GCF_000178875.2_ASM17887v2,NA,NA
GCF_905311385.2_NRS6116B,NA,garden soil
GCF_904830975.1_L3_CS7_E2980,NA,NA
GCF_040616285.1_EC554-PBR,Homo sapiens,rectal swabs
GCF_000010825.1_ASM1082v1,NA,NA
GCF_034339465.2_ASM3433946v2,Homo sapiens,hospital
GCF_037917495.1_ASM3791749v1,Dog,NA
GCF_026725495.1_ASM2672549v1,Bovine,NA
GCF_019585465.2_STEC10,NA,Ground beef
GCF_006094915.1_ASM609491v1,NA,NA
GCF_001456275.1_ASM145627v1,Citrus sinensis,leaf
GCF_026625385.1_ASM2662538v1,NA,environmental
GCF_016903975.1_ASM1690397v1,Homo sapiens,NA
GCF_019330265.1_ASM1933026v1,NA,soil
GCF_024347415.1_ASM2434741v1,NA,NA
GCF_003261575.2_ASM326157v2,Homo sapiens,NA
GCF_039704375.1_ASM3970437v1,Homo sapiens,urine
GCF_002310555.1_ASM231055v1,canine,NA
GCF_037716265.1_ASM3771626v1,Chicken,NA
GCF_017348875.1_ASM1734887v1,lentil,NA
GCF_018831625.1_ASM1883162v1,Nebria ingens riversi,Alpine seep
GCF_011492885.1_ASM1149288v1,pet dog,NA
GCF_001272655.2_ASM127265v2,NA,soil
GCF_000318925.1_ASM31892v1,NA,NA
GCF_022749635.1_ASM2274963v1,NA,porcine
GCF_030544485.1_ASM3054448v1,NA,soil
GCF_019317185.1_ASM1931718v1,Homo sapiens,urine
GCF_015689395.1_ASM1568939v1,mare,uterus
GCF_001554015.1_ASM155401v1,Homo sapiens,Supragingival dental plaque; molar tooth
GCF_001753325.1_ASM175332v1,NA,environmental
GCF_023824175.1_ASM2382417v1,NA,soil
GCF_000159535.2_ASM15953v2,Homo sapiens,biological product [ENVO:02000043]
GCF_011058675.1_ASM1105867v1,Homo sapiens,Urethral discharge
GCF_002863685.1_ASM286368v1,NA,cattle
GCF_030866905.1_ASM3086690v1,Homo sapiens,sputum
GCF_002117875.1_ASM211787v1,Olea europaea,NA
GCF_019426245.1_ASM1942624v1,Gallus gallus,carcass rinsate
GCF_001655455.1_ASM165545v1,Homo sapiens,Patient sample
GCF_003595525.1_ASM359552v1,Marmota himalayana,NA
GCF_907163245.1_AUSMDU00007171,Homo sapiens,feces
GCF_025643195.1_ASM2564319v1,Homo sapiens,stool
GCF_020217445.1_ASM2021744v1,Homo sapiens,sputum
GCF_028622495.1_ASM2862249v1,Delichon urbicum,NA
GCF_028752835.1_ASM2875283v1,NA,marine sediment
GCF_012029695.2_ASM1202969v2,Homo sapiens,NA
GCF_004344985.1_ASM434498v1,NA,hospital sink
GCF_029624935.1_ASM2962493v1,Homo sapiens,Rectal swab
GCF_024218755.1_ASM2421875v1,NA,bile
GCF_004919265.1_ASM491926v1,Homo sapiens,NA
GCF_040790755.1_ASM4079075v1,Ixodes scapularis,NA
GCF_003112995.3_ASM311299v3,Ictalurus punctatus,NA
GCF_017165415.1_ASM1716541v1,NA,Bovine Faeces
GCF_025917315.1_ASM2591731v1,NA,Xiaochaidan Salt Lake
GCF_949786325.1_EC0026B_C,NA,Derived from parental isolate EC0026B in laboratory.
GCF_000346065.1_ASM34606v1,NA,NA
GCF_021496745.1_ASM2149674v1,chicken,NA
GCF_030846055.1_ASM3084605v1,NA,hospital sewage
GCF_000014545.1_ASM1454v1,NA,NA
GCF_002902805.2_ASM290280v2,Homo sapiens,NA
GCF_023735715.1_ASM2373571v1,Homo sapiens,NA
GCF_001679785.1_ASM167978v1,Vavilovia formosa,NA
GCF_008619795.1_ASM861979v1,Homo sapiens,Venous blood isolated from host
GCF_900639515.1_E7654_hybrid_assembly,NA,NA
GCF_030036715.1_ASM3003671v1,NA,environmental: river near WWTP effluent
GCF_000009165.1_ASM916v1,NA,NA
GCF_014844235.1_ASM1484423v1,Gallus gallus domesticus,fecal matter
GCF_004135795.1_ASM413579v1,Homo sapiens,sputum
GCF_021432185.1_ASM2143218v1,Homo sapiens,NA
GCF_003073995.1_ASM307399v1,NA,NA
GCF_001307235.1_ASM130723v1,Homo sapiens,Clinical specimen
GCF_002754835.1_ASM275483v1,NA,NA
GCF_964198815.1_Zagreb018_hybrid_assembly.fa.gz,Homo sapiens,clinical material
GCF_030039395.1_ASM3003939v1,NA,environmental: river near WWTP effluent
GCF_900234375.1_MFPB16A15_assembly_v1,NA,Beef carpaccio
GCF_017355045.1_ASM1735504v1,Mouse,lung
GCF_007954665.1_ASM795466v1,NA,kimchi
GCF_028751785.1_ASM2875178v1,Homo sapiens,urine
GCF_013267715.1_ASM1326771v1,Homo sapiens,normal skin of the right arm
GCF_000156995.2_ASM15699v2,NA,NA
GCF_000218855.1_ASM21885v1,NA,NA
GCF_006094315.1_ASM609431v1,NA,NA
GCF_040367275.1_WHO_Y_2024,Homo sapiens,Urogenital
GCF_036246005.1_ASM3624600v1,NA,soil
GCF_040735515.1_ASM4073551v1,Homo sapiens,Catheter
GCF_014304635.1_ASM1430463v1,plant,NA
GCF_033807395.1_ASM3380739v1,NA,sputum
GCF_023702145.1_ASM2370214v1,Goose,Anal swab
GCF_020641355.2_ASM2064135v2,NA,freshwater stream
GCF_020905995.1_ASM2090599v1,Skeletonema costatum,estuarine water [ENVO:01000301]
GCF_023657535.1_ASM2365753v1,NA,NA
GCF_900639415.1_E6988_hybrid_assembly,NA,NA
GCF_013741155.1_ASM1374115v1,NA,Freshwater sample from downstream of wastewater treatment plant
GCF_018141445.1_ASM1814144v1,NA,carbonate chimney
GCF_025913615.1_ASM2591361v1,NA,pig
GCF_030053895.1_ASM3005389v1,Homo sapiens,blood
GCF_025984385.1_ASM2598438v1,Bovine,NA
GCF_013629675.1_ASM1362967v1,NA,Freshwater sample from downstream of wastewater treatment plant
GCF_034068265.1_ASM3406826v1,Homo sapiens,urine
GCF_002313125.1_ASM231312v1,NA,Instant pork
GCF_024526695.1_FMAS_PN3,Homo sapiens,blood
GCF_021559915.1_ASM2155991v1,NA,animal droppings
GCF_003430805.1_ASM343080v1,NA,Shar-Burdiin hypersaline soda lake
GCF_008619415.1_ASM861941v1,Homo sapiens,Nasal cavity isolated from host
GCF_003627355.1_ASM362735v1,Homo sapiens,healthy infant fecal samples
GCF_024799865.1_ASM2479986v1,Homo sapiens,NA
GCF_035599575.1_ASM3559957v1,Chionoecetes japonicus,digestive tract environment
GCF_000224475.1_ASM22447v1,NA,not provided; submitted under MIGS 2.1
GCF_008306195.1_ASM830619v1,Eruca vesicaria subsp. sativa,leaves
GCF_003641185.1_ASM364118v1,NA,NA
GCF_022049065.2_ASM2204906v2,Penaeus monodon,intestine of black tiger shrimp
GCF_020138635.1_ASM2013863v1,NA,Feces; FP
GCF_002967935.2_ASM296793v2,Homo sapiens,blood
GCF_037526635.1_ASM3752663v1,Dog,NA
GCF_906464925.1_BX5936,Homo sapiens,Semen
GCF_003038035.2_ASM303803v2,Homo sapiens,NA
GCF_016406525.1_ASM1640652v1,Homo sapiens,rectal swab
GCF_002753355.1_ASM275335v1,Homo sapiens,urine
GCF_019645975.1_ASM1964597v1,NA,LAB
GCF_018093225.1_ASM1809322v1,Homo sapiens,isolated from contaminated platelets
GCF_000814205.1_ASM81420v1,Homo sapiens,Bodily fluid
GCF_028223415.1_ASM2822341v1,Homo sapiens,sputum
GCF_001806445.1_ASM180644v1,Homo sapiens,Wound
GCF_016350065.1_ASM1635006v1,Homo sapiens,blood
GCF_023658385.1_ASM2365838v1,Canis lupus familiaris,NA
GCF_946404695.1_SJC1045,NA,Bloodstream
GCF_004324115.2_ASM432411v2,NA,feces
GCF_014719835.1_ASM1471983v1,Homo sapiens,blood
GCF_025139485.1_ASM2513948v1,NA,ENVO:00002034
GCF_016758865.1_ASM1675886v1,Homo sapiens,NA
GCF_016899445.1_ASM1689944v1,NA,soybean
GCF_037504455.1_ASM3750445v1,Homo sapiens,NA
GCF_019857585.1_ASM1985758v1,Homo sapiens,NA
GCF_019048845.1_ASM1904884v1,Macrobrachium nipponense,hepatopancreas
GCF_023375445.1_ASM2337544v1,Homo sapiens,fecal sample
GCF_015910365.1_ASM1591036v1,NA,urine
GCF_002949635.1_ASM294963v1,Homo sapiens,laboratory
GCF_020991185.1_ASM2099118v1,Homo sapiens,urine
GCF_017298715.1_ASM1729871v1,NA,Clone isolated from the evolution experiment described in Ketola et al. 2013 (doi: 10.1111/evo.12148)
GCF_009734305.1_ASM973430v1,Homo sapiens,blood
GCF_017815675.1_ASM1781567v1,Homo sapiens,blood
GCF_000310085.1_ASM31008v1,NA,NA
GCF_036871025.1_ASM3687102v1,NA,Leaf wash from spinach salad
GCF_022670775.1_ASM2267077v1,Homo sapiens,Pus
GCF_004368055.1_ASM436805v1,Homo sapiens,NA
GCF_000009765.2_ASM976v2,NA,NA
GCF_028750135.1_ASM2875013v1,Barbarea vulgaris,leaf tissue
GCF_030913615.1_ASM3091361v1,Pig,feces
GCF_001581975.1_ASM158197v1,NA,marine sediments
GCF_020132105.1_ASM2013210v1,Homo sapiens,tracheal aspirate
GCF_020906415.1_ASM2090641v1,Mediolabrus comicus,estuarine water [ENVO:01000301]
GCF_019272915.1_ASM1927291v1,NA,bioaerosol of a chicken farm
GCF_029773445.1_ASM2977344v1,Homo sapiens,plasma
GCF_030708055.1_ASM3070805v1,NA,human
GCF_011009015.1_ASM1100901v1,NA,coastal sediment
GCF_024918455.1_ASM2491845v1,Homo sapiens,blood
GCF_003590605.1_ASM359060v1,Musa sp.,plants with Moko disease
GCF_002165345.2_ASM216534v2,NA,Sewage
GCF_028750355.1_ASM2875035v1,Brassica oleracea var. capitata,Symptomatic leaf tissue
GCF_030848005.1_ASM3084800v1,Homo sapiens,stools
GCF_030708235.1_ASM3070823v1,NA,human
GCF_025960245.1_ASM2596024v1,NA,pork
GCF_025908275.1_ASM2590827v1,Bovine,diarrhea feces of calves
GCF_024498315.1_ASM2449831v1,NA,koumiss
GCF_040790705.1_ASM4079070v1,Ixodes ricinus,NA
GCF_013624995.1_ASM1362499v1,NA,Wastewater influent sample
GCF_002803905.1_ASM280390v1,Homo sapiens,liver
GCF_001718415.1_ASM171841v1,NA,soil
GCF_031039055.1_ASM3103905v1,Homo sapiens,urine
GCF_040436555.1_ASM4043655v1,Homo sapiens,NA
GCF_003999335.1_ASM399933v1,NA,NA
GCF_001636235.1_ASM163623v1,Homo sapiens,Bronchial fluid
GCF_040499215.1_ASM4049921v1,Homo sapiens,human
GCF_009806715.1_ASM980671v1,swine,NA
GCF_013317615.2_ASM1331761v2,Cherry,NA
GCF_023375625.1_ASM2337562v1,Homo sapiens,pus
GCF_004923315.1_ASM492331v1,NA,rice paddy soil
GCF_022221545.1_ASM2222154v1,NA,food
GCF_037914945.1_ASM3791494v1,NA,salt lake
GCF_000504545.1_ASM50454v1,NA,milk
GCF_017570645.1_ASM1757064v1,Homo sapiens,upper respiratory tract
GCF_002370355.1_ASM237035v1,NA,moto starter of sake
GCF_949794895.1_SF1039_genome,NA,bacterial strain isolated from smoked salmon
GCF_037539565.1_ASM3753956v1,Mammal,NA
GCF_002148235.1_ASM214823v1,NA,10 weeks old 45+ Samso cheese
GCF_014705925.2_ASM1470592v2,NA,dirt
GCF_040746145.1_ASM4074614v1,NA,Bougainvillea glabra leaves
GCF_025398915.1_ASM2539891v1,Homo sapiens,urine
GCF_023674385.1_ASM2367438v1,NA,kefir milk
GCF_000297155.3_ASM29715v3,NA,NA
GCF_024707525.1_ASM2470752v1,Sainfoin,Nodule tissue
GCF_009913675.1_ASM991367v1,NA,Pickled Green Chili Peppers
GCF_000717515.1_ASM71751v1,Homo sapiens,sputum
GCF_039639765.1_ASM3963976v1,NA,NA
GCF_026167625.1_ASM2616762v1,Homo sapiens,bloodstream
GCF_022591895.1_ASM2259189v1,NA,Food: Red deer meat
GCF_001587035.1_ASM158703v1,chicken,gizzard
GCF_036669985.1_ASM3666998v1,NA,combination probiotic preparations
GCF_013590775.1_ASM1359077v1,NA,Wastewater effluent sample
GCF_020138455.1_ASM2013845v1,NA,feces
GCF_019900765.2_ASM1990076v2,Bovine,Mastitis-milk
GCF_019670445.1_ASM1967044v1,NA,Bos taurus
GCF_033708015.1_ASM3370801v1,Homo sapiens,wound
GCF_018884185.1_ASM1888418v1,NA,soil
GCF_033129345.1_ASM3312934v1,Homo sapiens,feces
GCF_003491405.1_ASM349140v1,NA,ENVO:00002006
GCF_003010675.1_ASM301067v1,NA,NA
GCF_025138055.1_ASM2513805v1,NA,ENVO:00002034
GCF_039704325.1_ASM3970432v1,Homo sapiens,blood
GCF_023657755.1_ASM2365775v1,Canis lupus familiaris,NA
GCF_023669645.2_ASM2366964v2,Agalychnis callidryas,skin
GCF_028595865.2_ASM2859586v2,Homo sapiens,Urinary catheter
GCF_009709315.1_ASM970931v1,Salmo salar,NA
GCF_005222025.1_ASM522202v1,NA,cattle
GCF_002173575.1_ASM217357v1,NA,food
GCF_013267575.1_ASM1326757v1,Homo sapiens,normal skin of the left arm
GCF_020423145.1_ASM2042314v1,NA,Rectal swab of live bovine cattle
GCF_011801285.1_ASM1180128v1,NA,Industrial
GCF_030436345.1_ASM3043634v1,NA,NA
GCF_900620255.1_BPH2986,Homo sapiens,blood
GCF_000018145.1_ASM1814v1,NA,NA
GCF_016904395.1_ASM1690439v1,Homo sapiens,NA
GCF_002101355.1_ASM210135v1,NA,Calf Liver
GCF_002787215.1_ASM278721v1,NA,NA
GCF_004799645.1_ASM479964v1,NA,The Bange salt-alkaline lake in Tibet
GCF_007197595.1_ASM719759v1,NA,soil
GCF_003076335.1_ASM307633v1,Medicago truncatula,NA
GCF_001017635.1_ASM101763v1,tobacco,roots
GCF_030012925.1_ASM3001292v1,Camelus dromedarius,Nose
GCF_017098205.2_ASM1709820v2,Homo sapiens,blood
GCF_038396295.1_ASM3839629v1,NA,municipal wastewater
GCF_025946545.1_ASM2594654v1,Homo sapiens,feces
GCF_004124155.2_ASM412415v2,NA,food
GCF_010669105.1_ASM1066910v1,NA,wastewater from pig manure
GCF_028623025.1_ASM2862302v1,Tomate,Tejido de tomate
GCF_024583055.1_ASM2458305v1,Pig,NA
GCF_030533785.1_ASM3053378v1,Homo sapiens,throat swab
GCF_013171305.1_ASM1317130v1,Gallus gallus,feces
GCF_019803065.1_ASM1980306v1,Homo sapiens,anal swab
GCF_034259285.1_ASM3425928v1,NA,swine
GCF_014679325.1_ASM1467932v1,Homo sapiens,urinary catheter
GCF_021391455.1_ASM2139145v1,NA,Salmon processing facility
GCF_018831425.1_ASM1883142v1,Phaseolus vulgaris,NA
GCF_029223585.1_ASM2922358v1,NA,marine sediment ENVO_03000033
GCF_026240835.1_ASM2624083v1,Homo sapiens,urine
GCF_016801755.1_ASM1680175v1,Skeletonema costatum,estuarine water [ENVO:01000301]
GCF_023101045.1_ASM2310104v1,Acmispon strigosus,root nodule
GCF_007923665.2_ASM792366v2,NA,swine
GCF_025171215.2_ASM2517121v2,Homo sapiens,NA
GCF_022647325.1_ASM2264732v1,mushroom,NA
GCF_006385935.1_ASM638593v1,NA,soil
GCF_003948455.2_ASM394845v2,Homo sapiens,BAL
GCF_003264955.1_ASM326495v1,Homo sapiens,sptum
GCF_000014925.1_ASM1492v1,NA,NA
GCF_029713845.1_ASM2971384v1,Homo sapiens,NA
GCF_029636785.1_ASM2963678v1,NA,NA
GCF_003812385.1_ASM381238v1,Homo sapiens,Sputum
GCF_030438115.1_ASM3043811v1,NA,NA
GCF_037511265.1_ASM3751126v1,Aves,NA
GCF_019823935.1_ASM1982393v1,Homo sapiens,blood
GCF_014792125.1_ASM1479212v1,NA,sputum
GCF_013611495.1_ASM1361149v1,NA,Wastewater effluent sample
GCF_904863195.1_INF133,Homo sapiens,wound swab
GCF_022343705.1_ASM2234370v1,NA,skin of a horse
GCF_012932975.2_ASM1293297v2,Homo sapiens,blood
GCF_002753555.1_ASM275355v1,NA,NA
GCF_015238555.1_ASM1523855v1,Homo sapiens,sputum
GCF_001900535.1_ASM190053v1,cow,NA
GCF_024532095.1_ASM2453209v1,EW,Poyang Lake
GCF_040529125.1_ASM4052912v1,Milvus migrans,Wild birds
GCF_040436705.1_ASM4043670v1,Homo sapiens,NA
GCF_024496145.1_ASM2449614v1,Homo sapiens,sputum
GCF_009912255.1_ASM991225v1,Homo sapiens,NA
GCF_037897925.1_ASM3789792v1,Homo sapiens,Oral cavity
GCF_007185035.1_ASM718503v1,Equus caballus,pus
GCF_009730015.1_ASM973001v1,Homo sapiens,clinical isolate
GCF_000016285.1_ASM1628v1,Vitis vinifera cv. 'Izsaki Sarfeher',NA
GCF_009769095.1_ASM976909v1,Homo sapiens,urine
GCF_029916985.1_ASM2991698v1,NA,soil
GCF_023735515.1_ASM2373551v1,Homo sapiens,NA
GCF_030038515.1_ASM3003851v1,NA,environmental: river near WWTP effluent
GCF_013146765.1_ASM1314676v1,Homo sapiens,stool
GCF_022982835.1_ASM2298283v1,Homo sapiens,ascites
GCF_001721905.1_ASM172190v1,Homo sapiens,blood
GCF_020525805.1_ASM2052580v1,Homo sapiens,blood
GCF_002164975.2_ASM216497v2,Homo sapiens,NA
GCF_031035935.1_ASM3103593v1,Homo sapiens,stool
GCF_035621095.1_ASM3562109v1,NA,duck
GCF_022648595.1_ASM2264859v1,Homo sapiens,blood
GCF_009708735.1_ASM970873v1,Salmo salar,NA
GCF_013822785.1_ASM1382278v1,NA,waste water
GCF_009756555.1_ASM975655v1,Homo sapiens,stool
GCF_004135585.1_ASM413558v1,NA,soil
GCF_008065415.1_ASM806541v1,Homo sapiens,NA
GCF_020541305.1_ASM2054130v1,Adelges cooleyi,NA
GCF_024334025.1_ASM2433402v1,NA,Chicken carcass (Gallus gallus)
GCF_039692545.1_ASM3969254v1,Musa sp.,NA
GCF_040285045.1_ASM4028504v1,cotton,NA
GCF_000834825.1_ASM83482v1,Homo sapiens,Human clinical sample
GCF_037883995.1_ASM3788399v1,Homo sapiens,NA
GCF_028622695.1_ASM2862269v1,Homo sapiens,urine
GCF_039641285.1_ASM3964128v1,Homo sapiens,blood
GCF_035658195.1_ASM3565819v1,Homo sapiens,urine
GCF_012923785.1_ASM1292378v1,date palm,rhizosphere
GCF_900234355.1_JOUY64_assembly_v1,NA,French dry-type pork sausage
GCF_020217425.1_ASM2021742v1,NA,salt lake
GCF_002813975.1_ASM281397v1,NA,chicken
GCF_028893475.1_ASM2889347v1,Bos taurus,feces
GCF_029624955.1_ASM2962495v1,Homo sapiens,Rectal swab
GCF_024218735.1_ASM2421873v1,NA,mutant of Streptomyces rimosus subsp. rimosus R7
GCF_003004315.1_ASM300431v1,Homo sapiens,NA
GCF_001901085.1_ASM190108v1,mouse,feces
GCF_002165245.3_ASM216524v3,NA,Sewage
GCF_030168285.1_ASM3016828v1,Homo sapiens,respiratory
GCF_009709515.1_ASM970951v1,Salmo salar,NA
GCF_005222625.1_ASM522262v1,Homo sapiens,blood
GCF_034274435.1_ASM3427443v1,Homo sapiens,NA
GCF_023523445.1_ASM2352344v1,NA,pig small intestine
GCF_001485455.1_ASM148545v1,Homo sapiens,pleural effusion
GCF_023735775.1_ASM2373577v1,Homo sapiens,NA
GCF_013344685.1_ASM1334468v1,NA,mineral salt medium
GCF_002906195.1_ASM290619v1,Homo sapiens,blood
GCF_014170055.1_ASM1417005v1,Homo sapiens,urine
GCF_030036775.1_ASM3003677v1,NA,environmental: river/lake
GCF_032818155.1_ASM3281815v1,NA,NA
GCF_032852305.1_ASM3285230v1,Favia sp.,reef-building corals
GCF_037227975.1_ASM3722797v1,Homo sapiens,bloodstream
GCF_000022845.1_ASM2284v1,NA,NA
GCF_003491205.1_ASM349120v1,NA,ENVO:00002006
GCF_040790735.1_ASM4079073v1,Ixodes scapularis,NA
GCF_023848615.1_ASM2384861v1,NA,chicken meat
GCF_009914295.1_ASM991429v1,pig,NA
GCF_000016505.1_ASM1650v1,NA,NA
GCF_029392035.1_ASM2939203v1,Frieseomelitta varia,Rain forest
GCF_015135515.1_ASM1513551v1,NA,sewage
GCF_001620205.2_ASM162020v2,Bos taurus,bovine pre-evisceration carcass
GCF_020971745.1_ASM2097174v1,Homo sapiens,NA
GCF_021922985.1_ASM2192298v1,NA,winter wheat (Triticum aestivum)
GCF_021729845.1_ASM2172984v1,Amphicarpaea bracteata,root nodules
GCF_904866475.1_KSB2_9B,Homo sapiens,rectal swab
GCF_034337405.2_ASM3433740v2,Homo sapiens,hospital
GCF_002288075.1_ASM228807v1,Hymenochaete rubiginosa,NA
GCF_900231165.1_HDIA1,NA,NA
GCF_020990565.1_ASM2099056v1,NA,plant tissue
GCF_002752775.1_ASM275277v1,Homo sapiens,urine
GCF_036248255.1_ASM3624825v1,NA,soil
GCF_905318255.2_NRS6181B,NA,garden soil
GCF_016903915.1_ASM1690391v1,Homo sapiens,NA
GCF_012530715.1_ASM1253071v1,NA,pond sediment
GCF_000026525.1_ASM2652v1,NA,NA
GCF_019330205.1_ASM1933020v1,Homo sapiens,NA
GCF_024347475.1_ASM2434747v1,NA,NA
GCF_037101385.1_ASM3710138v1,Lemna minor,pond water [ENVO:00002228]
GCF_003814345.1_ASM381434v1,NA,NA
GCF_023206735.1_ASM2320673v1,NA,laboratory evolution
GCF_036231355.1_ASM3623135v1,NA,NA
GCF_040029055.1_ASM4002905v1,Homo sapiens,sputum
GCF_002302375.1_ASM230237v1,alfalfa,nitrogen fixing nodules
GCF_030847685.1_ASM3084768v1,Dog,septic exudate abcess
GCF_030505735.1_ASM3050573v1,NA,stool
GCF_037477725.1_ASM3747772v1,NA,NA
GCF_009949705.1_ASM994970v1,NA,Diarrheal patient
GCF_000978845.2_ASM97884v2,NA,Rectal swab of live bovine cattle
GCF_005221645.1_ASM522164v1,NA,cattle
GCF_015136895.1_ASM1513689v1,NA,sewage
GCF_024584885.1_ASM2458488v1,Homo sapiens,adult
GCF_029856995.1_ASM2985699v1,Homo sapiens,sputum
GCF_023824115.1_ASM2382411v1,NA,soil
GCF_000009065.1_ASM906v1,NA,NA
GCF_004337615.1_ASM433761v1,NA,kimchi
GCF_035588615.1_ASM3558861v1,Apis cerana,NA
GCF_039639755.1_ASM3963975v1,NA,NA
GCF_032812665.1_ASM3281266v1,plant,leaves of diseased kiwifruit
GCF_037492235.1_ASM3749223v1,Homo sapiens,NA
GCF_017357925.1_ASM1735792v1,NA,blood
GCF_030486505.1_ASM3048650v1,NA,soil
GCF_014722535.1_ASM1472253v1,Homo sapiens,blood
GCF_017161345.1_ASM1716134v1,duck,NA
GCF_024329785.2_ASM2432978v2,Homo sapiens,stool sample
GCF_030262455.2_SA-684_Closure,Homo sapiens,blood
GCF_036250945.1_ASM3625094v1,NA,NA
GCF_016904335.1_ASM1690433v1,Homo sapiens,NA
GCF_024759765.1_ASM2475976v1,Homo sapiens,NA
GCF_038429955.1_ASM3842995v1,Homo sapiens,other
GCF_033970745.1_ASM3397074v1,Lactuca sativa,Lettuce
GCF_024663995.1_ASM2466399v1,NA,NA
GCF_001628715.1_ASM162871v1,NA,Vinegar
GCF_027920405.1_ASM2792040v1,NA,GUT
GCF_001617545.1_ASM161754v1,Homo sapiens,tracheal secretion
GCF_900620215.1_BPH2760,Homo sapiens,blood
GCF_025665435.1_ASM2566543v1,Odontobutis obscura,NA
GCF_037101315.1_ASM3710131v1,Solanum melongena,NA
GCF_029854235.1_ASM2985423v1,NA,Tibet
GCF_029714005.1_ASM2971400v1,Homo sapiens,NA
GCF_001857945.1_ASM185794v1,NA,Crassostrea gigas
GCF_011801225.1_ASM1180122v1,Pepper,Stem of infected pepper plant
GCF_002393445.1_ASM239344v1,Homo sapiens,Human foot
GCF_007859575.1_ASM785957v1,NA,retail beef liver
GCF_002142475.1_ASM214247v1,NA,NA
GCF_900520285.1_ASM90052028v1,NA,NA
GCF_029094305.1_ASM2909430v1,NA,EQA test strain
GCF_003956065.1_ASM395606v1,NA,sputum
GCF_018243215.1_ASM1824321v1,tobacco,leaf veins (vascular strands)
GCF_018884125.1_ASM1888412v1,NA,Alfalfa sprouts
GCF_024396815.1_ASM2439681v1,homemade pickled cabbage,NA
GCF_003054425.1_ASM305442v1,catfish,NA
GCF_025857195.1_ASM2585719v1,NA,coast water
GCF_020995475.1_ASM2099547v1,Corcyra cephalonica,NA
GCF_000018745.1_ASM1874v1,NA,NA
GCF_022213005.1_ASM2221300v1,Homo sapiens,fecal sample
GCF_016889105.1_ASM1688910v1,Homo sapiens,NA
GCF_013741395.1_ASM1374139v1,NA,Wastewater influent sample
GCF_006158985.1_ASM615898v1,NA,Raw beef
GCF_030581835.1_ASM3058183v1,NA,Traditional fermented dairy products
GCF_038180105.1_ASM3818010v1,NA,sewage
GCF_036013915.1_ASM3601391v1,NA,soil
GCF_002157225.2_ASM215722v2,NA,Sea water
GCF_003019055.1_ASM301905v1,Homo sapiens,stool
GCF_025920785.1_ASM2592078v1,Homo sapiens,Breast milk
GCF_031357365.1_ASM3135736v1,NA,chicken
GCF_030295325.1_ASM3029532v1,NA,chimney structure
GCF_002197085.1_ASM219708v1,Medicago truncatula,NA
GCF_016944655.1_ASM1694465v1,Gallus gallus,chicken stool
GCF_018128005.1_ASM1812800v1,Homo sapiens,human oral cavity
GCF_013728515.1_ASM1372851v1,NA,Freshwater sample from downstream of wastewater treatment plant
GCF_022648765.1_ASM2264876v1,NA,Soil from the surroundings of the Henryk Arctowski base
GCF_002760995.1_ASM276099v1,NA,Human
GCF_025947105.1_ASM2594710v1,NA,Lagoon water
GCF_002762545.2_ASM276254v2,Homo sapiens,blood
GCF_000092225.1_ASM9222v1,NA,NA
GCF_023658145.1_ASM2365814v1,Homo sapiens,NA
GCF_015289765.1_ASM1528976v1,NA,Human fecal samples
GCF_012053525.1_ASM1205352v1,Homo sapiens,Diarrheal patient
GCF_013170745.1_ASM1317074v1,NA,NA
GCF_021390015.1_ASM2139001v1,Homo sapiens,sputum
GCF_014623405.1_ASM1462340v1,NA,creek water
GCF_003324835.1_ASM332483v1,NA,NA
GCF_001043215.1_ASM104321v1,Homo sapiens,NA
GCF_004010655.1_ASM401065v1,NA,Stool
GCF_024665595.1_ASM2466559v1,Homo sapiens,NA
GCF_001183785.1_ASM118378v1,NA,soil
GCF_002082865.1_ASM208286v1,Homo sapiens,blood
GCF_038430465.1_ASM3843046v1,Homo sapiens,blood
GCF_024532265.1_ASM2453226v1,TBG,Poyang Lake
GCF_003589845.1_ASM358984v1,cattle,NA
GCF_030316115.1_ASM3031611v1,Homo sapiens,blood
GCF_006228205.1_ASM622820v1,NA,Beer Keg
GCF_001675515.1_ASM167551v1,NA,soil sample
GCF_004301465.1_ASM430146v1,Homo sapiens,feces
GCF_040616415.1_ASM4061641v1,Homo sapiens,sputum
GCF_026723865.1_ASM2672386v1,Channa argus,NA
GCF_016466415.2_ASM1646641v2,Homo sapiens,NA
GCF_014825845.1_ASM1482584v1,NA,culture mutant
GCF_015534735.1_ASM1553473v1,NA,Chicken meat
GCF_030708295.1_ASM3070829v1,NA,human
GCF_006742345.1_ASM674234v1,NA,NA
GCF_022405555.1_ASM2240555v1,Homo sapiens,NA
GCF_000833165.1_ASM83316v1,NA,Blood
GCF_038447705.1_ASM3844770v1,NA,soil
GCF_009763745.1_ASM976374v1,NA,NA
GCF_000746505.1_ASM74650v1,NA,NA
GCF_032375145.1_ASM3237514v1,NA,NA
GCF_002080435.1_ASM208043v1,NA,soil
GCF_017310405.1_ASM1731040v1,Homo sapiens,urine
GCF_900639655.1_E8691_hybrid_assembly,NA,NA
GCF_030440635.1_ASM3044063v1,Homo sapiens,stool
GCF_000272775.4_ASM27277v4,Bos taurus,Cattle
GCF_004684325.1_ASM468432v1,NA,NA
GCF_037888885.1_ASM3788888v1,Homo sapiens,NA
GCF_011383085.1_ASM1138308v1,NA,milk
GCF_032357325.1_ASM3235732v1,Homo sapiens,NA
GCF_002269325.1_ASM226932v1,Homo sapiens,Stool
GCF_002208315.1_ASM220831v1,NA,NA
GCF_002196535.1_ASM219653v1,NA,mango
GCF_001927405.2_ASM192740v2,Oryza sativa,NA
GCF_004848545.1_ASM484854v1,Homo sapiens,NA
GCF_003606425.1_ASM360642v1,NA,NA
GCF_014250455.1_ASM1425045v1,NA,oil
GCF_001606115.1_ASM160611v1,Homo sapiens,Nasal
GCF_001887305.1_ASM188730v1,Homo sapiens,sputum
GCF_001717565.1_ASM171756v1,Homo sapiens,Tongue dorsum
GCF_004328905.1_ASM432890v1,NA,chicken meat
GCF_014723175.1_ASM1472317v1,Homo sapiens,blood
GCF_020151015.1_ASM2015101v1,NA,NA
GCF_019857525.1_ASM1985752v1,Homo sapiens,NA
GCF_023612175.1_ASM2361217v1,Homo sapiens,NA
GCF_009937825.1_ASM993782v1,NA,Diced Radish Kimchi
GCF_000739495.1_ASM73949v1,Homo sapiens,clinical urine culture
GCF_003143915.1_ASM314391v1,NA,White Kimchi (Baek Kimchi)
GCF_017901175.1_ASM1790117v1,NA,Isolated from activated-sludge plants
GCF_013811445.1_ASM1381144v1,NA,Pooled cattle faecal samples collected from floor of farm
GCF_019141545.1_ASM1914154v1,Cancer pagurus,carapace
GCF_016406585.1_ASM1640658v1,Homo sapiens,rectal swab
GCF_003798445.1_ASM379844v1,Homo sapiens,NA
GCF_018128265.1_ASM1812826v1,Homo sapiens,human oral cavity
GCF_030384765.1_ASM3038476v1,NA,farm environment
GCF_029953235.2_ASM2995323v2,NA,kimchi
GCF_004768565.1_ASM476856v1,NA,Avian
GCF_023100665.1_ASM2310066v1,Acmispon strigosus,bulk soil
GCF_003667385.1_ASM366738v1,egret,Bird (Egret) feces BE2
GCF_011769725.1_ASM1176972v1,Homo sapiens,Rectal swab
GCF_007641255.1_ASM764125v1,NA,intestinal contents of termite Nasutitermes nigriceps
GCF_003660165.1_ASM366016v1,NA,soil
GCF_015697685.1_ASM1569768v1,NA,soil sample from dry pine forest
GCF_031890525.1_ASM3189052v1,Allium cepa,NA
GCF_964065285.1_Levilactobacillus_brevis_CIRM-BIA2444,NA,NA
GCF_001663435.1_ASM166343v1,Homo sapiens,NA
GCF_003018275.1_ASM301827v1,Homo sapiens,stool
GCF_033814935.1_ASM3381493v1,NA,Pig rectum feces
GCF_013167815.1_ASM1316781v1,NA,beef
GCF_020138695.1_ASM2013869v1,NA,Rabbit meat; FP
GCF_000196275.1_ASM19627v1,NA,NA
GCF_009789675.1_ASM978967v1,NA,forest soil
GCF_020905935.1_ASM2090593v1,Skeletonema costatum,estuarine water [ENVO:01000301]
GCF_033192675.1_ASM3319267v1,NA,soil
GCF_001513635.1_ASM151363v1,Homo sapiens,NA
GCF_037126295.1_ASM3712629v1,NA,Red algae
GCF_018884345.1_ASM1888434v1,Homo sapiens,stool
GCF_021484965.1_ASM2148496v1,Homo sapiens,bile
GCF_013378195.1_ASM1337819v1,dog,urine
GCF_001664145.1_ASM166414v1,Phaseolus vulgaris,legume-root nodule
GCF_029714265.1_ASM2971426v1,Calliandra calothyrsus,NA
GCF_014117425.1_ASM1411742v1,bat,feces
GCF_033807335.1_ASM3380733v1,NA,urine
GCF_030436185.1_ASM3043618v1,NA,NA
GCF_001019275.2_ASM101927v2,Homo sapiens,human
GCF_003325395.1_ASM332539v1,NA,kimchi (traditional fermented korean dish)
GCF_039701065.1_ASM3970106v1,NA,sputum
GCF_020911985.1_ASM2091198v1,NA,Luria Bertani broth Miller
GCF_013389435.1_ASM1338943v1,NA,potash salt dump
GCF_030062055.1_ASM3006205v1,NA,ocean water
GCF_023734335.1_ASM2373433v1,NA,starter culture
GCF_004001205.1_ASM400120v1,Apis mellifera,NA
GCF_024759505.1_ASM2475950v1,Homo sapiens,NA
GCF_000741005.1_ASM74100v1,NA,NA
GCF_000832585.1_ASM83258v1,cat,NA
GCF_002761235.1_ASM276123v1,Bos taurus coreanae (Korean native cattle),rumen fluid
GCF_027943585.1_ASM2794358v1,Homo sapiens,serum
GCF_951802865.1_ARM86,Homo sapiens,Urinary tract
GCF_009762365.1_ASM976236v1,NA,Pork
GCF_022459115.2_ASM2245911v2,Homo sapiens,NA
GCF_016404325.2_ASM1640432v2,Homo sapiens,stool
GCF_002763675.1_ASM276367v1,NA,soil
GCF_025946785.1_ASM2594678v1,NA,gut
GCF_013154915.1_ASM1315491v1,NA,chemical manufacturing sites
GCF_003268655.1_ASM326865v1,NA,environmental
GCF_018316655.1_ASM1831665v1,NA,soil
GCF_017751185.1_ASM1775118v1,Sus scrofa domesticus,feces
GCF_000786735.1_ASM78673v1,Homo sapiens,unavailable
GCF_029201525.1_ASM2920152v1,Homo sapiens,urine
GCF_022220365.1_ASM2222036v1,NA,Cecum
GCF_024182025.1_ASM2418202v1,Homo sapiens,NA
GCF_019317145.1_ASM1931714v1,Homo sapiens,Laryngeal suction
GCF_017809835.1_ASM1780983v1,Homo sapiens,urine
GCF_000978785.2_ASM97878v2,Homo sapiens,NA
GCF_003146635.1_ASM314663v1,NA,Hospital waste water
GCF_000025045.1_ASM2504v1,mung bean,sprouts
GCF_024584825.1_ASM2458482v1,Bubalus bubalis,NA
GCF_014854575.1_ASM1485457v1,Cow,NA
GCF_024917275.1_ASM2491727v1,Homo sapiens,blood
GCF_024023075.1_ASM2402307v1,Homo sapiens,NA
GCF_000971565.1_ASM97156v1,Achillea ptarmica,yarrow
GCF_026073115.1_ASM2607311v1,Homo sapiens,sputum
GCF_015999385.1_ASM1599938v1,Homo sapiens,urine
GCF_037101325.1_ASM3710132v1,Solanum melongena,NA
GCF_037477785.1_ASM3747778v1,NA,NA
GCF_014054985.1_ASM1405498v1,NA,supragingival plaque; periodontitis
GCF_000604105.1_ASM60410v1,NA,NA
GCF_000304455.1_CCh_cEper1,NA,NA
GCF_034014015.1_ASM3401401v1,Canis lupus familiaris,nasal swab
GCF_002078615.4_ASM207861v4,NA,Dairy fermentation
GCF_033571935.1_ASM3357193v1,Homo sapiens,Secretions
GCF_031036675.1_ASM3103667v1,Homo sapiens,blood
GCF_003994815.1_ASM399481v1,Bos taurus,Farm
GCF_002892025.1_ASM289202v1,NA,clam larvae aquaculture
GCF_000217715.1_ASM21771v1,NA,sediment of Lake Shangmatala
GCF_026625345.1_ASM2662534v1,NA,environmental
GCF_003019655.1_ASM301965v1,Homo sapiens,feces
GCF_040790795.1_ASM4079079v1,Human cerebrospinal fluid,NA
GCF_021922925.1_ASM2192292v1,NA,Bean seeds
GCF_002151465.1_ASM215146v1,Homo sapiens,human
GCF_009936215.1_ASM993621v1,NA,water
GCF_000331185.2_ASM33118v2,NA,NA
GCF_904865765.1_KSB2_9A,Homo sapiens,rectal swab
GCF_029392095.1_ASM2939209v1,Scaptotrigona polysticta,Rain forest
GCF_019968805.1_ASM1996880v1,NA,lake water
GCF_032248755.1_ASM3224875v1,NA,fecal water
GCF_001183805.1_ASM118380v1,Homo sapiens,NA
GCF_030370115.1_ASM3037011v1,Bos taurus,NA
GCF_033954915.1_ASM3395491v1,NA,combination probiotic preparations
GCF_002180215.1_ASM218021v1,NA,NA
GCF_038447555.1_ASM3844755v1,NA,Poultry meat
GCF_020221655.1_ASM2022165v1,NA,River sediment polluted by acid mine drainage
GCF_013798355.1_ASM1379835v1,NA,Wastewater influent sample
GCF_040616425.1_ASM4061642v1,NA,ascitic fluid
GCF_002759395.2_ASM275939v2,Phaseolus vulgaris,NA
GCF_014721815.1_ASM1472181v1,Homo sapiens,blood
GCF_023573605.1_ASM2357360v1,NA,human skin
GCF_000187005.1_ASM18700v1,NA,NA
GCF_030863845.1_ASM3086384v1,dog,urine
GCF_037931105.1_ASM3793110v1,Homo sapiens,NA
GCF_000015065.1_ASM1506v1,NA,NA
GCF_000016305.1_ASM1630v1,NA,NA
GCF_002393245.1_ASM239324v1,Environment,UCC strain
GCF_035621255.1_ASM3562125v1,activated sludge,NA
GCF_005518015.1_ASM551801v1,Homo sapiens,sputum
GCF_034334925.2_ASM3433492v2,Homo sapiens,hospital
GCF_001018655.2_ASM101865v2,Homo sapiens,human
GCF_019343495.1_ASM1934349v1,NA,chickens
GCF_022919455.1_ASM2291945v1,NA,air
GCF_001047695.1_ASM104769v1,NA,NA
GCF_030168225.1_ASM3016822v1,Homo sapiens,urine
GCF_020139275.1_ASM2013927v1,NA,Antibiotic associated diarrhea; human
GCF_024138165.1_ASM2413816v1,NA,saline soil
GCF_000750275.1_ASM75027v1,Homo sapiens,urine
GCF_000736415.1_ASM73641v1,NA,Bearded dragon
GCF_024218795.1_ASM2421879v1,NA,saline soil
GCF_003194025.1_ASM319402v1,NA,NA
GCF_028622455.1_ASM2862245v1,NA,bird (unidentified species)
GCF_905231995.2_AI2703v1_cp,Homo sapiens,Hospital Universitario Gregorio Maranon (Madrid)
GCF_002250925.2_ASM225092v2,NA,Mashed potatoes
GCF_002079285.1_ASM207928v1,NA,beef from cattle Peranakan Ongole
GCF_023066175.1_ASM2306617v1,NA,phage resistant culture
GCF_001611385.1_ASM161138v1,Homo sapiens,88-year old man presenting knee prosthesis infection
GCF_033956045.1_ASM3395604v1,NA,seawater
GCF_003586045.1_E.coli_isolate,Mus musculus C57Bl/6J,ob/ob mice
GCF_964198685.1_Zagreb015_hybrid_assembly.fa.gz,Homo sapiens,clinical material
GCF_000832605.1_ASM83260v1,NA,Soil
GCF_016726345.1_ASM1672634v1,NA,NA
GCF_015278095.1_ASM1527809v1,wild chukar,feces
GCF_027942155.1_ASM2794215v1,NA,Cookware
GCF_023809705.1_ASM2380970v1,Homo sapiens,blood
GCF_001855315.1_ASM185531v1,Homo sapiens,Hospital
GCF_900749825.1_MTUNDRAET4_v1,NA,NA
GCF_028622635.1_ASM2862263v1,Grus grus,NA
GCF_015679225.1_ASM1567922v1,Homo sapiens,pleural fluid in respiratory ICU
GCF_001922225.1_ASM192222v1,Homo sapiens,Sputum
GCF_003186415.1_ASM318641v1,Homo sapiens,wound
GCF_030988825.1_ASM3098882v1,Homo sapiens,urine
GCF_004328685.1_ASM432868v1,pig,NA
GCF_007362475.1_ASM736247v1,Rainbow trout,kidney
GCF_025402855.1_ASM2540285v1,NA,NA
GCF_022808015.1_ASM2280801v1,NA,pig related
GCF_030295175.1_ASM3029517v1,Bos taurus,feces
GCF_034643695.1_ASM3464369v1,Homo sapiens,Infected Human Urine
GCF_002386305.1_ASM238630v1,Homo sapiens,Stool
GCF_012278715.1_ASM1227871v1,cow,NA
GCF_004006175.1_ASM400617v1,NA,deep seawater
GCF_012584495.1_ASM1258449v1,swine,NA
GCF_024981335.1_ASM2498133v1,Oryza sativa,leaf[PO_0025034]
GCF_002290205.1_ASM229020v1,NA,Wet market
GCF_024532035.1_ASM2453203v1,Potato,NA
GCF_030439705.1_ASM3043970v1,NA,NA
GCF_014168915.1_ASM1416891v1,NA,wastewater
GCF_030437705.1_ASM3043770v1,NA,NA
GCF_011600945.2_ASM1160094v2,bovine,preputial wash
GCF_001455995.1_MS6671.v1,Homo sapiens,urine
GCF_028736195.1_ASM2873619v1,NA,soil
GCF_003018475.1_ASM301847v1,Homo sapiens,stool
GCF_024664175.1_ASM2466417v1,NA,NA
GCF_005862185.2_ASM586218v2,Pisum sativum l. (pea),pea root nodules
GCF_009739825.1_ASM973982v1,Homo sapiens,blood
GCF_025560845.1_ASM2556084v1,Camel,nasal swab
GCF_000834275.1_ASM83427v1,NA,NA
GCF_002776735.1_ASM277673v1,Brassica rapa subsp. pekinensis,Brassica rapa subsp. pekinensis
GCF_038446185.1_ASM3844618v1,Homo sapiens,sputum
GCF_009617995.1_ASM961799v1,NA,ENVO:01001050
GCF_001612475.1_ASM161247v1,NA,Bovine carcass
GCF_040361455.1_ASM4036145v1,NA,breast puncture fluid
GCF_003717655.1_ASM371765v1,NA,NA
GCF_022846575.1_ASM2284657v1,NA,NA
GCF_024204945.1_ASM2420494v1,Homo sapiens,blood
GCF_032595955.1_ASM3259595v1,NA,Ixodes ricinus tick
GCF_016452065.1_ASM1645206v1,NA,bovine
GCF_002945135.3_ASM294513v3,Homo sapiens,Rectal swab
GCF_016924835.1_ASM1692483v1,marmot,NA
GCF_003606225.1_ASM360622v1,chicken,NA
GCF_009036385.1_ASM903638v1,NA,river surface water
GCF_029718965.1_ASM2971896v1,NA,Pooled faeces sample collected from floor of poultry farm
GCF_008118365.1_ASM811836v1,bovine,urine
GCF_009933525.1_ASM993352v1,Gallus gallus,NA
GCF_028623085.1_ASM2862308v1,NA,water
GCF_000967405.1_ASM96740v1,NA,NA
GCF_018831485.1_ASM1883148v1,NA,Water (artesian well)
GCF_034259225.1_ASM3425922v1,NA,Ascites
GCF_013318255.2_ASM1331825v2,lilac,NA
GCF_946406225.1_SJC1046,NA,Bloodstream
GCF_013282295.1_ASM1328229v1,NA,surface water
GCF_003008595.1_ASM300859v1,NA,Dust collector of pigpen
GCF_023182835.2_ASM2318283v2,nursery pig,NA
GCF_014525805.2_ASM1452580v2,Homo sapiens,NA
GCF_002953415.1_ASM295341v1,NA,water
GCF_023658125.1_ASM2365812v1,Homo sapiens,NA
GCF_018734065.1_ASM1873406v1,Homo sapiens,urine
GCF_021390075.1_ASM2139007v1,sponge,NA
GCF_016944635.1_ASM1694463v1,NA,chicken meat
GCF_001558995.2_ASM155899v2,Bos taurus,fecal beef calf
GCF_002224545.1_ASM222454v1,wild cotton,NA
GCF_021654995.1_ASM2165499v1,Homo sapiens,human blood of bacteremia patient
GCF_001831715.2_ASM183171v2,NA,Environmental (Pond)
GCF_017570685.1_ASM1757068v1,Homo sapiens,wound
GCF_011769525.1_ASM1176952v1,NA,NA
GCF_000143885.2_ASM14388v2,NA,NA
GCF_007361795.1_ASM736179v1,NA,NA
GCF_001280405.1_ASM128040v1,Homo sapiens,patient blood
GCF_040126105.1_ASM4012610v1,Penaeus vannamei,shrimp farm
GCF_032833975.1_ASM3283397v1,Homo sapiens,blood
GCF_028750395.1_ASM2875039v1,Brassica oleracea var. capitata,Symptomatic leaf tissue
GCF_025960285.1_ASM2596028v1,Solanum lycopersicum,Tomato (Solanum lycopersicum) cultivar KnowYou301 rhizosphere
GCF_015534755.1_ASM1553475v1,NA,Chicken meat
GCF_009892305.1_ASM989230v1,Homo sapiens,Blood culture
GCF_900497475.1_ASM90049747v1,NA,NA
GCF_000775395.1_ASM77539v1,NA,perirectal swab
GCF_037099745.1_ASM3709974v1,NA,insect based food (crickets)
GCF_000318565.1_ASM31856v1,NA,NA
GCF_002024305.1_ASM202430v1,Actinidia deliciosa,NA
GCF_030316175.1_ASM3031617v1,NA,Sandstone of the Ordos Basin
GCF_005217135.2_ASM521713v2,Homo sapiens,NA
GCF_036326985.1_ASM3632698v1,NA,ND
GCF_020423185.1_ASM2042318v1,NA,Rectal swab of cattle in slaughterhouse
GCF_037285345.1_ASM3728534v1,Homo sapiens,bloodstream
GCF_033395675.1_ASM3339567v1,NA,NA
GCF_964198015.1_A06,NA,NA
GCF_000988525.3_ASM98852v3,Bos taurus,bovine pre-evisceration carcass
GCF_000364765.1_ASM36476v1,NA,NA
GCF_000801315.1_ASM80131v1,NA,soil
GCF_029854255.1_ASM2985425v1,NA,wall sediment of Poderosa mine
GCF_011801245.1_ASM1180124v1,Pepper,Stem of infected pepper plant
GCF_036596345.1_ASM3659634v1,NA,gentamicin working solution (0.05mg/mL)
GCF_030436385.1_ASM3043638v1,NA,Cheese rind
GCF_000466885.3_ASM46688v3,Homo sapiens,genital tract of a healthy woman
GCF_036630115.1_ASM3663011v1,NA,NA
GCF_013389635.1_ASM1338963v1,Homo sapiens,NA
GCF_003051885.1_ASM305188v1,NA,Woodchip bioreactor
GCF_016765655.2_ASM1676565v2,NA,crude oil contaminated deserts
GCF_036703555.1_ASM3670355v1,Homo sapiens,feces
GCF_030037135.1_ASM3003713v1,NA,wastewater efflux
GCF_027920465.1_ASM2792046v1,NA,soil
GCF_037101375.1_ASM3710137v1,Lemna minor,pond water [ENVO:00002228]
GCF_030028005.1_ASM3002800v1,Homo sapiens,hip wound
GCF_030374675.1_ASM3037467v1,Sorghum bicolor,rhizosphere and root exudates
GCF_024505665.1_ASM2450566v1,dog,NA
GCF_003855235.1_ASM385523v1,Homo sapiens,rectum
GCF_020906975.2_ASM2090697v2,Homo sapiens,skin
GCF_031785675.1_ASM3178567v1,Homo sapiens,blood
GCF_020138495.1_ASM2013849v1,NA,feces
GCF_019670485.1_ASM1967048v1,NA,sediment [ENVO_00002007]
GCF_040372445.1_WHO_R_2024,Homo sapiens,Urogenital
GCF_007753455.1_ASM775345v1,NA,iron hydroxide deposits
GCF_024329775.2_ASM2432977v2,Homo sapiens,stool sample
GCF_002290185.1_ASM229018v1,Drosophila melanogaster Oregon-R modENCODE,NA
GCF_018884145.1_ASM1888414v1,Homo sapiens,Dyalisis liquid
GCF_024396875.1_ASM2439687v1,Homo sapiens,sputum
GCF_003020745.1_ASM302074v1,Homo sapiens,blood
GCF_030533515.1_ASM3053351v1,Homo sapiens,sputum
GCF_016889165.1_ASM1688916v1,NA,NA
GCF_023657795.1_ASM2365779v1,Canis lupus familiaris,NA
GCF_009931375.1_ASM993137v1,Oryza sativa,NA
GCF_002951655.1_ASM295165v1,pig,stool
GCF_000834845.1_ASM83484v1,NA,NA
GCF_020905955.1_ASM2090595v1,Skeletonema costatum,estuarine water [ENVO:01000301]
GCF_006349715.2_ASM634971v2,coffee,root
GCF_023823935.1_ASM2382393v1,NA,soil
GCF_020641395.2_ASM2064139v2,NA,freshwater stream
GCF_018884325.1_ASM1888432v1,Homo sapiens,stool
GCF_018141485.1_ASM1814148v1,NA,rhizosphere soil
GCF_016889305.1_ASM1688930v1,NA,NA
GCF_009761715.1_ASM976171v1,Canis lupus familiaris,fecal sample
GCF_002285755.1_ASM228575v1,Homo sapiens,NA
GCF_901457705.2_RHAL1_v2,NA,forest soil; soft coal slag
GCF_008931225.1_ASM893122v1,Homo sapiens,Blood culture
GCF_030053855.1_ASM3005385v1,Homo sapiens,Ascitic fluid
GCF_013167875.1_ASM1316787v1,Homo sapiens,NA
GCF_002180195.1_ASM218019v1,NA,NA
GCF_031432775.1_ASM3143277v1,Homo sapiens,urine
GCF_023734355.1_ASM2373435v1,NA,starter culture
GCF_035323845.1_ASM3532384v1,NA,tomato
GCF_016904135.1_ASM1690413v1,NA,NA
GCF_005519135.2_ASM551913v2,Homo sapiens,cerebrospinal fluid
GCF_013826045.1_ASM1382604v1,NA,Pooled pig faecal samples collected from floor of farm
GCF_024759565.1_ASM2475956v1,Homo sapiens,NA
GCF_011742055.2_ASM1174205v2,Homo sapiens,blood
GCF_012932985.2_ASM1293298v2,Homo sapiens,blood
GCF_033807355.1_ASM3380735v1,NA,urine
GCF_900044005.1_ASM90004400v1,NA,NA
GCF_017309955.1_ASM1730995v1,NA,Water
GCF_020991145.1_ASM2099114v1,Homo sapiens,sputum
GCF_006088875.1_ASM608887v1,NA,NA
GCF_000767465.1_ASM76746v1,NA,Mud sediment
GCF_014357995.1_ASM1435799v1,Homo sapiens,sputum from cystic fibrosis patient
GCF_022405535.1_ASM2240553v1,Homo sapiens,NA
GCF_022460745.2_ASM2246074v2,Homo sapiens,NA
GCF_025035865.1_ASM2503586v1,NA,Chinese cabbage geotjeori
GCF_032375125.1_ASM3237512v1,NA,NA
GCF_017310465.1_ASM1731046v1,Homo sapiens,NA
GCF_030440655.1_ASM3044065v1,NA,frozen ready to eat food
GCF_022371215.1_ASM2237121v1,NA,seawater
GCF_008926125.1_ASM892612v1,NA,Bovine (bobby calf; fecal)
GCF_001548175.1_ASM154817v1,NA,NA
GCF_001577325.1_ASM157732v1,Homo sapiens,NA
GCF_018128205.1_ASM1812820v1,Homo sapiens,human oral cavity
GCF_000875715.1_ASM87571v1,Bos taurus,NA
GCF_008932245.1_ASM893224v1,NA,root nodule of Sesbania cannabina
GCF_030758275.1_ASM3075827v1,Homo sapiens,NA
GCF_001409195.1_C2346,Homo sapiens,Human Stool
GCF_003666425.1_ASM366642v1,Euonymus sp.,NA
GCF_001022035.1_ASM102203v1,Homo sapiens,Sputum
GCF_014723115.1_ASM1472311v1,Homo sapiens,blood
GCF_023658345.1_ASM2365834v1,Canis lupus familiaris,NA
GCF_019857545.1_ASM1985754v1,Homo sapiens,NA
GCF_034479795.1_ASM3447979v1,Canis lupus familiaris,nasal swab
GCF_019048885.1_ASM1904888v1,porcine,intestinal contents
GCF_002197505.1_ASM219750v1,NA,NA
GCF_023375485.1_ASM2337548v1,Homo sapiens,fecal sample
GCF_021957125.1_ASM2195712v1,pig,NA
GCF_003330945.1_ASM333094v1,Phoca largha,blood
GCF_040803205.1_ASM4080320v1,NA,NA
GCF_030440405.1_ASM3044040v1,NA,Seaside Soil
GCF_008124345.1_ASM812434v1,NA,mouse gut
GCF_004328495.1_ASM432849v1,Thlaspi arvense,NA
GCF_002950275.1_ASM295027v1,NA,NA
GCF_030370175.1_ASM3037017v1,Bos taurus,NA
GCF_002157125.1_ASM215712v1,NA,soil
GCF_002109345.1_ASM210934v1,Homo sapiens,NA
GCF_030863825.1_ASM3086382v1,dog,wound
GCF_001932855.1_ASM193285v1,Salmo salar,Liver
GCF_023573665.1_ASM2357366v1,Homo sapiens,NA
GCF_021432125.1_ASM2143212v1,Homo sapiens,sputum
GCF_030252405.1_ASM3025240v1,Antirrhinum majus,NA
GCF_001890385.1_ASM189038v1,NA,soil
GCF_001908435.2_ASM190843v2,Trachinotus ovatus,liver of diseased deep sea cage-cultured grouper
GCF_032248735.1_ASM3224873v1,NA,sediment soil
GCF_003855435.1_ASM385543v1,Homo sapiens,pharynx
GCF_019968865.1_ASM1996886v1,NA,lake water
GCF_031757735.1_ASM3175773v1,White radish,NA
GCF_904863145.1_INF072,Homo sapiens,sputum
GCF_007998145.1_ASM799814v1,NA,NA
GCF_029624995.1_ASM2962499v1,Homo sapiens,Rectal swab
GCF_001050915.2_ASM105091v2,NA,High motility on swim plates; streptomycin resistant
GCF_033162755.1_ASM3316275v1,Homo sapiens,urine
GCF_013373795.3_ASM1337379v3,Glycine max cv. AC Glengarry,Root nodule from soybean plant inoculated with root zone soil from Amphicarpa bracteata
GCF_001027105.1_ASM102710v1,Homo sapiens,NA
GCF_036602705.1_AB5075_UoB_gtr52_SAba13_1.0,Homo sapiens,Agar plate
GCF_028622435.1_ASM2862243v1,NA,bird (unidentified species)
GCF_020143155.2_ASM2014315v2,Macaca mulatta,feces
GCF_004103475.1_ASM410347v1,NA,food
GCF_032706145.1_ASM3270614v1,Homo sapiens,NA
GCF_001936355.1_ASM193635v1,NA,Retail chichen
GCF_022819325.1_ASM2281932v1,NA,NA
GCF_004001185.1_ASM400118v1,Homo sapiens,NA
GCF_037920055.1_ASM3792005v1,Dog,NA
GCF_964198915.1_Zagreb028_hybrid_assembly.fa.gz,Homo sapiens,clinical material
GCF_020162175.1_ASM2016217v1,Homo sapiens,Hospitalized patient
GCF_030168245.1_ASM3016824v1,Homo sapiens,blood
GCF_020139215.1_ASM2013921v1,NA,Feces; FP
GCF_001704975.1_ASM170497v1,NA,oil sands
GCF_019317125.1_ASM1931712v1,Homo sapiens,Laryngeal suction
GCF_022220305.1_ASM2222030v1,NA,Fly
GCF_019930685.1_ASM1993068v1,NA,NA
GCF_015992265.1_ASM1599226v1,Homo sapiens,Taichung Veterans General Hospital
GCF_003571745.1_ASM357174v1,NA,NA
GCF_033562355.1_ASM3356235v1,Homo sapiens,Rectal swab
GCF_001293415.1_ASM129341v1,NA,Human Clinical Sample (fatal pneumonic plague)
GCF_030908285.1_ASM3090828v1,NA,soil
GCF_012934815.1_ASM1293481v1,Homo sapiens,rectal swab from healthy college student
GCF_003018875.1_ASM301887v1,NA,Stool
GCF_025252405.1_ASM2525240v1,Takifugu obscurus,gut
GCF_024584845.1_ASM2458484v1,Homo sapiens,child
GCF_017161385.1_ASM1716138v1,Homo sapiens,blood
GCF_000981525.1_L_piscium,NA,cold-stored modified atmosphere packaged broiler filet strips with the first signs of spoilage
GCF_016772495.1_ASM1677249v1,Gallus gallus,chicken stool
GCF_002208095.1_ASM220809v1,NA,NA
GCF_001660045.1_ASM166004v1,NA,NA
GCF_001280205.1_ASM128020v1,pepper,plant stem
GCF_013318055.2_ASM1331805v2,Gaillardia,NA
GCF_021729885.1_ASM2172988v1,Amphicarpaea bracteata,root nodules
GCF_905330515.2_AI2884v1_cpp,Homo sapiens,Hospital Universitario Ramon y Cajal (Madrid)
GCF_003856455.1_ASM385645v1,Homo sapiens,skin
GCF_010726765.1_ASM1072676v1,NA,NA
GCF_032145515.1_ASM3214551v1,Plant,NA
GCF_001953675.1_ASM195367v1,Homo sapiens,stool
GCF_001465835.2_ASM146583v2,NA,Fish
GCF_026625325.1_ASM2662532v1,NA,environmental
GCF_002224345.1_ASM222434v1,NA,rhizosphere
GCF_037543915.1_ASM3754391v1,Homo sapiens,NA
GCF_038429905.1_ASM3842990v1,Homo sapiens,blood
GCF_037101345.1_ASM3710134v1,Solanum tuberosum,NA
GCF_024917215.1_ASM2491721v1,chicken,NA
GCF_019924635.1_ASM1992463v1,Artipe eryx,gut of larvae found on Gardenia jasminoides fruit
GCF_002237555.1_ASM223755v1,Skeletonema marinoi strain ST54,Top-layer sediments
GCF_014854775.1_ASM1485477v1,pear,NA
GCF_033100235.1_ASM3310023v1,healthy pig,NA
GCF_029636745.1_ASM2963674v1,Raphanus sativus L seed,NA
GCF_030505595.1_ASM3050559v1,Homo sapiens,NA
GCF_001886535.1_ASM188653v1,Homo sapiens,Clinical
GCF_022846515.1_ASM2284651v1,NA,citrus fruit food product
GCF_024204925.1_ASM2420492v1,Homo sapiens,blood
GCF_023206595.1_ASM2320659v1,NA,NA
GCF_002983645.1_ASM298364v1,Homo sapiens,Stool
GCF_024664115.1_ASM2466411v1,NA,NA
GCF_037953405.1_ASM3795340v1,Homo sapiens,urine
GCF_003352105.1_ASM335210v1,NA,North Sea (surface water)
GCF_025560825.1_ASM2556082v1,Camel,nasal swab
GCF_028220965.1_ASM2822096v1,Homo sapiens,sputum
GCF_008121475.1_ASM812147v1,Homo sapiens,urine
GCF_025946585.1_ASM2594658v1,Homo sapiens,urine
GCF_036867125.2_BSN31_closure,Homo sapiens,blood
GCF_001705545.1_ASM170554v1,NA,strawberry leaf tissue
GCF_034259245.1_ASM3425924v1,NA,soil
GCF_000022225.1_ASM2222v1,NA,NA
GCF_000576555.1_ASM57655v1,NA,NA
GCF_024583095.1_ASM2458309v1,Pig,NA
GCF_023374205.1_ASM2337420v1,Homo sapiens,respiratory
GCF_032821795.1_ASM3282179v1,NA,lake
GCF_002850255.1_ASM285025v1,NA,sea water
GCF_009759825.1_ASM975982v1,NA,human feces (woman; 60 years old)
GCF_003031285.1_ASM303128v1,Homo sapiens,NA
GCF_002764115.1_ASM276411v1,Oxytropis triphylla,root nodule
GCF_019317345.1_ASM1931734v1,NA,activated sludge
GCF_016452005.1_ASM1645200v1,NA,swine
GCF_039693335.1_ASM3969333v1,Musa sp.,NA
GCF_000442435.1_ASM44243v1,Mimosa affinis,NA
GCF_002600635.1_ASM260063v1,Agave americana L.,rhizosphere
GCF_003096055.1_ASM309605v1,Melanaphis sacchari,adult insect on Sorghum bicolor
GCF_025402835.1_ASM2540283v1,Plant,cabbage
GCF_020886495.2_ASM2088649v2,Homo sapiens,NA
GCF_020043425.2_ASM2004342v2,NA,Infected peach leaf
GCF_030168025.1_ASM3016802v1,Caprinae (caprine),animal
GCF_000009265.1_ASM926v1,NA,NA
GCF_003935895.2_ASM393589v2,Homo sapiens,wound
GCF_013423905.1_ASM1342390v1,NA,maize rhizosphere soil
GCF_001278095.1_ASM127809v1,NA,Latex
GCF_000012205.1_ASM1220v1,NA,NA
GCF_028622655.1_ASM2862265v1,Sturnus vulgaris,NA
GCF_016726325.1_ASM1672632v1,NA,NA
GCF_027942135.1_ASM2794213v1,NA,Preserved foods
GCF_024496185.1_ASM2449618v1,Homo sapiens,sputum
GCF_001854325.1_ASM185432v1,NA,Lake Kulim; Kedah; Malaysia
GCF_024532055.1_ASM2453205v1,EW,Poyang Lake
GCF_007723825.1_ASM772382v1,Soybean (Glycine max (L.) Merrill),NA
GCF_014168975.1_ASM1416897v1,NA,wastewater
GCF_013458335.1_ASM1345833v1,Chaeturichthys stigmatias,NA
GCF_010748935.1_ASM1074893v1,Homo sapiens,blood
GCF_040736715.1_Sc1365753,Homo sapiens,cerebrospinal fluid
GCF_030995245.1_ASM3099524v1,cat,urine
GCF_027595935.1_ASM2759593v1,Homo sapiens,urine; clean catch
GCF_008931425.1_ASM893142v1,NA,Ensuite 7/8
GCF_017094465.1_ASM1709446v1,NA,Elton hypersaline lake
GCF_025641865.1_ASM2564186v1,Homo sapiens,urethal swab
GCF_028226565.1_ASM2822656v1,Homo sapiens,sputum
GCF_029916945.1_ASM2991694v1,Homo sapiens,tracheal aspirate
GCF_030515215.1_ASM3051521v1,Homo sapiens,CSF
GCF_037651865.1_ASM3765186v1,Chicken,NA
GCF_009913175.1_ASM991317v1,Homo sapiens,NA
GCF_002000845.1_ASM200084v1,Homo sapiens,Perineum
GCF_020091445.1_ASM2009144v1,Homo sapiens,Biopsy
GCF_000583795.1_ASM58379v1,bovine,NA
GCF_017298935.1_ASM1729893v1,NA,Clone isolated from the evolution experiment described in Ketola et al. 2013 (doi: 10.1111/evo.12148)
GCF_018228345.1_ASM1822834v1,NA,soil
GCF_016415105.1_ASM1641510v1,Homo sapiens,rectal swab
GCF_009914395.1_ASM991439v1,cow,cow feces
GCF_034376465.1_ASM3437646v1,NA,hydrothermal vent plume
GCF_000522545.2_ASM52254v2,NA,soil
GCF_028221105.1_ASM2822110v1,Homo sapiens,sputum
GCF_033024595.1_ASM3302459v1,kiwifruit,NA
GCF_007990655.1_ASM799065v1,Homo sapiens,bloody diarrhea
GCF_024918815.1_ASM2491881v1,Homo sapiens,blood
GCF_001999885.1_ASM199988v1,Homo sapiens,Sputum
GCF_020783355.1_ASM2078335v1,NA,soil
GCF_015137255.1_ASM1513725v1,NA,sewage
GCF_009709415.1_ASM970941v1,Salmo salar,NA
GCF_025562875.3_ASM2556287v3,NA,Dairy
GCF_031326285.1_ASM3132628v1,Homo sapiens,blood
GCF_015697805.1_ASM1569780v1,Homo sapiens,stool
GCF_003004215.1_ASM300421v1,Homo sapiens,NA
GCF_021397645.1_ASM2139764v1,Homo sapiens,stool
GCF_001901185.1_ASM190118v1,mouse,feces
GCF_024585245.1_ASM2458524v1,Homo sapiens,feces
GCF_000218585.1_ASM21858v1,NA,NA
GCF_002813875.1_ASM281387v1,NA,activated sludge
GCF_014883955.1_ASM1488395v1,Homo sapiens,Percutaneous abscess drainage
GCF_003691545.1_ASM369154v1,Penaeus vannamei,shrimp
GCF_900639405.1_E4457_hybrid_assembly,NA,NA
GCF_002849895.1_ASM284989v1,NA,marinated fish product
GCF_030533995.1_ASM3053399v1,Homo sapiens,purulent fluid
GCF_026810085.1_ASM2681008v1,NA,soil
GCF_017498585.1_ASM1749858v1,porcine,feces
GCF_904863435.1_KSB1_1B,Homo sapiens,Rectal swab
GCF_036233415.1_ASM3623341v1,Homo sapiens,Cystic fibrosis human lung
GCF_024223415.1_ASM2422341v1,Gallus gallus domesticus,pooled poultry feces
GCF_029625395.1_ASM2962539v1,Pig,NA
GCF_005843965.1_ASM584396v1,Homo sapiens,NA
GCF_029536635.1_ASM2953663v1,Homo sapiens,feces
GCF_014541045.1_ASM1454104v1,Homo sapiens,NA
GCF_028753295.1_ASM2875329v1,Homo sapiens,NA
GCF_026967695.1_ASM2696769v1,Homo sapiens,other
GCF_009791495.1_ASM979149v1,Homo sapiens,NA
GCF_029224125.1_ASM2922412v1,bovine,NA
GCF_003721435.2_ASM372143v2,NA,solar salt
GCF_021559735.1_ASM2155973v1,NA,NA
GCF_000961475.1_ASM96147v1,citrus spp.,citrus infected tissue
GCF_005221745.1_ASM522174v1,NA,cattle
GCF_031432995.1_ASM3143299v1,NA,Oceanic seawater
GCF_002888685.1_ASM288868v1,NA,biofilm boat
GCF_013365515.1_ASM1336551v1,NA,NA
GCF_013167695.1_ASM1316769v1,NA,NA
GCF_018866265.1_ASM1886626v1,NA,the fermented dough in Dali
GCF_029167665.1_ASM2916766v1,NA,EQA test strain
GCF_016025415.2_ASM1602541v2,Homo sapiens,stool
GCF_003590695.1_ASM359069v1,Bos taurus,bovine lymph node
GCF_031676375.1_ASM3167637v1,NA,sputum
GCF_022537925.1_ASM2253792v1,Bolboschoenus planiculmis,estuarine plant
GCF_024349805.1_ASM2434980v1,NA,NA
GCF_014123345.1_ASM1412334v1,NA,NA
GCF_015476295.1_ASM1547629v1,Homo sapiens,rectal swab
GCF_018292205.1_ASM1829220v1,Homo sapiens,feces
GCF_018517085.1_ASM1851708v1,Homo sapiens,urine
GCF_002752675.1_ASM275267v1,NA,Tianshan glacier
GCF_014169115.1_ASM1416911v1,NA,wastewater
GCF_013402835.1_ASM1340283v1,Homo sapiens,feces
GCF_039640485.1_YP_107,Marmota baibacina,NA
GCF_002215155.1_ASM221515v1,Odocoileus virginianus,feces
GCF_016028435.1_ASM1602843v1,NA,NA
GCF_037113525.1_AgR_BfibD1_NP,Bovinae,Bovine rumen
GCF_035928105.1_ASM3592810v1,Homo sapiens,urine
GCF_014169375.1_ASM1416937v1,NA,wastewater
GCF_023973045.1_ASM2397304v1,NA,dairy starter culture
GCF_002012265.1_ASM201226v1,Homo sapiens,NA
GCF_035666335.1_ASM3566633v1,NA,deep-sea sediment
GCF_001806345.1_ASM180634v1,Homo sapiens,Bronchial
GCF_011067065.1_ASM1106706v1,Homo sapiens,urine
GCF_036866155.1_ASM3686615v1,Triticum aestivum 'Kvium',Flag leaf of wheat
GCF_009363575.1_ASM936357v1,NA,Surface of a polyethylene microplastic particle present in tank 6 of a marine aquarium containing stony-coral fragments and water maintained at 26 degree C
GCF_018988385.1_ASM1898838v1,Bovine,NA
GCF_017948245.1_ASM1794824v1,lentil,NA
GCF_018739305.1_ASM1873930v1,NA,soil
GCF_004322655.1_ASM432265v1,Pelodiscus sinensis,NA
GCF_021378605.1_ASM2137860v1,Homo sapiens,feaces
GCF_034424475.1_ASM3442447v1,NA,NA
GCF_032707925.1_ASM3270792v1,Homo sapiens,NA
GCF_011752495.1_ASM1175249v1,Homo sapiens,NA
GCF_009734405.1_ASM973440v1,NA,soil from a small paddock
GCF_025558645.1_ASM2555864v1,Camel,Ear swab
GCF_022693225.1_ASM2269322v1,Homo sapiens,urine
GCF_017088465.1_ASM1708846v1,Homo sapiens,feces
GCF_026167805.1_ASM2616780v1,NA,NA
GCF_024137965.1_ASM2413796v1,NA,ENVO:00010483
GCF_034016595.1_ASM3401659v1,Canis lupus familiaris,nasal swab
GCF_002149085.1_ASM214908v1,Syngnathus typhle,Kiel Fjord
GCF_000184205.1_ASM18420v1,NA,NA
GCF_003006055.1_ASM300605v1,sheep,brain tissue
GCF_003073495.1_ASM307349v1,NA,pistachio
GCF_034081005.1_ASM3408100v1,chicken,throat swab
GCF_022815905.2_ASM2281590v2,Homo sapiens,swab of ear
GCF_004124055.2_ASM412405v2,NA,food
GCF_023657975.1_ASM2365797v1,Canis lupus familiaris,NA
GCF_004295545.1_HP_PMSS1_01,NA,NA
GCF_033688185.1_ASM3368818v1,NA,hospital
GCF_000756205.1_ASM75620v1,Homo sapiens,Clinical
GCF_004087735.1_ASM408773v1,NA,NA
GCF_026248845.1_ASM2624884v1,Homo sapiens,urine
GCF_027627765.1_ASM2762776v1,NA,Bacillus thuringiensis ssp. tenebrionis (Btt)
GCF_001455105.1_ASM145510v1,Homo sapiens,subgingival dental plaque
GCF_003112395.2_ASM311239v2,Ictalurus punctatus,NA
GCF_035320945.1_ASM3532094v1,Homo sapiens,Plaque
GCF_022810745.1_ASM2281074v1,NA,yogurt
GCF_000751035.1_PM221,NA,NA
GCF_002202255.1_ASM220225v1,NA,NA
GCF_028743775.1_ASM2874377v1,Homo sapiens,NA
GCF_016834475.1_ASM1683447v1,Dog,skin
GCF_016925255.1_ASM1692525v1,Homo sapiens,blood
GCF_011129215.1_ASM1112921v1,Homo sapiens,blood
GCF_003966445.1_ASM396644v1,Bos taurus,feces
GCF_904865805.1_INF144,Homo sapiens,blood
GCF_012980785.1_ASM1298078v1,Apple tree,NA
GCF_028223855.1_ASM2822385v1,Homo sapiens,sputum
GCF_024585025.1_ASM2458502v1,Homo sapiens,adult female
GCF_009756455.1_ASM975645v1,Homo sapiens,stool
GCF_013177375.1_ASM1317737v1,NA,food
GCF_022354645.1_ASM2235464v1,NA,Shek Wu Hui WWTPs_107 WWTPs influent
GCF_900699015.1_ErCipiceae_v1.0,Cinara piceae,host's whole body
GCF_900087875.2_WHOL,NA,NA
GCF_028358575.1_ASM2835857v1,Salmon,NA
GCF_030585185.1_ASM3058518v1,Glycine max,root nodule
GCF_015500055.1_ASM1550005v1,NA,nutrient broth
GCF_024205325.1_ASM2420532v1,Homo sapiens,sputum
GCF_037747845.1_ASM3774784v1,NA,NA
GCF_027595585.1_ASM2759558v1,Homo sapiens,urine; straight cath
GCF_023515885.1_ASM2351588v1,NA,hazelnut
GCF_022921835.1_ASM2292183v1,Homo sapiens,gastric biopsy
GCF_003586025.1_ASM358602v1,Canis lupus familiaris,Bite Wound
GCF_004771235.1_ASM477123v1,bovine,Rectal swab from healthy swiss fattening veal calves
GCF_001316565.3_ASM131656v3,Homo sapiens,NA
GCF_016415365.1_ASM1641536v1,Homo sapiens,rectal swab
GCF_037897555.1_ASM3789755v1,Homo sapiens,Oral cavity
GCF_031786515.1_ASM3178651v1,Homo sapiens,urine
GCF_009912355.1_ASM991235v1,Homo sapiens,NA
GCF_009730115.1_ASM973011v1,Homo sapiens,clinical isolate
GCF_021397675.1_ASM2139767v1,Homo sapiens,stool
GCF_005145025.1_ASM514502v1,NA,freshwater
GCF_014931335.1_ASM1493133v1,Homo sapiens,bronchoalveolar lavage
GCF_032936355.1_ASM3293635v1,NA,soil from Antarctica
GCF_020149525.1_ASM2014952v1,NA,Meju; fermented soybean brick
GCF_026626225.1_ASM2662622v1,NA,chicken
GCF_013168015.1_ASM1316801v1,Homo sapiens,NA
GCF_002888715.1_ASM288871v1,NA,cleaning system aquaculture
GCF_022832775.1_ASM2283277v1,NA,NA
GCF_000689355.1_PRJEB5999_assembly_1,NA,NA
GCF_016774415.1_ASM1677441v1,NA,conjugation assay
GCF_022923155.1_ASM2292315v1,Homo sapiens,gastric biopsy
GCF_026639315.1_ASM2663931v1,Non-human,NA
GCF_027627535.1_ASM2762753v1,Homo sapiens,Crushed Rocky Mountain wood ticks
GCF_000783755.2_ASM78375v2,Homo sapiens,Lung Tissue grind
GCF_024054255.2_ASM2405425v2,Homo sapiens,tongue coating
GCF_017577085.1_ASM1757708v1,NA,soil
GCF_024442215.1_ASM2444221v1,NA,seawater
GCF_013343075.1_ASM1334307v1,NA,NA
GCF_030503775.1_ASM3050377v1,patient,sputum
GCF_022376675.1_ASM2237667v1,Homo sapiens,stool
GCF_036237315.1_ASM3623731v1,NA,NA
GCF_021535005.1_ASM2153500v1,NA,pig
GCF_003999235.1_ASM399923v1,fulmars,cloacal swab of non-flying juvenile fulmar
GCF_034130585.1_ASM3413058v1,Homo sapiens,ascites
GCF_019703915.1_ASM1970391v1,Homo sapiens,NA
GCF_015356055.1_ASM1535605v1,Homo sapiens,NA
GCF_014168795.1_ASM1416879v1,NA,wastewater
GCF_002813065.1_ASM281306v1,Homo sapiens,blood
GCF_039777965.1_ASM3977796v1,NA,NA
GCF_022982615.1_ASM2298261v1,Homo,sputum
GCF_001692615.1_ASM169261v1,NA,Chicken feces
GCF_037249905.1_ASM3724990v1,Homo sapiens,bone marrow
GCF_034632515.1_ASM3463251v1,Medicago lupulina,NA
GCF_016865275.1_ASM1686527v1,NA,hot spring water
GCF_013201935.1_ASM1320193v1,NA,Sewage
GCF_002787315.1_ASM278731v1,NA,NA
GCF_022494275.1_ASM2249427v1,NA,Stanley WWTPs_11 WWTPs influent
GCF_030584565.1_ASM3058456v1,Glycine max,root nodule
GCF_037832775.1_ASM3783277v1,Homo sapiens,NA
GCF_003065425.1_ASM306542v1,Tibetan antelope,feces
GCF_030296275.1_ASM3029627v1,Sus scrofa,feces
GCF_016743075.1_ASM1674307v1,Musa balbisiana cultivar Kepok,isolated from infected banana fruit with green skin; the plantation is near the house
GCF_019969255.1_ASM1996925v1,NA,chicken
GCF_009709215.1_ASM970921v1,Oncorhynchus kisutch,NA
GCF_005222125.1_ASM522212v1,Apis mellifera,diseased honeybee
GCF_014394705.1_ASM1439470v1,duck,intestine
GCF_008274885.1_ASM827488v1,NA,soil
GCF_002210065.1_ASM221006v1,Homo sapiens,sputum
GCF_038380565.1_ASM3838056v1,Homo sapiens,blood
GCF_016903555.1_ASM1690355v1,NA,NA
GCF_008693825.1_ASM869382v1,Homo sapiens,clinical isolate
GCF_024347835.1_ASM2434783v1,NA,NA
GCF_017357565.1_ASM1735756v1,crow,cloacal swab
GCF_000967385.1_ASM96738v1,NA,NA
GCF_006385735.2_ASM638573v2,NA,wastewater
GCF_905329555.2_AI2744v1_cpp,Homo sapiens,Hospital Universitario Marques de Valdecilla (Santander)
GCF_946404965.1_SJC1062,NA,Bloodstream
GCF_900654235.1_alt76,NA,seawater
GCF_001587135.1_ASM158713v1,plantain,NA
GCF_002849715.1_ASM284971v1,NA,soil
GCF_030169875.1_ASM3016987v1,NA,In-house environment
GCF_000010965.1_ASM1096v1,NA,NA
GCF_034424625.1_ASM3442462v1,NA,NA
GCF_906464875.1_BX8117,Homo sapiens,Urine
GCF_012934495.1_ASM1293449v1,Homo sapiens,rectal swab from healthy college student
GCF_029633825.1_ASM2963382v1,sheep,milk
GCF_020623585.1_ASM2062358v1,NA,water
GCF_039703785.1_ASM3970378v1,Marmot,NA
GCF_032354275.1_ASM3235427v1,Homo sapiens,NA
GCF_009912555.1_ASM991255v1,Homo sapiens,NA
GCF_000968515.1_ASM96851v1,Homo sapiens,urine
GCF_030996345.1_ASM3099634v1,NA,Hot spring sample
GCF_000953135.1_LFA,NA,NA
GCF_019930865.1_ASM1993086v1,NA,NA
GCF_030534175.1_ASM3053417v1,Homo sapiens,purulent fluid
GCF_037269235.1_ASM3726923v1,Homo sapiens,bloodstream
GCF_003627255.1_ASM362725v1,Homo sapiens,healthy infant fecal samples
GCF_017357705.1_ASM1735770v1,Crow,cloacal swab
GCF_030845395.1_ASM3084539v1,Homo sapiens,respiratory
GCF_025311515.1_ASM2531151v1,Gallus gallus,feces
GCF_003427415.1_ASM342741v1,Homo sapiens,abscess
GCF_024362285.1_ASM2436228v1,NA,poultry farm
GCF_005280355.1_ASM528035v1,Homo sapiens,blood
GCF_016903735.1_ASM1690373v1,Homo sapiens,NA
GCF_020844125.1_ASM2084412v1,NA,NA
GCF_039791395.1_ASM3979139v1,Mus musculus,Intestinal contents
GCF_904831845.1_L6_E562_ETEC,NA,NA
GCF_022701115.1_ASM2270111v1,Hordeum vulgare,crop plants
GCF_016128315.1_ASM1612831v1,duck,NA
GCF_036866165.1_ASM3686616v1,Triticum aestivum 'Kvium',Flag leaf of wheat
GCF_007954765.1_ASM795476v1,NA,kimchi
GCF_028621755.1_ASM2862175v1,NA,feces
GCF_004126495.1_ASM412649v1,Ovis aries (domestic sheep),NA
GCF_026873365.1_ASM2687336v1,Homo sapiens,feces
GCF_020628665.1_ASM2062866v1,Hymeniacidon perlevis,marine sponge
GCF_001488575.1_Halobacterium_hubeiense_JI20-1,NA,NA
GCF_033170505.1_ASM3317050v1,Homo sapiens,sputum
GCF_030505915.1_ASM3050591v1,NA,chicken breast
GCF_022494015.1_ASM2249401v1,NA,Stanley WWTPs_4 WWTPs effluent
GCF_037477905.1_ASM3747790v1,Rhizopus microsporus,forest soil
GCF_023735955.1_ASM2373595v1,Homo sapiens,NA
GCF_033060595.1_ASM3306059v1,NA,rumen fermentation
GCF_001362135.2_11909_3,NA,Not known
GCF_003074075.1_ASM307407v1,NA,NA
GCF_024662195.1_ASM2466219v1,wild tick,Wild tick nymph
GCF_036923295.1_ASM3692329v1,Glycine max,NA
GCF_001581875.1_ASM158187v1,Phyllophaga sp.,larvae
GCF_023573885.1_ASM2357388v1,Homo sapiens,NA
GCF_036240075.1_ASM3624007v1,NA,NA
GCF_030013185.1_ASM3001318v1,Sus scrofa,feces
GCF_040790915.1_ASM4079091v1,Wild bird,Fecal matter
GCF_013343215.1_ASM1334321v1,pig,feces
GCF_029011495.1_ASM2901149v1,Homo sapiens,vagina
GCF_000525655.1_ASM52565v1,NA,NA
GCF_018326605.1_ASM1832660v1,NA,NA
GCF_010365565.1_ASM1036556v1,NA,environment
GCF_019968685.1_ASM1996868v1,NA,river water
GCF_002949735.1_ASM294973v1,NA,Peltigera membranacea thallus
GCF_036452075.1_ASM3645207v1,Homo sapiens,blood
GCF_025853815.1_ASM2585381v1,Spermacoce stricta,rhizosphere
GCF_000184185.1_ASM18418v1,NA,NA
GCF_009495675.1_ASM949567v1,NA,NA
GCF_009363375.1_ASM936337v1,NA,Surface of a polyethylene microplastic particle present in tank 6 of a marine aquarium containing stony-coral fragments and water maintained at 26 degree C
GCF_002277915.1_ASM227791v1,Bos primigenius taurus,spleen
GCF_037057455.1_ASM3705745v1,Vulpes vulpes,intestine
GCF_036287705.1_ASM3628770v1,Homo sapiens,rectal swab
GCF_015040615.1_ASM1504061v1,NA,soil
GCF_033335955.1_ASM3333595v1,Selaginella tamariscina,mountain
GCF_000011625.1_ASM1162v1,NA,NA
GCF_028752675.1_ASM2875267v1,chicken,Tissue
GCF_004324015.2_ASM432401v2,NA,feces
GCF_013155125.1_ASM1315512v1,NA,Broussonetia papyrifera
GCF_003812485.1_ASM381248v1,Homo sapiens,cerebrospinal fluid
GCF_012935045.1_ASM1293504v1,Homo sapiens,Pus
GCF_030007135.1_ASM3000713v1,Homo sapiens,Human gut
GCF_026626045.1_ASM2662604v1,NA,chicken
GCF_001750845.1_ASM175084v1,Homo sapiens,Human Stool
GCF_033130065.1_ASM3313006v1,Homo sapiens,feces
GCF_003038135.2_ASM303813v2,Homo sapiens,NA
GCF_002117375.1_ASM211737v1,NA,wheat beer
GCF_003627855.1_ASM362785v1,Homo sapiens,urine
GCF_017909395.1_ASM1790939v1,NA,Potato flake
GCF_021559755.1_ASM2155975v1,Vitis vinifera,NA
GCF_022809875.1_ASM2280987v1,NA,gut of black soldier fly larvae
GCF_037094625.1_ASM3709462v1,Homo sapiens,Colon
GCF_001900835.1_ASM190083v1,NA,river water
GCF_038096115.1_ASM3809611v1,Cat,urine
GCF_002215345.1_ASM221534v1,Homo sapiens,NA
GCF_029536655.1_ASM2953665v1,Homo sapiens,feces
GCF_021484785.1_ASM2148478v1,pig,lung
GCF_025913855.1_ASM2591385v1,NA,meat
GCF_008807175.1_ASM880717v1,Homo sapiens,blood
GCF_028551175.1_ASM2855117v1,pig,feces
GCF_040498885.1_ASM4049888v1,swine,Nasal mucosal swab
GCF_014169175.1_ASM1416917v1,NA,wastewater
GCF_007833435.1_ASM783343v1,NA,soil
GCF_021869665.1_ASM2186966v1,NA,urine
GCF_016607565.1_ASM1660756v1,NA,a feces sample of chicken origin
GCF_013402855.1_ASM1340285v1,Homo sapiens,urinary tract
GCF_001511835.1_XM-1,NA,NA
GCF_020628455.1_ASM2062845v1,Halichondria panicea,marine sponge
GCF_008727155.1_ASM872715v1,NA,NA
GCF_015284665.1_ASM1528466v1,NA,Human fecal samples
GCF_900638825.1_E4438_hybrid_assembly,NA,NA
GCF_009755625.1_ASM975562v1,NA,cucumber rhizosphere
GCF_036866355.1_ASM3686635v1,Triticum aestivum 'Sheriff',Flag leaf of wheat
GCF_900639385.1_E7040_hybrid_assembly,NA,NA
GCF_001642655.1_ASM164265v1,NA,NA
GCF_024918875.1_ASM2491887v1,Homo sapiens,blood
GCF_019329325.1_ASM1932932v1,Homo sapiens,NA
GCF_003073895.1_ASM307389v1,NA,NA
GCF_016864495.1_ASM1686449v1,NA,NA
GCF_000513395.1_EA_LA636,NA,NA
GCF_905330545.2_AI2890v1_cpp,Homo sapiens,Hospital Universitario Ramon y Cajal (Madrid)
GCF_000742835.1_ASM74283v1,Acanthamoeba,NA
GCF_025854095.1_ASM2585409v1,Homo sapiens,skin
GCF_030585385.1_ASM3058538v1,Homo sapiens,Skin/Wound
GCF_008329925.1_ASM832992v1,NA,NA
GCF_000317475.1_ASM31747v1,NA,soil in orchid house
GCF_001484565.1_ASM148456v1,NA,soil
GCF_001679685.1_ASM167968v1,Homo sapiens,sputum
GCF_000266945.1_ASM26694v1,NA,sewage sludge
GCF_022467375.2_ASM2246737v2,Homo sapiens,NA
GCF_020091425.1_ASM2009142v1,Homo sapiens,Left Flank
GCF_001870265.1_ASM187026v1,Homo sapiens,tracheal aspirate
GCF_900520395.1_ASM90052039v1,NA,NA
GCF_017298955.1_ASM1729895v1,NA,Clone isolated from the evolution experiment described in Ketola et al. 2013 (doi: 10.1111/evo.12148)
GCF_021899575.1_ASM2189957v1,Homo sapiens,NA
GCF_000175255.2_ASM17525v2,NA,fermenting agave juice
GCF_004919365.1_ASM491936v1,Homo sapiens,NA
GCF_001267885.1_ASM126788v1,NA,soil
GCF_022024055.1_ASM2202405v1,Ovis aries,NA
GCF_033686385.1_ASM3368638v1,NA,hospital
GCF_022605305.1_ASM2260530v1,Homo sapiens,sputum
GCF_014883935.1_ASM1488393v1,NA,rhizosphere taken during the low tide period
GCF_013751895.1_ASM1375189v1,NA,Freshwater sample from upstream of wastewater treatment plant
GCF_004135105.1_ASM413510v1,Neophocaena asiaeorientalis,NA
GCF_034479915.1_ASM3447991v1,Homo sapiens,rectal swab
GCF_030419085.1_ASM3041908v1,Bos taurus,feces
GCF_009431955.1_ASM943195v1,NA,cattle
GCF_964198725.1_Zagreb026_hybrid_assembly.fa.gz,Homo sapiens,clinical material
GCF_019286375.1_ASM1928637v1,Homo sapiens,urine
GCF_008726365.3_ASM872636v3,Homo sapiens,NA
GCF_000826835.2_ASM82683v2,NA,water
GCF_003595425.1_ASM359542v1,Homo sapiens,Urine
GCF_021397625.1_ASM2139762v1,Homo sapiens,stool
GCF_002863785.1_ASM286378v1,NA,creek water
GCF_036786095.1_ASM3678609v1,NA,Hospital waste water
GCF_024585225.1_ASM2458522v1,Homo sapiens,feces
GCF_000233595.1_ASM23359v1,NA,NA
GCF_007990445.1_ASM799044v1,Homo sapiens,bronchial lavage fluid
GCF_001579965.1_ASM157996v1,Homo sapiens,NA
GCF_016925235.1_ASM1692523v1,Homo sapiens,blood
GCF_022869625.1_ASM2286962v1,NA,NA
GCF_024972115.1_ASM2497211v1,Homo sapiens,stool
GCF_003432145.1_ASM343214v1,Homo sapiens,rectal swab
GCF_031326085.1_ASM3132608v1,Vaccinium sp.,crown gall
GCF_025398755.1_ASM2539875v1,Homo sapiens,urine
GCF_008065015.2_ASM806501v2,Homo sapines,human urine
GCF_001901405.1_ASM190140v1,NA,forest soil
GCF_025677665.1_ASM2567766v1,NA,food
GCF_009709195.1_ASM970919v1,Oncorhynchus kisutch,NA
GCF_001651945.2_ASM165194v2,Bos taurus,water
GCF_015289985.1_ASM1528998v1,NA,Human fecal samples
GCF_022810725.1_ASM2281072v1,Tribolium castaneum,NA
GCF_005886075.1_ASM588607v1,Homo sapiens,biological product [ENVO:02000043]
GCF_024363465.1_ASM2436346v1,NA,Brain-Heart-Infusion
GCF_020091645.1_ASM2009164v1,NA,meat
GCF_032598865.1_ASM3259886v1,NA,Wastewater treatment plant
GCF_024800685.1_ASM2480068v1,NA,vegetable fermented food
GCF_022921855.1_ASM2292185v1,Homo sapiens,gastric biopsy
GCF_000237305.1_ASM23730v1,NA,NA
GCF_003017615.1_ASM301761v1,Homo sapiens,stool
GCF_000504125.1_ASM50412v1,NA,NA
GCF_021899715.1_ASM2189971v1,Homo sapiens,NA
GCF_022354625.1_ASM2235462v1,NA,Shek Wu Hui WWTPs_108 WWTPs influent
GCF_023277445.1_ASM2327744v1,NA,kelp frond
GCF_002902985.1_ASM290298v1,NA,NA
GCF_014489495.1_ASM1448949v1,NA,sediment of a eutrophic reservoir
GCF_003367415.1_ASM336741v1,Homo sapiens,Madura foot
GCF_910593725.1_Mv_alt_compl,NA,NA
GCF_024759985.1_ASM2475998v1,Homo sapiens,NA
GCF_030012765.1_ASM3001276v1,Sus scrofa,feces
GCF_014720075.1_ASM1472007v1,Homo sapiens,blood
GCF_018739365.1_ASM1873936v1,NA,soil
GCF_036866135.1_ASM3686613v1,Triticum aestivum 'Kvium',Flag leaf of wheat
GCF_023546785.1_ASM2354678v1,NA,soil
GCF_964034995.1_MM232,NA,NA
GCF_037024235.1_ASM3702423v1,Homo sapiens,NA
GCF_024663775.1_ASM2466377v1,NA,NA
GCF_003017805.1_ASM301780v1,Homo sapiens,NA
GCF_003718435.1_ASM371843v1,NA,NA
GCF_014123145.1_ASM1412314v1,Homo sapiens,Urine sample
GCF_020034635.1_ASM2003463v1,NA,Environmental waters
GCF_035666355.1_ASM3566635v1,NA,chicken
GCF_005406185.3_ASM540618v3,NA,Storage tank
GCF_030035485.1_ASM3003548v1,Homo sapiens,sputum
GCF_019431165.1_ASM1943116v1,NA,Chicken fecal
GCF_024734835.1_ASM2473483v1,Homo sapiens,bile duct discharge
GCF_036233615.1_ASM3623361v1,Homo sapiens,Cystic fibrosis human lung
GCF_008364455.2_ASM836445v2,NA,Oregano
GCF_029625195.1_ASM2962519v1,bovine,NA
GCF_023657915.1_ASM2365791v1,Canis lupus familiaris,NA
GCF_015024285.2_ASM1502428v2,NA,marine environment
GCF_036549135.1_ASM3654913v1,NA,Hospital separates human sputum
GCF_001635955.1_ASM163595v1,NA,soil
GCF_028551315.1_ASM2855131v1,Paralichthys olivaceus,Diseased fish
GCF_017086405.1_ASM1708640v1,Homo sapiens,skin biopsy
GCF_031236015.1_ASM3123601v1,poultry,spleen
GCF_033449225.1_ASM3344922v1,NA,NA
GCF_017088405.1_ASM1708840v1,Homo sapiens,feces
GCF_022693245.1_ASM2269324v1,Homo sapiens,urine
GCF_002741275.1_ASM274127v1,NA,NA
GCF_001692595.1_ASM169259v1,NA,Chicken feces
GCF_013167495.1_ASM1316749v1,Deer,NA
GCF_017639875.1_ASM1763987v1,Homo sapiens,Respiratory specimen
GCF_014217705.1_ASM1421770v1,NA,Taihu New City Sewage Treatment Plant
GCF_003288235.1_ASM328823v1,NA,kimchi
GCF_021729465.1_ASM2172946v1,Duck,stool
GCF_030296215.1_ASM3029621v1,Musca domestica,whole body
GCF_001277175.1_ASM127717v1,NA,freshwater
GCF_019969235.1_ASM1996923v1,NA,chicken
GCF_900636025.1_38502_D01,NA,not available: to be reported later
GCF_003399945.2_ASM339994v2,NA,Raw milk cheese
GCF_000316685.1_ASM31668v1,NA,Fresh water; California; USA.; 1963
GCF_008801925.2_ASM880192v2,NA,Sediment of a freshwater pond enriched in a fixed-bed reactor with 2;6-dichlorophenol as sole carbon and energy source
GCF_016128115.1_ASM1612811v1,NA,NA
GCF_030413785.1_ASM3041378v1,Homo sapiens,NA
GCF_034377285.1_ASM3437728v1,NA,hydrothermal vent plume
GCF_001634365.1_ASM163436v1,NA,soil
GCF_022701315.1_ASM2270131v1,Pickle,NA
GCF_000517425.1_ASM51742v1,NA,NA
GCF_001299555.1_ASM129955v1,Solanum commersonii,NA
GCF_026210495.1_ASM2621049v1,dog,transconjugant from Escherichia coli strain HB42
GCF_003264255.1_ASM326425v1,NA,NA
GCF_020097815.1_ASM2009781v1,NA,saline soil
GCF_016865215.1_ASM1686521v1,calf,host nose
GCF_038096305.1_BSN164,Homo sapiens,blood
GCF_002848725.1_ASM284872v1,Homo sapiens,blood
GCF_006517015.1_ASM651701v1,Homo sapiens,human feces
GCF_030707895.1_ASM3070789v1,NA,human
GCF_022494215.1_ASM2249421v1,NA,Stanley WWTPs_44 WWTPs effluent
GCF_001586105.1_ASM158610v1,plant,soil
GCF_030294925.1_ASM3029492v1,NA,NA
GCF_037094615.1_ASM3709461v1,Homo sapiens,Ileum
GCF_008271425.1_ASM827142v1,NA,soil
GCF_006461415.2_ASM646141v2,NA,pork & cabbage dumplings
GCF_008632635.1_ASM863263v1,NA,soil
GCF_001314325.1_ASM131432v1,NA,soil
GCF_017357505.1_ASM1735750v1,Homo sapiens,NA
GCF_000012925.1_ASM1292v1,NA,NA
GCF_022453565.1_ASM2245356v1,Homo sapiens,stool
GCF_040025745.1_ASM4002574v1,NA,NA
GCF_022870945.1_ASM2287094v1,Bos taurus,Dung
GCF_038096125.1_ASM3809612v1,Dog,urine
GCF_002201835.1_ASM220183v1,NA,NA
GCF_002973755.2_ASM297375v2,Homo sapiens,Rectal swab
GCF_019431335.1_ASM1943133v1,Sus scrofa scrofa,wild boar
GCF_004851605.1_ASM485160v1,NA,deep-sea surface sediment
GCF_001620005.1_ASM162000v1,NA,UCB-1 pistachio rootstock
GCF_000022905.1_ASM2290v1,NA,NA
GCF_039720155.1_ASM3972015v1,Homo sapiens,urine
GCF_037678505.1_ASM3767850v1,Chicken,NA
GCF_014211955.1_ASM1421195v1,NA,marine sediment
GCF_016454285.1_ASM1645428v1,NA,swine
GCF_020885855.1_ASM2088585v1,Homo sapiens,feces
GCF_019551815.1_ASM1955181v1,NA,NA
GCF_030406185.1_ASM3040618v1,NA,sea water
GCF_032827515.1_ASM3282751v1,Homo sapiens,blood
GCF_020149545.1_ASM2014954v1,Homo sapiens,sputum
GCF_016890085.1_ASM1689008v1,NA,NA
GCF_019710375.1_ASM1971037v1,Homo sapiens,Child feces
GCF_026626245.1_ASM2662624v1,NA,environment
GCF_000015725.1_ASM1572v1,NA,NA
GCF_000016445.1_ASM1644v1,NA,NA
GCF_003812105.1_ASM381210v1,Homo sapiens,Bronchoalveolar lavage from right lung
GCF_024300785.1_ASM2430078v1,Homo sapiens,NA
GCF_022923135.1_ASM2292313v1,Homo sapiens,gastric biopsy
GCF_013168075.1_ASM1316807v1,Homo sapiens,NA
GCF_024662395.1_ASM2466239v1,NA,NA
GCF_001721205.1_ASM172120v1,Homo sapiens,NA
GCF_030013385.1_ASM3001338v1,Sus scrofa,feces
GCF_020525645.1_ASM2052564v1,Homo sapiens,feces
GCF_030503715.1_ASM3050371v1,Homo sapiens,skin
GCF_036705585.1_ASM3670558v1,NA,human
GCF_001420855.1_ASM142085v1,NA,soil
GCF_021535065.1_ASM2153506v1,NA,NA
GCF_004135915.1_ASM413591v1,Homo sapiens,urine
GCF_019703975.1_ASM1970397v1,Homo sapiens,NA
GCF_033098885.1_ASM3309888v1,Gallus gallus,Chicken spleen (Gallus gallus)
GCF_015356035.1_ASM1535603v1,Homo sapiens,NA
GCF_001409155.1_98_11262,Homo sapiens,Human Stool
GCF_022559725.1_ASM2255972v1,Homo sapiens,blood
GCF_002741475.1_ASM274147v1,NA,NA
GCF_002105555.1_ASM210555v1,NA,water
GCF_025340125.1_ASM2534012v1,NA,Feedlot Water bowl
GCF_900497095.1_ASM90049709v1,NA,NA
GCF_039634495.1_ASM3963449v1,Homo sapiens,urine
GCF_001888165.1_ASM188816v1,NA,sediment
GCF_013307025.1_ASM1330702v1,Homo sapiens,NA
GCF_010365505.1_ASM1036550v1,NA,environment
GCF_014168595.1_ASM1416859v1,NA,wastewater
GCF_002866125.1_ASM286612v1,NA,NA
GCF_009578005.1_ASM957800v1,rice,NA
GCF_036452015.1_ASM3645201v1,Homo sapiens,blood
GCF_025853875.1_ASM2585387v1,Homo sapiens,Rectal Swab
GCF_002288565.1_ASM228856v1,Gossypium hirsutum,NA
GCF_029866905.1_ASM2986690v1,Homo sapiens,NA
GCF_023735935.1_ASM2373593v1,Homo sapiens,NA
GCF_004194515.1_ASM419451v1,NA,seawater
GCF_022982415.1_ASM2298241v1,NA,phage resistant culture
GCF_022699545.1_ASM2269954v1,Homo sapiens,urine
GCF_023547105.1_ASM2354710v1,Homo sapiens,pertoneal cavity
GCF_002158945.1_ASM215894v1,Homo sapiens,urine
GCF_002139975.1_ASM213997v1,Citrus x aurantiifolia,NA
GCF_006384995.1_ASM638499v1,Homo sapiens,feces
GCF_003017995.1_ASM301799v1,Homo sapiens,stool
GCF_036420095.1_ASM3642009v1,Homo sapiens,skin
GCF_002999175.1_ASM299917v1,NA,minced meat
GCF_012935025.1_ASM1293502v1,Homo sapiens,sputum
GCF_036873705.1_ASM3687370v1,Solanum tuberosum,scab lesion of potato tuber
GCF_026626025.1_ASM2662602v1,NA,fermented food
GCF_033130005.1_ASM3313000v1,Homo sapiens,feces
GCF_008693425.1_ASM869342v1,Homo sapiens,clinical isolate
GCF_026435295.1_ASM2643529v1,Salmo salar,tissue
GCF_014771415.1_ASM1477141v1,Homo sapiens,secretion
GCF_013168215.1_ASM1316821v1,bovine,NA
GCF_005705815.1_ASM570581v1,Homo sapiens,NA
GCF_009497835.1_ASM949783v1,Cow,Slaughterhouse
GCF_013317865.2_ASM1331786v2,Chrysanthemum,NA
GCF_001645235.2_ASM164523v2,Homo sapiens,stool
GCF_024397075.1_ASM2439707v1,Homo sapiens,urine
GCF_000024845.1_ASM2484v1,NA,NA
GCF_036287765.1_ASM3628776v1,Homo sapiens,rectal swab
GCF_002814095.1_ASM281409v1,NA,sulfidic waters (60 m) from the Peruvian upwelling region
GCF_000732925.1_ASM73292v1,NA,soil
GCF_022212865.1_ASM2221286v1,Homo sapiens,fecal sample
GCF_037927465.1_ASM3792746v1,Homo sapiens,NA
GCF_000006925.2_ASM692v2,NA,NA
GCF_025946965.1_ASM2594696v1,Homo sapiens,stool
GCF_024804185.1_ASM2480418v1,Aedes albopictus,Laboratory mosquito line (Malaysian nuclear background)
GCF_017357765.1_ASM1735776v1,blackbird,cloacal swab
GCF_033244325.1_ASM3324432v1,Homo sapiens,blood
GCF_022453705.1_ASM2245370v1,Homo sapiens,blood
GCF_009914015.1_ASM991401v1,NA,Soybean paste (Chonggugjang)
GCF_013784105.1_ASM1378410v1,NA,Freshwater sample from upstream of wastewater treatment plant
GCF_025983525.1_ASM2598352v1,Bovine,NA
GCF_001530015.1_ASM153001v1,Homo sapiens,blood
GCF_001718915.1_ASM171891v1,NA,plant roots
GCF_018127865.1_ASM1812786v1,Homo sapiens,human oral cavity
GCF_019930805.1_ASM1993080v1,NA,NA
GCF_021655195.1_ASM2165519v1,Homo sapiens,human blood of bacteremia patient
GCF_013394285.1_ASM1339428v1,duck,feces
GCF_012934695.1_ASM1293469v1,Homo sapiens,rectal swab from healthy college student
GCF_023035295.1_ASM2303529v1,Ornithodoros coriaceus,tick tissue
GCF_018968745.1_ASM1896874v1,horse,liver
GCF_036866105.1_ASM3686610v1,Triticum aestivum 'Rembrandt',Flag leaf of wheat
GCF_016725245.1_ASM1672524v1,NA,NA
GCF_028621735.1_ASM2862173v1,NA,feces
GCF_026873305.1_ASM2687330v1,Homo sapiens,feces
GCF_003004195.1_ASM300419v1,Homo sapiens,NA
GCF_003609855.1_ASM360985v1,Homo sapiens,NA
GCF_022494075.1_ASM2249407v1,NA,Stanley WWTPs_29 WWTPs effluent
GCF_000148915.1_ASM14891v1,Homo sapiens,NA
GCF_002163995.1_ASM216399v1,Ardea cinerea,NA
GCF_017309585.1_ASM1730958v1,NA,sediment in spartina alterniflora
GCF_030296075.1_ASM3029607v1,NA,doi.org/10.3389/fmars.2022.801344
GCF_009176875.1_ASM917687v1,Homo sapiens,blood
GCF_011601375.2_ASM1160137v2,bovine,reproductive tract
GCF_030389655.1_ASM3038965v1,NA,NA
GCF_025558685.1_ASM2555868v1,Cattle,milk
GCF_017897965.1_ASM1789796v1,Homo sapiens,blood
GCF_017068035.1_ASM1706803v1,NA,water
GCF_001932055.2_ASM193205v2,NA,seawater
GCF_002327205.1_ASM232720v1,Bos taurus,tissue samples
GCF_002025625.1_ASM202562v1,Zea mays,root
GCF_013167435.1_ASM1316743v1,cattle,cattle feces
GCF_002764015.1_ASM276401v1,Bos mutus,NA
GCF_024722315.1_ASM2472231v1,pig,NA
GCF_014495885.1_ASM1449588v1,NA,groundwater from well FWB306-02
GCF_036549195.1_ASM3654919v1,Homo sapiens,urine
GCF_900174635.1_WI2,Homo sapiens,Clinical isolate
GCF_029625135.1_ASM2962513v1,bovine,NA
GCF_001050115.1_ASM105011v1,NA,cheese
GCF_036419465.1_ASM3641946v1,Homo sapiens,fecal sample
GCF_015476035.1_ASM1547603v1,Vitis vinifera,NA
GCF_034447505.1_ASM3444750v1,NA,soil
GCF_009667765.1_ASM966776v1,NA,animal
GCF_020181675.1_ASM2018167v1,NA,pork
GCF_009661725.2_ASM966172v2,Homo sapiens,sputum
GCF_001886435.1_ASM188643v1,NA,seawater
GCF_013371705.1_ASM1337170v1,Homo sapiens,urine
GCF_014705805.1_ASM1470580v1,Homo sapiens,sterile body site
GCF_028553885.1_ASM2855388v1,NA,isolated from tidal flat sediment
GCF_002209425.1_ASM220942v1,NA,Halophyte Rhizosphere
GCF_024746815.1_ASM2474681v1,Oxytropis sp.,root nodule
GCF_001702135.1_ASM170213v1,NA,brewery environment
GCF_001941345.1_ASM194134v1,NA,seawater
GCF_034427895.2_BSN40_Closure,Homo sapiens,blood
GCF_018988345.1_ASM1898834v1,Bovine,feces
GCF_033160275.1_ASM3316027v1,Homo sapiens,stool
GCF_009931475.1_ASM993147v1,Homo sapiens,stool
GCF_025854255.1_ASM2585425v1,NA,ENVIRONMENT
GCF_022354685.1_ASM2235468v1,NA,Shek Wu Hui WWTPs_104 WWTPs influent
GCF_022828555.1_ASM2282855v1,Homo sapiens,sputum
GCF_003342675.1_ASM334267v1,NA,solar salt
GCF_014904135.2_ASM1490413v2,pig,pig farm
GCF_903993055.2_AI2998v1_cp,Homo sapiens,Hospital Univeristario de Bellvitge (Barcelona)
GCF_009834365.1_ASM983436v1,Ziziphus mauritiana Lam,fruit
GCF_000091785.1_ASM9178v1,NA,NA
GCF_001833255.2_ASM183325v2,NA,pond
GCF_000019945.1_ASM1994v1,NA,NA
GCF_011044475.1_ASM1104447v1,Dracaena sanderiana,leaf
GCF_027595545.1_ASM2759554v1,Homo sapiens,urine; clean catch
GCF_011578285.1_ASM1157828v1,Equus kiang,NA
GCF_023515845.1_ASM2351584v1,Homo sapiens,cerebrospinal fluid
GCF_008931525.1_ASM893152v1,NA,Shower 3
GCF_000048665.1_ASM4866v1,NA,NA
GCF_023361875.1_ASM2336187v1,Homo sapiens,sputum
GCF_003515145.1_ASM351514v1,Solanum tuberosum,Potato bacterial wilt
GCF_904831825.1_L3_E36_ETEC,NA,NA
GCF_020614375.1_ASM2061437v1,NA,saline soil
GCF_029774275.1_ASM2977427v1,Homo sapiens,NA
GCF_020641015.1_ASM2064101v1,Homo sapiens,blood
GCF_013624775.1_ASM1362477v1,NA,Wastewater influent sample
GCF_013735155.1_ASM1373515v1,NA,Freshwater sample from downstream of wastewater treatment plant
GCF_026248885.1_ASM2624888v1,Homo sapiens,secretion
GCF_033688145.1_ASM3368814v1,NA,hospital
GCF_017358145.1_ASM1735814v1,NA,muddy soil from torrent
GCF_022810785.1_ASM2281078v1,NA,farmland soil
GCF_028335405.1_ASM2833540v1,Bos taurus,fecal sample
GCF_021172945.1_ASM2117294v1,Homo sapiens,sputum
GCF_036232005.1_ASM3623200v1,NA,NA
GCF_035336205.1_ASM3533620v1,NA,fermented food
GCF_016925295.1_ASM1692529v1,Homo sapiens,blood
GCF_007814385.1_ASM781438v1,NA,Buffalo milk
GCF_019195415.1_ASM1919541v1,goat,NA
GCF_003096155.1_ASM309615v1,sheep,brain tissue
GCF_003610015.1_ASM361001v1,NA,palm sap
GCF_013375035.1_ASM1337503v1,Campeiostachys tsukushiensis,rhizospheric soil
GCF_033559215.1_ASM3355921v1,pig,feces
GCF_037512135.1_ASM3751213v1,Mammal,NA
GCF_017351995.1_ASM1735199v1,NA,Rice wine rice syrup
GCF_027577885.1_ASM2757788v1,Homo sapiens,Rectal Swab
GCF_013728935.1_ASM1372893v1,NA,Wastewater effluent sample
GCF_037279725.1_ASM3727972v1,Homo sapiens,bloodstream
GCF_004103575.1_ASM410357v1,NA,food
GCF_019458525.1_ASM1945852v1,Homo sapiens,Broncho-alveolar lavage
GCF_001936255.1_ASM193625v1,Argas persicus,chicken
GCF_031326245.1_ASM3132624v1,Homo sapiens,rectal swab
GCF_001602115.1_ASM160211v1,NA,Corn
GCF_003325115.1_ASM332511v1,NA,NA
GCF_028335665.1_ASM2833566v1,Bos taurus,fecal sample
GCF_030419025.1_ASM3041902v1,Bos taurus,feces
GCF_024582835.1_ASM2458283v1,NA,seawater
GCF_012053905.1_ASM1205390v1,chicken,Chicken product
GCF_003354945.1_ASM335494v1,Homo sapiens,nares
GCF_023703915.1_ASM2370391v1,Pteropus poliocephalus,NA
GCF_964198935.1_Zagreb014_hybrid_assembly.fa.gz,Homo sapiens,clinical material
GCF_002968455.1_ASM296845v1,NA,NA
GCF_017493175.3_ASM1749317v3,soybean cv. AC Glengarry,root nodule from soybean plant inoculated with root zone soil from Apios americana
GCF_010919335.1_ASM1091933v1,Homo sapiens,stool sample
GCF_016802405.1_ASM1680240v1,Homo sapiens,urine
GCF_030437975.1_ASM3043797v1,Food Material,NA
GCF_009728875.2_ASM972887v2,NA,food
GCF_021052565.1_ASM2105256v1,NA,NA
GCF_018228385.1_ASM1822838v1,NA,water
GCF_025854035.1_ASM2585403v1,Homo sapiens,skin
GCF_016458925.1_ASM1645892v1,NA,NA
GCF_009025895.1_ASM902589v1,Homo sapiens,NA
GCF_001932955.1_ASM193295v1,Oncorhynchus mykiss,Muscle
GCF_964054945.1_30859_5_12,NA,NA
GCF_008124245.1_ASM812424v1,NA,mouse gut
GCF_000091005.1_ASM9100v1,NA,NA
GCF_001761345.1_ASM176134v1,NA,NA
GCF_020736465.1_ASM2073646v1,NA,rhizosphere soil
GCF_002950375.1_ASM295037v1,NA,NA
GCF_030585325.1_ASM3058532v1,Homo sapiens,Skin/Wound
GCF_002944995.1_ASM294499v1,Homo sapiens,Peripheral blood
GCF_006229535.1_ASM622953v1,NA,lab
GCF_000209795.2_ASM20979v2,NA,NA
GCF_000828015.1_ASM82801v1,NA,NA
GCF_000338115.2_ASM33811v2,Homo sapiens,healthy newborn fecal sample
GCF_030718935.1_ASM3071893v1,Lebbeus groenlandicus,digestive tract environment[ENVO:01001033]
GCF_017742795.1_ASM1774279v1,Phaseolus vulgaris,NA
GCF_013305625.2_ASM1330562v2,Homo sapiens,urine
GCF_000212715.2_ASM21271v2,porcine,porcine neonatal diarrhea
GCF_018517045.1_ASM1851704v1,Homo sapiens,urine
GCF_000196615.1_ASM19661v1,NA,NA
GCF_022558365.1_ASM2255836v1,Homo sapiens,NA
GCF_029203205.1_ASM2920320v1,Homo sapiens,sputum
GCF_951803545.1_ARM46,Homo sapiens,Urinary tract
GCF_002080125.1_ASM208012v1,Homo sapiens,middle ear
GCF_016026695.1_ASM1602669v1,NA,NA
GCF_020181415.1_ASM2018141v1,Homo sapiens,human feces
GCF_000315955.1_ASM31595v1,Homo sapiens,NA
GCF_023520575.1_ASM2352057v1,Homo sapiens,NA
GCF_011466075.1_ASM1146607v1,NA,meat
GCF_038442295.1_CIRI-F19-10-MH6,cat,urine
GCF_000783735.2_ASM78373v2,Homo sapiens,stool
GCF_020905775.1_ASM2090577v1,Trieres chinensis,estuarine water [ENVO:01000301]
GCF_030533955.1_ASM3053395v1,Homo sapiens,purulent fluid
GCF_000148815.2_ASM14881v1,NA,NA
GCF_023823715.1_ASM2382371v1,NA,soil
GCF_018388565.1_ASM1838856v1,NA,Human faeces
GCF_000747585.1_ASM74758v1,NA,EFB-infected honey bee colony
GCF_033157475.1_ASM3315747v1,Homo sapiens,urine
GCF_018588615.2_ASM1858861v2,NA,Motal cheese
GCF_025169745.2_ASM2516974v2,Homo sapiens,urethal swab
GCF_037777435.1_ASM3777743v1,Chicken,NA
GCF_002208195.1_ASM220819v1,NA,NA
GCF_037287435.1_ASM3728743v1,Homo sapiens,bloodstream
GCF_964049545.1_30821_1_88,NA,NA
GCF_026967655.1_ASM2696765v1,pig,gut
GCF_002357875.1_ASM235787v1,Bos taurus,NA
GCF_036163995.1_ASM3616399v1,NA,soil
GCF_013167655.1_ASM1316765v1,Homo sapiens,NA
GCF_008831505.1_ASM883150v1,Silurus asotus,liver
GCF_003571645.1_ASM357164v1,NA,NA
GCF_031432955.1_ASM3143295v1,NA,kimchi
GCF_024362245.1_ASM2436224v1,NA,poultry farm
GCF_017309525.1_ASM1730952v1,Homo sapiens,Human feces
GCF_009883655.1_ASM988365v1,Zea mays,NA
GCF_010320145.1_ASM1032014v1,Homo sapiens,NA
GCF_000785555.1_ASM78555v1,NA,Soil (sea shore)
GCF_031036835.1_ASM3103683v1,Homo sapiens,NA
GCF_009738105.1_ASM973810v1,Homo sapiens,NA
GCF_037876785.1_ASM3787678v1,Homo sapiens,NA
GCF_033877495.1_ASM3387749v1,Homo sapiens,Bladder
GCF_000025685.1_ASM2568v1,NA,NA
GCF_030520105.1_ASM3052010v1,NA,hot spring sediment
GCF_036250735.1_ASM3625073v1,NA,NA
GCF_030847865.1_ASM3084786v1,Homo sapiens,rectal swab
GCF_001465635.1_ASM146563v1,Homo sapiens,unavailable
GCF_021655135.1_ASM2165513v1,Homo sapiens,human blood of bacteremia patient
GCF_002759115.2_ASM275911v2,Phaseolus vulgaris,NA
GCF_016599715.1_ASM1659971v1,Homo sapiens,Hospital wastewater
GCF_026153115.1_ASM2615311v1,NA,kimchi
GCF_002180095.1_ASM218009v1,NA,NA
GCF_001969385.1_ASM196938v1,NA,NA
GCF_002285655.1_ASM228565v1,NA,environmental swab
GCF_038433795.1_ASM3843379v1,Homo sapiens,blood
GCF_030490065.1_ASM3049006v1,Homo sapiens,NA
GCF_012934635.1_ASM1293463v1,Homo sapiens,rectal swab from healthy college student
GCF_008931325.1_ASM893132v1,Homo sapiens,clinical sample
GCF_020906765.2_ASM2090676v2,Homo sapiens,urethal swab
GCF_025169515.2_ASM2516951v2,Homo sapiens,urethral swab
GCF_964051595.1_30859_5_11,NA,NA
GCF_009834565.1_ASM983456v1,Solanum tuberosum,rhizosphere soil
GCF_002951755.1_ASM295175v1,Homo sapiens,urine
GCF_029223905.1_ASM2922390v1,NA,NA
GCF_030845355.1_ASM3084535v1,NA,NA
GCF_018279585.1_ASM1827958v1,NA,NA
GCF_004524875.1_ASM452487v1,NA,sediment from seaside wetland around Yalujiang river
GCF_002197405.1_ASM219740v1,NA,NA
GCF_024266265.1_ASM2426626v1,Homo sapiens,stool
GCF_003574965.1_ASM357496v1,NA,R2A medium
GCF_025139835.1_ASM2513983v1,NA,ENVO:00002034
GCF_002251005.2_ASM225100v2,NA,Mashed potatoes
GCF_001022135.1_ASM102213v1,Homo sapiens,Perirectal
GCF_037798445.1_ASM3779844v1,Homo sapiens,NA
GCF_013161805.1_ASM1316180v1,NA,stool
GCF_012221365.1_ASM1222136v1,Homo sapiens,colonoscopy
GCF_026626085.1_ASM2662608v1,NA,chicken
GCF_020149785.1_ASM2014978v1,Homo sapiens,urine
GCF_034069865.1_ASM3406986v1,Homo sapiens,urine
GCF_020616875.1_ASM2061687v1,NA,beef
GCF_014252375.1_ASM1425237v1,Allacta bimaculata,NA
GCF_012935085.1_ASM1293508v1,Homo sapiens,Pus
GCF_003952665.1_ASM395266v1,Oxytropis triphylla,root nodule
GCF_025559005.1_ASM2555900v1,Camel,Ear swab
GCF_001548075.1_ASM154807v1,NA,marine mud
GCF_018310415.1_ASM1831041v1,NA,NA
GCF_040374935.1_WHO_L_2024,Homo sapiens,Urogenital
GCF_022023815.1_ASM2202381v1,NA,soil
GCF_000329365.2_ASM32936v2,Homo sapiens,Clinical
GCF_026435235.1_ASM2643523v1,Salmo salar,tissue
GCF_013364135.1_ASM1336413v1,NA,ATCC Isolate
GCF_009728775.1_ASM972877v1,Homo sapiens,83-year-old man
GCF_023735995.1_ASM2373599v1,Homo sapiens,NA
GCF_022058225.1_ASM2205822v1,Equus ferus caballus (Thoroughbred),feces
GCF_030013145.1_ASM3001314v1,Sus scrofa,feces
GCF_020525485.1_ASM2052548v1,Homo sapiens,liver abscess
GCF_024662155.1_ASM2466215v1,Homo sapiens,skin
GCF_034047135.1_ASM3404713v1,NA,Crude oil contaminated soil
GCF_002850555.1_ASM285055v1,Galleria mellonella,gut (3-4th instar larva)
GCF_023573845.1_ASM2357384v1,Homo sapiens,NA
GCF_029011455.1_ASM2901145v1,Homo sapiens,vagina
GCF_012933345.2_ASM1293334v2,Homo sapiens,blood
GCF_002407205.1_ASM240720v1,NA,paddy soil
GCF_033555915.1_ASM3355591v1,NA,human fecal
GCF_022559785.1_ASM2255978v1,chicken,stool
GCF_013307085.1_ASM1330708v1,Homo sapiens,sperm
GCF_018741625.1_ASM1874162v1,NA,soil
GCF_033969665.1_ASM3396966v1,NA,Niviventer confucianus tick
GCF_020810655.1_ASM2081065v1,NA,NA
GCF_964199015.1_Zagreb005_hybrid_assembly.fa.gz,Homo sapiens,clinical material
GCF_014168755.1_ASM1416875v1,NA,wastewater
GCF_000010485.1_ASM1048v1,NA,NA
GCF_002947675.1_ASM294767v1,NA,NA
GCF_016027015.1_ASM1602701v1,NA,NA
GCF_030437945.1_ASM3043794v1,NA,NA
GCF_003688615.2_ASM368861v2,NA,NA
GCF_023299225.1_ASM2329922v1,NA,pet food (BARF)
GCF_017743115.1_ASM1774311v1,Homo sapiens,sputum
GCF_030013325.1_ASM3001332v1,Sus scrofa,feces
GCF_000464435.1_ASM46443v1,NA,NA
GCF_002935055.1_ASM293505v1,NA,NA
GCF_018736725.1_ASM1873672v1,NA,soil
GCF_023238565.1_ASM2323856v1,NA,Co-produced water from oil field
GCF_002157835.1_ASM215783v1,NA,River sediment
GCF_000833315.1_ASM83331v1,Homo sapiens,Human Clinical (blood)
GCF_025232475.1_ASM2523247v1,Homo sapiens,Rectal swab
GCF_016890025.1_ASM1689002v1,NA,NA
GCF_000961415.1_ASM96141v1,citrus spp.,citrus infected tissue
GCF_025559265.1_ASM2555926v1,Camel,nasal swab
GCF_001856665.1_ASM185666v1,NA,sea water
GCF_026016085.1_ASM2601608v1,NA,animal feces
GCF_009649975.1_ASM964997v1,NA,Activated sludge
GCF_023272735.1_ASM2327273v1,Homo sapiens,sputum
GCF_001887015.1_ASM188701v1,cormorant,NA
GCF_026506415.1_ASM2650641v1,NA,Chicken heart (Gallus gallus)
GCF_040391575.1_WHO_W_2024,Homo sapiens,Urogenital
GCF_029537075.1_ASM2953707v1,NA,NA
GCF_031169915.1_ASM3116991v1,Tenebrio molitor,NA
GCF_005862305.2_ASM586230v2,Pisum sativum l. (pea),pea root nodules
GCF_001703515.1_ASM170351v1,NA,poultry meat
GCF_019787645.1_ASM1978764v1,NA,permafrost; Kolyma lowland
GCF_028622875.1_ASM2862287v1,marine sponge,NA
GCF_015353115.1_ASM1535311v1,Homo sapiens,NA
GCF_002953515.1_ASM295351v1,Environment,Seawater
GCF_016454225.1_ASM1645422v1,NA,swine
GCF_008124445.1_ASM812444v1,NA,turkey
GCF_964051515.1_30345_1_31,NA,NA
GCF_023008305.1_ASM2300830v1,Homo sapiens,feces
GCF_019047025.1_ASM1904702v1,NA,NA
GCF_033676005.1_ASM3367600v1,NA,hospital
GCF_000317835.1_ASM31783v1,NA,Arid soil collected from a coastal desert north of Antofagasta in Chile
GCF_001566675.1_ASM156667v1,Homo sapiens,NA
GCF_002386185.1_ASM238618v1,Homo sapiens,Urine catheter
GCF_021655355.1_ASM2165535v1,Homo sapiens,human blood of bacteremia patient
GCF_016599575.1_ASM1659957v1,NA,NA
GCF_040736045.1_Sc1516945,Homo sapiens,blood
GCF_030294985.1_ASM3029498v1,NA,ceramic particles
GCF_002381365.1_ASM238136v1,NA,Pacific plankton
GCF_012934455.1_ASM1293445v1,Homo sapiens,rectal swab from healthy college student
GCF_030490205.1_ASM3049020v1,Homo sapiens,NA
GCF_001921945.1_ASM192194v1,NA,NA
GCF_003855335.1_ASM385533v1,Homo sapiens,Blood
GCF_015708675.1_ASM1570867v1,NA,sewage water
GCF_003122425.1_ASM312242v1,Acyrthosiphon pisum,cell culture
GCF_002192335.1_ASM219233v1,NA,NA
GCF_018314145.1_ASM1831414v1,Homo sapiens,Abdominal pus
GCF_009671045.1_ASM967104v1,swine,feces
GCF_020535165.1_ASM2053516v1,Bos taurus,brain tissue
GCF_000725365.1_ASM72536v1,Cryptomeria japonica var. sinensis,plant
GCF_024204705.1_ASM2420470v1,Homo sapiens,blood
GCF_900639365.1_E7171_hybrid_assembly,NA,NA
GCF_002220155.1_ASM222015v1,NA,soil
GCF_036542245.1_ASM3654224v1,Homo sapiens,blood
GCF_030413725.1_ASM3041372v1,Homo sapiens,NA
GCF_025560605.1_ASM2556060v1,walnut,crown gall
GCF_019434215.1_ASM1943421v1,Trichechus manatus,NA
GCF_035982555.1_ASM3598255v1,NA,NA
GCF_003097575.1_ASM309757v1,Apodemus agrarius,NA
GCF_016903595.1_ASM1690359v1,Homo sapiens,NA
GCF_015775275.1_ASM1577527v1,NA,river
GCF_023361815.1_ASM2336181v1,Homo sapiens,abdominal fluid
GCF_011044415.1_ASM1104441v1,NA,NA
GCF_003018575.1_ASM301857v1,Homo sapiens,stool
GCF_029774215.1_ASM2977421v1,NA,Siamese crocodiles
GCF_000284055.1_ASM28405v1,NA,NA
GCF_039851995.1_ASM3985199v1,Bos taurus,blood
GCF_021560195.1_ASM2156019v1,pig,NA
GCF_014489455.1_ASM1448945v1,NA,urine
GCF_025854235.1_ASM2585423v1,NA,ENVIRONMENT
GCF_000471965.1_ASM47196v1,Nauphoeta cinerea,NA
GCF_902703415.1_Combinated_assembly_ONT_-_Illumina,Gallus gallus,laying hen withcolibacillosis
GCF_900639615.1_E8328_hybrid_assembly,NA,NA
GCF_028226975.1_ASM2822697v1,Coffea canephora,Leaf petiole
GCF_009738595.2_ASM973859v2,Homo sapiens,urine
GCF_009739735.1_ASM973973v1,Homo sapiens,blood
GCF_030585125.1_ASM3058512v1,Glycine max,root nodule
GCF_014218175.1_ASM1421817v1,pig,NA
GCF_020882075.1_ASM2088207v1,NA,rectal swab samples of pig
GCF_015137095.1_ASM1513709v1,NA,sewage
GCF_001558295.2_ASM155829v2,Homo sapiens,Stool
GCF_036812735.1_TEGL,NA,mud
GCF_001922325.1_ASM192232v1,NA,broiler chick cecum
GCF_036254055.1_ASM3625405v1,Homo sapiens,NA
GCF_004328785.1_ASM432878v1,Bovine,bovine peripheral lymph node
GCF_007165645.1_ASM716564v1,NA,NA
GCF_003325495.1_ASM332549v1,NA,tidal marsh
GCF_001019575.2_ASM101957v2,Homo sapiens,human
GCF_029814975.1_ASM2981497v1,Homo sapiens,NA
GCF_001183705.3_ASM118370v3,Homo sapiens,Purulent abscess
GCF_033688125.1_ASM3368812v1,NA,hospital
GCF_009758095.1_ASM975809v1,Bos taurus coreanae,Rumen fluid
GCF_028335465.1_ASM2833546v1,Bos taurus,fecal sample
GCF_003950035.1_ASM395003v1,NA,Rhizosphere soil
GCF_002218265.1_ASM221826v1,Cowpea,NA
GCF_037948675.1_BSN124,Homo sapiens,blood
GCF_021172925.1_ASM2117292v1,Homo sapiens,sputum
GCF_003710225.1_ASM371022v1,Cow,Fresh milk
GCF_030060725.1_ASM3006072v1,NA,Fish tissue
GCF_001932555.1_ASM193255v1,Homo sapiens,NA
GCF_030035445.1_ASM3003544v1,NA,chicken meat
GCF_021441965.1_ASM2144196v1,NA,pigeon
GCF_002119625.1_ASM211962v1,NA,soil
GCF_027107535.1_ASM2710753v1,NA,Gobi habitat soil
GCF_012220585.1_ASM1222058v1,pig,feces
GCF_029625155.1_ASM2962515v1,bovine,NA
GCF_000732945.1_ASM73294v1,Homo sapiens,unknown human clinical source
GCF_003030425.1_ASM303042v1,Homo sapiens,Eye
GCF_016942475.1_ASM1694247v1,Homo sapiens,rectal swab
GCF_040571315.1_ASM4057131v1,Homo sapiens,sputum
GCF_022693285.1_ASM2269328v1,Homo sapiens,urine
GCF_017909135.1_ASM1790913v1,NA,Instant Soup
GCF_000236405.1_ASM23640v1,Cryptocercus punctulatus,NA
GCF_013167455.1_ASM1316745v1,cattle,cattle feces
GCF_018732225.1_ASM1873222v1,NA,sourdough
GCF_001042735.1_ASM104273v1,Oryza sativa,NA
GCF_037094485.1_ASM3709448v1,Homo sapiens,NA
GCF_037463925.1_ASM3746392v1,NA,mangrove
GCF_020540965.1_ASM2054096v1,Homo sapiens,rectal swab
GCF_040822395.1_ASM4082239v1,Homo sapiens,NA
GCF_037477995.1_ASM3747799v1,chicken,NA
GCF_003717755.1_ASM371775v1,NA,NA
GCF_033170595.1_ASM3317059v1,Homo sapiens,urine
GCF_014705865.1_ASM1470586v1,Homo sapiens,sterile body site
GCF_022983255.1_ASM2298325v1,NA,tomato
GCF_037543765.1_ASM3754376v1,Homo sapiens,NA
GCF_900416725.2_G1_hybrid,Anas crecca,cloacal swab
GCF_003798345.1_ASM379834v1,UCC strain,UCC isolate
GCF_024605785.1_ASM2460578v1,Pig,feces
GCF_009739925.1_ASM973992v1,Apostichopus japonicus,NA
GCF_037889275.1_ASM3788927v1,Homo sapiens,Oral cavity
GCF_016028495.1_ASM1602849v1,NA,NA
GCF_024226755.1_ASM2422675v1,Gallus gallus domesticus,pooled poultry feces
GCF_023520775.1_ASM2352077v1,NA,NA
GCF_011466275.1_ASM1146627v1,NA,meat
GCF_011764485.1_ASM1176448v1,NA,sponge
GCF_002355635.1_ASM235563v1,NA,food product
GCF_002892125.1_ASM289212v1,NA,algae aquaculture
GCF_002009075.1_ASM200907v1,Homo sapiens,NA
GCF_019823785.1_ASM1982378v1,Homo sapiens,blood
GCF_013402895.1_ASM1340289v1,Homo sapiens,urinary tract
GCF_036227405.1_ASM3622740v1,NA,NA
GCF_037889015.1_ASM3788901v1,Homo sapiens,Colorectal adenocarcinoma
GCF_000442645.1_ASM44264v1,NA,NA
GCF_000092885.1_ASM9288v1,NA,NA
GCF_004101525.1_ASM410152v1,NA,food
GCF_018314115.1_ASM1831411v1,homo,NA
GCF_036866395.1_ASM3686639v1,Triticum aestivum 'Heerup',Flag leaf of wheat
GCF_003019945.1_ASM301994v1,Environment,Oryza sativa; rhizosphere soil
GCF_037287455.1_ASM3728745v1,Homo sapiens,bloodstream
GCF_017068235.1_ASM1706823v1,NA,Fu-Tsai (Fermented vegetable; food)
GCF_021559795.1_ASM2155979v1,Vitis vinifera,NA
GCF_900660475.1_50648_B01-3,NA,Uninoculated HEP-2 tissue culture
GCF_024584455.1_ASM2458445v1,Homo sapiens,NA
GCF_026967635.1_ASM2696763v1,duck,NA
GCF_032826355.1_ASM3282635v1,Homo sapiens,blood
GCF_013167635.1_ASM1316763v1,NA,NA
GCF_033222185.1_ASM3322218v1,Homo sapiens,NA
GCF_006228505.1_ASM622850v1,Punica granatum,leaf
GCF_022591475.1_ASM2259147v1,Homo sapiens,ascites
GCF_020905715.1_ASM2090571v1,Thalassiosira tenera,estuarine water [ENVO:01000301]
GCF_030533935.1_ASM3053393v1,Homo sapiens,purulent fluid
GCF_000008625.1_ASM862v1,NA,NA
GCF_021049305.1_ASM2104930v1,NA,Activated sludge; wastewater treatment plant
GCF_016942615.1_ASM1694261v1,NA,chicken meat
GCF_020388675.1_ASM2038867v1,Homo sapiens,Skin swab
GCF_009661535.2_ASM966153v2,Homo sapiens,blood
GCF_003711005.1_ASM371100v1,NA,goose anus swab
GCF_015277835.1_ASM1527783v1,NA,yogurts
GCF_020546705.1_ASM2054670v1,NA,NA
GCF_900087795.2_WHOV,NA,NA
GCF_038442225.1_CIRI-40288,dog,urine
GCF_002278075.1_ASM227807v1,NA,soil
GCF_020459125.1_ASM2045912v1,Phascolarctos cinereus,Urogenital tract
GCF_023639785.1_ASM2363978v1,Sesuvium verrucosum,root sample
GCF_001515665.1_ASM151566v1,NA,From patient with pneumonia
GCF_028224025.1_ASM2822402v1,Homo sapiens,sputum
GCF_028335605.1_ASM2833560v1,Bos taurus,fecal sample
GCF_030419045.1_ASM3041904v1,Bos taurus,feces
GCF_009664515.1_ASM966451v1,Homo sapiens,NA
GCF_014218315.1_ASM1421831v1,NA,NA
GCF_013401515.1_ASM1340151v1,NA,sediment in salt lake
GCF_003031815.1_ASM303181v1,Homo sapiens,urine
GCF_023517175.1_ASM2351717v1,NA,Ventilator shelf_P101_BU22
GCF_014216315.1_ASM1421631v1,NA,soil
GCF_028219375.1_ASM2821937v1,Homo sapiens,sputum
GCF_026968085.1_ASM2696808v1,Homo sapiens,urine
GCF_016593215.1_ASM1659321v1,NA,marine hydrothermal vent chimney
GCF_002180315.1_ASM218031v1,NA,NA
GCF_964199145.1_Zagreb047_hybrid_assembly.fa.gz,Homo sapiens,clinical material
GCF_016458945.1_ASM1645894v1,NA,NA
GCF_002759295.2_ASM275929v2,Phaseolus vulgaris,NA
GCF_025854055.1_ASM2585405v1,Homo sapiens,wound
GCF_016724665.1_ASM1672466v1,NA,NA
GCF_022354485.1_ASM2235448v1,Phaseolus vulgaris,nodule
GCF_001610735.1_ASM161073v1,Homo sapiens,sputum sample
GCF_036898085.1_ASM3689808v1,Homo sapiens,urine
GCF_000497505.1_ASM49750v1,Homo sapiens,NA
GCF_030585345.1_ASM3058534v1,Homo sapiens,Skin/Wound
GCF_027111315.2_ASM2711131v2,NA,freshwater environment
GCF_017298995.1_ASM1729899v1,NA,Clone isolated from the evolution experiment described in Ketola et al. 2013 (doi: 10.1111/evo.12148)
GCF_027595745.1_ASM2759574v1,Homo sapiens,BAL
GCF_002589795.1_ASM258979v1,Homo sapiens,Rectal
GCF_904830965.1_L2_E1649,NA,NA
GCF_016127755.1_ASM1612775v1,NA,NA
GCF_002156785.1_ASM215678v1,Homo sapiens,respiratory
GCF_036035005.1_ASM3603500v1,NA,NA
GCF_024125715.1_ASM2412571v1,NA,water from a container for water evaporation
GCF_002056635.1_ASM205663v1,NA,NA
GCF_014905815.1_ASM1490581v1,Homo sapiens,human sputum
GCF_009932715.2_ASM993271v2,NA,Rice seed
GCF_019379355.1_ASM1937935v1,Homo sapiens,blood
GCF_013364155.1_ASM1336415v1,NA,marine sediment
GCF_024266205.1_ASM2426620v1,Homo sapiens,stool
GCF_904863135.1_INF310,Homo sapiens,wound swab
GCF_004328805.1_ASM432880v1,Bovine,bovine hide
GCF_040784905.1_ASM4078490v1,NA,Sewage water
GCF_001895125.2_ASM189512v2,Homo sapiens,Tracheal aspirate from a hospitalized patient
GCF_002078935.2_ASM207893v2,NA,Dairy fermentation
GCF_030064025.1_ASM3006402v1,Homo sapiens,skin
GCF_009387895.1_ASM938789v1,poultry,cloacal swabs
GCF_003931815.1_ASM393181v1,NA,NA
GCF_002208215.1_ASM220821v1,NA,environmental swab
GCF_014839525.2_ASM1483952v2,Phaseolus vulgaris,Seed
GCF_022699585.1_ASM2269958v1,Homo sapiens,NA
GCF_039912655.1_ASM3991265v1,Bos taurus,culture
GCF_013608545.1_ASM1360854v1,NA,Freshwater sample from upstream of wastewater treatment plant
GCF_030013125.1_ASM3001312v1,Sus scrofa,feces
GCF_023573825.1_ASM2357382v1,Homo sapiens,NA
GCF_002982175.1_ASM298217v1,NA,soybeans
GCF_002287605.1_ASM228760v1,Homo sapiens,NA
GCF_030863665.1_ASM3086366v1,dog,urine
GCF_016725285.1_ASM1672528v1,NA,NA
GCF_951802855.1_ARM32,Homo sapiens,Urinary tract
GCF_030520165.1_ASM3052016v1,Homo sapiens,Leg pus
GCF_033181005.1_ASM3318100v1,Homo sapiens,Seoul National University Bundang Hospital Intensive Care Unit
GCF_000021005.1_ASM2100v1,NA,NA
GCF_001308145.2_ASM130814v2,NA,fermented food
GCF_036250755.1_ASM3625075v1,NA,NA
GCF_030847805.1_ASM3084780v1,Dog,central vein catheter
GCF_030126965.1_ASM3012696v1,Sus scrofa,back skin
GCF_016755935.1_ASM1675593v1,Homo sapiens,sputum
GCF_030389695.1_ASM3038969v1,NA,NA
GCF_017309545.1_ASM1730954v1,Homo sapiens,Human feces
GCF_036542045.1_ASM3654204v1,Homo sapiens,Abscess drainage liquid
GCF_025560405.1_ASM2556040v1,walnut,crown gall
GCF_016903795.1_ASM1690379v1,Homo sapiens,NA
GCF_000253275.1_ASM25327v1,NA,NA
GCF_000801165.1_ASM80116v1,NA,Cow feces
GCF_002944405.1_ASM294440v1,Phaseolus vulgaris,plant nodule in agricultural field
GCF_029634055.1_ASM2963405v1,NA,Hybrid catfish
GCF_030845335.1_ASM3084533v1,Homo sapiens,fingertip
GCF_029223965.1_ASM2922396v1,NA,NA
GCF_009729955.1_ASM972995v1,Homo sapiens,clinical isolate
GCF_022569935.1_ASM2256993v1,NA,River
GCF_004683945.1_ASM468394v1,NA,NA
GCF_021655155.1_ASM2165515v1,Homo sapiens,human blood of bacteremia patient
GCF_032291985.1_ASM3229198v1,Ipomoea batatas,root
GCF_022637475.1_ASM2263747v1,NA,grassland soil
GCF_030490005.1_ASM3049000v1,Homo sapiens,NA
GCF_012030545.2_ASM1203054v2,Homo sapiens,NA
GCF_013394245.1_ASM1339424v1,Shinkaia crosnieri,NA
GCF_003018375.1_ASM301837v1,Homo sapiens,stool
GCF_025399115.1_ASM2539911v1,NA,NA
GCF_026153315.1_ASM2615331v1,Homo sapiens,NA
GCF_032595775.1_ASM3259577v1,NA,Neotoma floridana
GCF_002234735.2_ASM223473v2,NA,NA
GCF_021655335.1_ASM2165533v1,Homo sapiens,human blood of bacteremia patient
GCF_003019155.1_ASM301915v1,Homo sapiens,Stool
GCF_036013565.1_ASM3601356v1,NA,NA
GCF_020883495.1_ASM2088349v1,NA,activated sludge
GCF_033850575.1_ASM3385057v1,Homo sapiens,patient
GCF_040784885.1_S22_2161,NA,environmental swab of broiler flock
GCF_031662355.1_ASM3166235v1,Chicken,Brazilian imported chicken meats
GCF_000202835.1_ASM20283v1,NA,NA
GCF_030060575.1_ASM3006057v1,NA,Fish tissue
GCF_037826765.1_ASM3782676v1,Pig,NA
GCF_002240155.1_ASM224015v1,Homo sapiens,sputum
GCF_022870985.1_ASM2287098v1,Homo sapiens,wound
GCF_032700165.1_ASM3270016v1,Homo sapiens,feces
GCF_003956165.1_ASM395616v1,Homo sapiens,stool
GCF_009193325.2_ASM919332v2,Homo sapiens,feces
GCF_039905905.1_ASM3990590v1,NA,river sludge effuent
GCF_036774845.1_ASM3677484v1,NA,feces
GCF_036542225.1_ASM3654222v1,Homo sapiens,blood
GCF_009648755.1_ASM964875v1,Homo sapiens,NA
GCF_025560665.1_ASM2556066v1,walnut,crown gall
GCF_019434275.1_ASM1943427v1,Homo sapiens,NA
GCF_030413745.1_ASM3041374v1,Homo sapiens,NA
GCF_018487825.1_ASM1848782v1,NA,a feces sample of swine origin
GCF_001941945.1_ASM194194v1,NA,Lake Untersee
GCF_000021785.1_ASM2178v1,NA,NA
GCF_002847445.1_ASM284744v1,NA,sludge
GCF_003994695.1_ASM399469v1,NA,Meat retail
GCF_026210455.1_ASM2621045v1,NA,soil
GCF_000742855.1_ASM74285v1,NA,NA
GCF_030707855.1_ASM3070785v1,NA,human
GCF_008931135.1_ASM893113v1,NA,Pork
GCF_024204765.1_ASM2420476v1,Homo sapiens,blood
GCF_003850185.1_ASM385018v1,Salmo salar,NA
GCF_037120235.2_BSN118_Closure,Homo sapiens,blood
GCF_037217645.1_BSN97,Homo sapiens,blood
GCF_036967205.1_ASM3696720v1,NA,soil
GCF_003711605.1_ASM371160v1,NA,fermented whole fish product suan yu
GCF_017903455.1_ASM1790345v1,Homo sapiens,Urine sample
GCF_010731675.1_ASM1073167v1,NA,NA
GCF_030013345.1_ASM3001334v1,Sus scrofa,feces
GCF_034047335.1_ASM3404733v1,NA,Rosa multiflora
GCF_018736745.1_ASM1873674v1,NA,soil
GCF_002156805.1_ASM215680v1,Neophocaena asiaeorientalis,Blowhole swab
GCF_018741645.1_ASM1874164v1,NA,soil
GCF_006228305.1_ASM622830v1,NA,NA
GCF_019977575.1_ASM1997757v1,Homo sapiens,NA
GCF_004010755.1_ASM401075v1,NA,feces
GCF_014168735.1_ASM1416873v1,NA,wastewater
GCF_030388245.1_ASM3038824v1,NA,NA
GCF_013462495.1_ASM1346249v1,Homo sapiens,NA
GCF_016027075.1_ASM1602707v1,NA,NA
GCF_003031795.1_ASM303179v1,Homo sapiens,urine
GCF_000240165.1_ASM24016v1,NA,NA
GCF_004101325.1_ASM410132v1,NA,food
GCF_000191925.1_ASM19192v1,NA,NA
GCF_031889605.1_ASM3188960v1,NA,Water from main ditch across a road from crop field
GCF_016454245.1_ASM1645424v1,NA,swine
GCF_019787625.1_ASM1978762v1,NA,permafrost; Kolyma lowland
GCF_036786065.1_ASM3678606v1,Homo sapiens,NA
GCF_025232415.1_ASM2523241v1,Homo sapiens,sputum
GCF_016890045.1_ASM1689004v1,Homo sapiens,NA
GCF_026626285.1_ASM2662628v1,NA,environment
GCF_009728565.1_ASM972856v1,cattle,NA
GCF_019456575.1_ASM1945657v1,NA,river surface water
GCF_001705055.1_ASM170505v1,Homo sapiens,blood
GCF_008087625.1_ASM808762v1,NA,NA
GCF_003346775.1_ASM334677v1,NA,Mussels
GCF_013364335.1_ASM1336433v1,NA,marine sediment
GCF_000281435.2_ASM28143v2,Homo sapiens,groin
GCF_013488225.1_ASM1348822v1,Acaciella angustissima,NA
GCF_016889865.1_ASM1688986v1,Homo sapiens,NA
GCF_020388355.1_ASM2038835v1,Homo sapiens,Skin swab
GCF_024298665.1_ASM2429866v1,NA,NA
GCF_001620265.1_ASM162026v1,NA,NA
GCF_018884845.1_ASM1888484v1,Homo sapiens,feces
GCF_040371445.1_WHO_S2_2024,Homo sapiens,Urogenital
GCF_013167315.1_ASM1316731v1,cattle,cattle feces
GCF_964045445.1_30224_1_355,NA,NA
GCF_024722435.1_ASM2472243v1,NA,NA
GCF_014874575.1_ASM1487457v1,Homo sapiens,blood
GCF_017088385.1_ASM1708838v1,NA,NA
GCF_964199005.1_Zagreb039_hybrid_assembly.fa.gz,Homo sapiens,clinical material
GCF_013394535.1_ASM1339453v1,Homo sapiens,stool
GCF_015099135.1_ASM1509913v1,NA,NA
GCF_036793375.1_ASM3679337v1,Homo sapiens,urine
GCF_038429035.1_ASM3842903v1,Homo sapiens,blood
GCF_905330765.2_AI2935v1_cpp,Homo sapiens,Hospital Virgen de la Macarena (Sevilla)
GCF_017723855.1_ASM1772385v1,Glycine,NA
GCF_019443665.1_ASM1944366v1,Homo sapiens,NA
GCF_019552045.1_ASM1955204v1,Homo sapiens,Gut
GCF_032917905.1_ASM3291790v1,Homo sapiens,NA
GCF_006517275.1_ASM651727v1,NA,marine sediment
GCF_023734835.1_ASM2373483v1,Homo sapiens,NA
GCF_023821965.1_ASM2382196v1,NA,soil
GCF_031195445.1_ASM3119544v1,Grean algae,NA
GCF_002848545.1_ASM284854v1,Homo sapiens,NA
GCF_030037835.1_ASM3003783v1,NA,environmental: river/lake
GCF_017488845.2_ASM1748884v2,Melilotus albus,NA
GCF_000010885.1_ASM1088v1,NA,NA
GCF_014169495.1_ASM1416949v1,NA,wastewater
GCF_008000855.1_ASM800085v1,Homo sapiens,NA
GCF_036227125.1_ASM3622712v1,NA,NA
GCF_022558625.1_ASM2255862v1,Homo sapiens,sputum
GCF_036236015.1_ASM3623601v1,Homo sapiens,Cystic fibrosis human lung
GCF_001535545.1_ASM153554v1,NA,water
GCF_016415485.1_ASM1641548v1,Homo sapiens,rectal swab
GCF_030286045.1_ASM3028604v1,NA,Tenebrio molitor
GCF_024800105.1_ASM2480010v1,NA,vegetable fermented food (kimchi)
GCF_011044355.1_ASM1104435v1,Homo sapiens,urine
GCF_000017685.1_ASM1768v1,NA,NA
GCF_014621655.1_ASM1462165v1,pig,feces
GCF_029168555.1_ASM2916855v1,Homo sapiens,blood
GCF_964198745.1_Zagreb034_hybrid_assembly.fa.gz,Homo sapiens,clinical material
GCF_002117305.1_ASM211730v1,NA,NA
GCF_019890955.1_ASM1989095v1,NA,drinking water
GCF_016864175.1_ASM1686417v1,Duck,liver
GCF_001721065.1_ASM172106v1,Homo sapiens,human blood
GCF_001442475.1_ASM144247v1,Haemaphysalis juxtakochi,vegetation
GCF_011057955.1_ASM1105795v1,NA,stool
GCF_036345135.1_ASM3634513v1,NA,soil
GCF_030758915.1_ASM3075891v1,Homo sapiens,sputum
GCF_022759825.1_ASM2275982v1,Homo sapiens,stool
GCF_002162055.1_ASM216205v1,piglet,duodenum mucosa
GCF_040763055.1_ASM4076305v1,NA,NA
GCF_001874485.1_ASM187448v1,Homo sapiens,Hera General Hopsital; patient
GCF_009363495.1_ASM936349v1,NA,Surface of a polyethylene microplastic particle present in tank 6 of a marine aquarium containing stony-coral fragments and water maintained at 26 degree C
GCF_019286695.1_ASM1928669v1,Homo sapiens,blood
GCF_024138835.1_ASM2413883v1,NA,fresh-cut fruits
GCF_030435705.1_ASM3043570v1,NA,Sea water
GCF_003058445.1_ASM305844v1,NA,laboratory reference strain
GCF_001304735.1_ASM130473v1,NA,aquarium water
GCF_018223745.1_ASM1822374v1,NA,fermentation bioreactor
GCF_028335325.1_ASM2833532v1,Bos taurus,fecal sample
GCF_009906855.1_ASM990685v1,NA,Flower of Rhododendron sclippenbachii
GCF_002074155.1_ASM207415v1,NA,NA
GCF_013890155.1_ASM1389015v1,NA,Pooled cattle faecal samples collected from floor of farm
GCF_017356665.1_ASM1735666v1,Homo sapiens,urine
GCF_008727535.1_ASM872753v1,NA,NA
GCF_030408455.1_ASM3040845v1,Atrina pectinata,gastrointestinal tract
GCF_028335145.1_ASM2833514v1,Homo sapiens,swab of ear
GCF_019048185.1_ASM1904818v1,NA,NA
GCF_002948565.1_ASM294856v1,NA,NA
GCF_032368225.1_ASM3236822v1,Homo sapiens,stool
GCF_030489825.1_ASM3048982v1,Homo sapiens,NA
GCF_001643015.1_ASM164301v1,NA,raw cow milk
GCF_021233075.1_ASM2123307v1,NA,soil
GCF_031171585.1_ASM3117158v1,Tenebrio molitor,NA
GCF_013816795.1_ASM1381679v1,NA,Pooled cattle faecal samples collected from floor of farm
GCF_904863355.1_INF148,Homo sapiens,urine
GCF_003597595.1_ASM359759v1,NA,kimchi
GCF_030295825.1_ASM3029582v1,pig,excrement
GCF_003813145.1_ASM381314v1,Homo sapiens,Urine
GCF_030168915.1_ASM3016891v1,Phalaris arundinacea,NA
GCF_008693645.1_ASM869364v1,Homo sapiens,clinical isolate
GCF_025369715.1_ASM2536971v1,Poultry,Breeder
GCF_000017105.1_ASM1710v1,NA,NA
GCF_020736345.1_ASM2073634v1,NA,NA
GCF_000239235.1_ASM23923v1,Homo sapiens,abscess on lower extremity
GCF_019134615.1_ASM1913461v1,NA,bioaerosol of a chicken farm
GCF_030585405.1_ASM3058540v1,Homo sapiens,Skin/Wound
GCF_030013435.1_ASM3001343v1,Sus scrofa,feces
GCF_036416795.1_ASM3641679v1,Homo sapiens,stool
GCF_014843375.1_ASM1484337v1,NA,soil
GCF_002164835.4_ASM216483v4,Homo sapiens,NA
GCF_025142775.1_ASM2514277v1,NA,ENVO:00002034
GCF_025490515.1_ASM2549051v1,Homo sapiens,secretion
GCF_002741615.1_ASM274161v1,NA,NA
GCF_002105735.1_ASM210573v1,NA,Blue cheese in wax
GCF_030297315.1_ASM3029731v1,NA,NA
GCF_009913915.1_ASM991391v1,NA,Gochujang
GCF_030020765.1_ASM3002076v1,Homo sapiens,aerobic blood culture bottle
GCF_004847545.1_ASM484754v1,Homo sapiens,stool
GCF_017164955.1_ASM1716495v1,NA,Bovine Faeces
GCF_001708485.1_ASM170848v1,Miscanthus x giganteus,Interior of surface sterilised leaf tissue
GCF_019969585.1_ASM1996958v1,NA,NA
GCF_013463555.1_ASM1346355v1,NA,Diaphorina citri
GCF_002813995.1_ASM281399v1,NA,chicken
GCF_000439475.1_ASM43947v1,NA,NA
GCF_014189265.1_ASM1418926v1,Homo sapiens,Anal
GCF_024599915.1_ASM2459991v1,NA,Ovis aries
GCF_026559755.1_ASM2655975v1,NA,NA
GCF_018336435.1_ASM1833643v1,NA,Chicken meat
GCF_000022485.1_ASM2248v1,NA,NA
GCF_032923285.1_ASM3292328v1,Macrocystis pyrifera gametophyte,Laboratory
GCF_000024245.1_ASM2424v1,NA,NA
GCF_017183775.1_ASM1718377v1,Homo sapiens,Clinical patient
GCF_000027125.1_ASM2712v1,NA,NA
GCF_948472415.1_JK4103,NA,NA
GCF_033227745.1_ASM3322774v1,Homo sapiens,NA
GCF_018739685.1_ASM1873968v1,NA,soil
GCF_001685565.1_ASM168556v1,Caenorhabditis elegans,NA
GCF_000817325.1_ASM81732v1,NA,NA
GCF_028596185.1_ASM2859618v1,NA,NA
GCF_030062935.1_ASM3006293v1,Meles meles,Feces
GCF_001901065.1_ASM190106v1,mouse,feces
GCF_030501455.2_ASM3050145v2,rodents,NA
GCF_003064165.2_ASM306416v2,NA,pond
GCF_000008125.1_ASM812v1,NA,NA
GCF_000316645.1_ASM31664v1,NA,moderate hot spring; Amparai District; Maha Oya; Sri Lanka; 1973
GCF_013167175.1_ASM1316717v1,cattle,cattle feces
GCF_040250275.1_ASM4025027v1,Homo sapiens,Beijing
GCF_016920995.2_ASM1692099v2,NA,Dairy Fermentation
GCF_003425835.1_ASM342583v1,Homo sapiens,blood
GCF_022591335.1_ASM2259133v1,Homo sapiens,skin
GCF_012272975.1_ASM1227297v1,Salmo salar,ENVO:01000312
GCF_019915505.1_ASM1991550v1,Homo sapiens,urine
GCF_905330295.2_AI2860v1_cpp,Homo sapiens,Hospital Universitario La Paz (Madrid)
GCF_030053155.1_ASM3005315v1,Phaseolus vulgaris,NA
GCF_023497985.1_ASM2349798v1,NA,Plant Leaf
GCF_018972225.1_ASM1897222v1,Homo sapiens,NA
GCF_033814055.1_ASM3381405v1,NA,Pig rectum feces
GCF_905232465.2_AI2617v1_cp,Homo sapiens,Complejo Asistencial Universitario de Salamanca (Salamanca)
GCF_025723145.1_ASM2572314v1,Homo sapiens,NA
GCF_028892955.1_ASM2889295v1,Bos taurus,Manila ropes placed above water tanks and feed bunks used as sampling devices
GCF_029625475.1_ASM2962547v1,NA,soil
GCF_023169985.1_ASM2316998v1,NA,NA
GCF_009913095.1_ASM991309v1,Homo sapiens,NA
GCF_003967015.1_ASM396701v1,NA,water
GCF_003203755.1_ASM320375v1,Homo sapiens,feces
GCF_001456095.3_ASM145609v3,Homo sapiens,blood
GCF_020535425.1_ASM2053542v1,NA,sod-podzolic soil
GCF_025263565.1_ASM2526356v1,Homo sapiens,sputum
GCF_026873485.1_ASM2687348v1,Homo sapiens,feces
GCF_001719145.1_ASM171914v1,Gossypium hirsutum,leaves
GCF_000300135.1_ASM30013v1,NA,Kimchi; Korean traditional fermented food
GCF_018199995.1_ASM1819999v1,NA,marine sediment
GCF_040029785.2_ASM4002978v1,Homo sapiens,sputum
GCF_023278545.1_ASM2327854v1,activated sludge,NA
GCF_009650355.1_ASM965035v1,NA,almond drupe
GCF_002633805.1_ASM263380v1,NA,bakery environment concentrated whipped topping
GCF_025560345.1_ASM2556034v1,walnut,crown gall
GCF_002905795.2_ASM290579v2,Prunus avium,ENVO_00000115
GCF_001456115.1_ASM145611v1,NA,soil
GCF_030644285.1_ASM3064428v1,NA,Oyster
GCF_000438685.2_ASM43868v2,NA,environment
GCF_009708855.1_ASM970885v1,Salmo salar,NA
GCF_019295365.2_ASM1929536v2,NA,shrimp seafood product
GCF_040363465.1_ASM4036346v1,NA,breast puncture fluid
GCF_030845475.1_ASM3084547v1,Homo sapiens,urine
GCF_010092485.1_ASM1009248v1,Canine,Canine feces
GCF_026247925.1_ASM2624792v1,Homo sapiens,bronchoaspirate
GCF_008807315.1_ASM880731v1,Homo sapiens,lung
GCF_001687125.1_ASM168712v1,Homo sapiens,Perirectal swab
GCF_900639485.1_E7240_hybrid_assembly,NA,NA
GCF_012295505.1_ASM1229550v1,NA,NA
GCF_002310635.1_ASM231063v1,canine,NA
GCF_019056455.1_ASM1905645v1,Homo sapiens,stool
GCF_038442265.1_CIRI-F19-10-CH6,cat,urine
GCF_900289125.1_CFBP2116_finsihed_replicons,NA,NA
GCF_022879615.1_ASM2287961v1,Leptoglossus zonatus,NA
GCF_002903045.1_ASM290304v1,NA,NA
GCF_013374195.1_ASM1337419v1,Homo sapiens,stomach
GCF_001274575.1_ASM127457v1,NA,NA
GCF_027944655.1_ASM2794465v1,NA,ICU staff rectal swab
GCF_036013045.1_ASM3601304v1,NA,NA
GCF_015355855.1_ASM1535585v1,NA,blood
GCF_023024425.1_ASM2302442v1,Homo sapiens,urine
GCF_001273795.1_ASM127379v1,Amblyomma cajennense,NA
GCF_003697265.1_ASM369726v1,NA,wastewater
GCF_003595645.1_ASM359564v1,Bos taurus,bovine lymph node
GCF_040763065.1_ASM4076306v1,Homo sapiens,Gut
GCF_033223225.1_ASM3322322v1,Homo sapiens,NA
GCF_025559725.1_ASM2555972v1,Camel,nasal swab
GCF_006351985.2_ASM635198v2,NA,Chilean kraft-pulp mill effluents
GCF_016446415.2_ASM1644641v2,Apple,NA
GCF_004332055.1_ASM433205v1,cow,animal-cattle-steer
GCF_904863205.1_INF008,Homo sapiens,urine
GCF_016454765.1_ASM1645476v1,NA,swine
GCF_018140965.1_ASM1814096v1,NA,Hospital environment
GCF_024266545.1_ASM2426654v1,Homo sapiens,urine
GCF_030553015.1_ASM3055301v1,Homo sapiens,sputum
GCF_033802645.2_ASM3380264v2,Homo sapiens,sputum
GCF_040267445.1_ASM4026744v1,Chicken,NA
GCF_006385655.1_ASM638565v1,NA,urine
GCF_029961325.1_ASM2996132v1,Homo sapiens,Wound/Abscess
GCF_033153635.1_ASM3315363v1,Homo sapiens,sputum
GCF_010365285.1_ASM1036528v1,NA,rhizosphere soil of tomato plants
GCF_030020535.1_ASM3002053v1,Homo sapiens,urine
GCF_007923905.2_ASM792390v2,NA,chicken
GCF_009733885.1_ASM973388v1,NA,NA
GCF_003641165.1_ASM364116v1,NA,fermented cassava roots (fufu)
GCF_024364965.1_ASM2436496v1,Homo sapiens,NA
GCF_003815995.1_ASM381599v1,fish,blood
GCF_030290995.1_ASM3029099v1,NA,NA
GCF_023299505.1_ASM2329950v1,NA,pet food (BARF)
GCF_013606065.1_ASM1360606v1,NA,Wastewater effluent sample
GCF_003430865.2_ASM343086v2,Homo sapiens,Peritoneal dialysis fluid
GCF_024662415.1_ASM2466241v1,NA,NA
GCF_009914475.1_ASM991447v1,Cows,cow feces
GCF_011068365.1_ASM1106836v1,NA,Musca domestica
GCF_009913695.1_ASM991369v1,NA,kimchi
GCF_037922005.1_ASM3792200v1,Dog,NA
GCF_016802315.1_ASM1680231v1,Homo sapiens,urine
GCF_022353945.1_ASM2235394v1,NA,Shek Wu Hui WWTPs_67 WWTPs effluent
GCF_005221925.1_ASM522192v1,NA,cattle
GCF_021491635.1_ASM2149163v1,Homo sapiens,urine
GCF_009388185.1_ASM938818v1,poultry,cloacal swabs
GCF_016454505.1_ASM1645450v1,NA,bovine
GCF_028609785.1_ASM2860978v1,Homo sapiens,respiratory tract specimen
GCF_907163145.1_AUSMDU00027944,Homo sapiens,feces
GCF_025345545.1_ASM2534554v1,NA,food
GCF_024399595.1_ASM2439959v1,giant panda,NA
GCF_002173595.1_ASM217359v1,NA,food
GCF_019355415.1_ASM1935541v1,Homo sapiens,urine
GCF_021474325.1_ASM2147432v1,Homo sapiens,patient
GCF_030506115.1_ASM3050611v1,elephant,feces
GCF_026506335.1_ASM2650633v1,NA,Chicken blood (Gallus gallus)
GCF_008274965.1_ASM827496v1,NA,Agricultural field
GCF_028538045.1_ASM2853804v1,NA,PAH-contaminated soil
GCF_002752815.1_ASM275281v1,NA,NA
GCF_028885455.1_ASM2888545v1,Magallana gigas,hemolymph
GCF_009618015.1_ASM961801v1,Homo,stool
GCF_026314335.1_ASM2631433v1,Homo sapiens,ENVO:01000156
GCF_001457495.1_NCTC13435,Homo sapiens,skin abscess
GCF_002000625.1_ASM200062v1,Homo sapiens,Wound left foot
GCF_000172795.2_ASM17279v2,NA,NA
GCF_004847345.1_ASM484734v1,Homo sapiens,stool
GCF_001695515.1_ASM169551v1,Bos taurus,calf feces
GCF_037755145.1_ASM3775514v1,NA,NA
GCF_029716005.1_ASM2971600v1,NA,Pooled soil sample collected from floor of pig farm
GCF_022220865.1_ASM2222086v1,NA,leaves
GCF_021655475.1_ASM2165547v1,Homo sapiens,human feces
GCF_002741015.1_ASM274101v1,Vicia alpestris,nodules
GCF_000430085.2_ASM43008v2,chicken,NA
GCF_037201785.1_ASM3720178v1,NA,oat silage sample
GCF_023008425.1_ASM2300842v1,NA,Pond silt
GCF_030845615.1_ASM3084561v1,Homo sapiens,wound
GCF_014622985.1_ASM1462298v1,NA,NA
GCF_003965345.2_ASM396534v2,Homo sapiens,NA
GCF_018075345.1_ASM1807534v1,NA,parent strain CV601 collected from dairy manure
GCF_001584725.1_ASM158472v1,Trimyema compressum,NA
GCF_030518695.1_ASM3051869v1,NA,water
GCF_014858545.1_ASM1485854v1,Homo sapiens,stool
GCF_002214305.1_ASM221430v1,Atlantic salmon,The RAS Atlantic Salmon facility
GCF_017357285.1_ASM1735728v1,lentil,NA
GCF_025560125.1_ASM2556012v1,walnut,crown gall
GCF_027474505.1_ASM2747450v1,pig,colonic digesta
GCF_000019545.1_ASM1954v1,NA,NA
GCF_000317125.1_ASM31712v1,NA,soil sample; near Greifswald; East Germany
GCF_038441255.1_ASM3844125v1,Homo sapiens,respiratory
GCF_028471885.1_ASM2847188v1,Homo sapiens,blood
GCF_001902195.1_ASM190219v1,Homo sapiens,Wound
GCF_002813615.1_ASM281361v1,NA,starter culture
GCF_027558075.1_ASM2755807v1,cat,otitis
GCF_003999445.1_ASM399944v1,common bean,leaves of Phaseolus vulgaris
GCF_003718655.1_ASM371865v1,NA,NA
GCF_003584585.1_ASM358458v1,NA,wastewater
GCF_024917975.1_ASM2491797v1,Homo sapiens,blood
GCF_024762135.1_ASM2476213v1,Homo sapiens,blood
GCF_013390265.1_ASM1339026v1,Homo sapiens,feces
GCF_029168535.1_ASM2916853v1,Homo sapiens,blood
GCF_019890935.1_ASM1989093v1,NA,Urban freshwater pond
GCF_031851535.1_ASM3185153v1,Larus michahellis,NA
GCF_001552035.1_ASM155203v1,Homo sapiens,NA
GCF_039725565.1_ASM3972556v1,NA,fermented mustard
GCF_031788295.1_ASM3178829v1,Homo sapiens,urine
GCF_030064735.1_ASM3006473v1,cattle,Anal swab
GCF_005221325.1_ASM522132v1,NA,NA
GCF_014058445.2_ASM1405844v2,NA,ready to eat mixed salad leaves (obtained from discount store)
GCF_038096205.1_BSN47,Homo sapiens,blood
GCF_030297115.1_ASM3029711v1,NA,activated sludgeENVO:00002046
GCF_947163785.1_KP47_2018-047100-007-01,Homo sapiens,NA
GCF_024363385.1_ASM2436338v1,NA,Brain-Heart-Infusion
GCF_002288285.1_ASM228828v1,NA,electronic waste-contaminated sediment
GCF_011044335.1_ASM1104433v1,NA,loach
GCF_000731295.1_RG1141_Ch_pA_pB,NA,Galega officinalis root nodule
GCF_028335345.1_ASM2833534v1,Bos taurus,fecal sample
GCF_019048385.1_ASM1904838v1,NA,NA
GCF_018223725.1_ASM1822372v1,NA,A bacterial consortium from cattle pasture soil; USA
GCF_025201235.1_ASM2520123v1,Paralichthys olivaceus,Diseased olive flounder
GCF_013376535.2_ASM1337653v2,NA,urine
GCF_030506325.1_ASM3050632v1,animal_env,NA
GCF_031663095.1_ASM3166309v1,Chicken,Brazilian imported chicken meats
GCF_002813595.1_ASM281359v1,Homo sapiens,liver abscess
GCF_001902215.1_ASM190221v1,Homo sapiens,Urine
GCF_022759845.1_ASM2275984v1,Homo sapiens,stool
GCF_036345155.1_ASM3634515v1,NA,soil
GCF_014884605.1_ASM1488460v1,NA,Cheese product
GCF_018128905.1_ASM1812890v1,NA,Potato rhizosphere; Soil
GCF_018873185.1_ASM1887318v1,NA,polluted mud
GCF_017638925.1_ASM1763892v1,NA,mangrove sediment
GCF_003546665.1_ASM354666v1,Oryctes gigas,NA
GCF_024271825.1_ASM2427182v1,Homo sapiens,peritoneal liquid
GCF_002902865.1_ASM290286v1,NA,NA
GCF_013167375.1_ASM1316737v1,bovine,NA
GCF_029849135.1_ASM2984913v1,NA,Waterfowl manure
GCF_024722455.1_ASM2472245v1,NA,chicken meat products
GCF_001647715.1_ASM164771v1,NA,ENVO:00002011
GCF_001865555.1_ASM186555v1,NA,chicken liver
GCF_030490715.1_ASM3049071v1,Homo sapiens,NA
GCF_906464895.1_WE0851,Homo sapiens,Urine
GCF_013340825.1_ASM1334082v1,Homo sapiens,human stool
GCF_013819325.1_ASM1381932v1,NA,Pooled sheep faecal samples collected from floor of farm
GCF_013394555.1_ASM1339455v1,Homo sapiens,stool
GCF_025984845.1_ASM2598484v1,Bovine,NA
GCF_020002305.1_ASM2000230v1,pig,feces
GCF_906464835.1_TM6294,Homo sapiens,Urine
GCF_007954215.2_ASM795421v2,Homo sapiens,NA
GCF_029319085.1_ASM2931908v1,chicken,NA
GCF_024298605.1_ASM2429860v1,Brassica rapa subsp. pekinensis,NA
GCF_016889805.1_ASM1688980v1,NA,NA
GCF_022372495.1_ASM2237249v1,NA,Freshwater
GCF_023374935.1_ASM2337493v1,Homo sapiens,postoperative intraabdominal drainage liquid
GCF_040739095.1_Sc1365665,Homo sapiens,blood
GCF_005885875.1_ASM588587v1,Homo sapiens,stool
GCF_005083985.2_ASM508398v2,NA,deep-sea hydrothermal vent
GCF_032597935.1_ASM3259793v1,NA,Dipodomys californicus; California kangaroo rat
GCF_033807855.1_ASM3380785v1,Legume root,NA
GCF_017352135.1_ASM1735213v1,lentil,NA
GCF_015694065.1_ASM1569406v1,Homo sapiens,urine
GCF_039784985.1_ST4147_assembly,NA,Dairy
GCF_022558645.1_ASM2255864v1,Homo sapiens,urine
GCF_000020345.1_ASM2034v1,NA,NA
GCF_009709075.1_ASM970907v1,Oncorhynchus mykiss,NA
GCF_005222345.1_ASM522234v1,NA,cattle
GCF_002173615.1_ASM217361v1,NA,food
GCF_009497655.1_ASM949765v1,Plant,NA
GCF_001028705.1_ASM102870v1,NA,sterile tools
GCF_018739485.1_ASM1873948v1,NA,soil
GCF_019443605.1_ASM1944360v1,Homo sapiens,bladder epithelial biopsy from 60-year-old female patient with recurrent urinary tract infection
GCF_023734855.1_ASM2373485v1,Homo sapiens,NA
GCF_003697165.2_ASM369716v2,NA,NA
GCF_014775695.1_ASM1477569v1,Seriola lalandi,NA
GCF_000418515.1_ASM41851v1,NA,NA
GCF_037226435.1_ASM3722643v1,Homo sapiens,bloodstream
GCF_011106815.1_ASM1110681v1,Homo sapiens,NA
GCF_021228615.1_ASM2122861v1,Homo sapiens,blood
GCF_000967345.1_ASM96734v1,NA,NA
GCF_002863665.1_ASM286366v1,NA,cattle
GCF_037901485.1_ASM3790148v1,Homo sapiens,NA
GCF_020181355.1_ASM2018135v1,Homo sapiens,human feces
GCF_017164935.1_ASM1716493v1,NA,Bovine Faeces
GCF_009708255.1_ASM970825v1,Salmo salar,NA
GCF_963855525.1_PS9952019,Homo sapiens,human wound
GCF_011212705.1_ASM1121270v1,NA,coral
GCF_024599975.1_ASM2459997v1,Homo sapiens,blood
GCF_014169695.1_ASM1416969v1,NA,wastewater
GCF_038441205.1_ASM3844120v1,Homo sapiens,respiratory
GCF_024971915.1_ASM2497191v1,NA,biogas digestate
GCF_001641045.1_ASM164104v1,Homo sapiens,blood
GCF_022558425.1_ASM2255842v1,NA,tea(De'ang pickled tea)
GCF_026559735.1_ASM2655973v1,NA,NA
GCF_000025165.1_ASM2516v1,Homo sapiens,infant with diarrhea
GCF_022964935.1_ASM2296493v1,Anguilla marmorata,NA
GCF_025723125.1_ASM2572312v1,Homo sapiens,NA
GCF_028892935.1_ASM2889293v1,Bos taurus,Manila ropes placed above water tanks and feed bunks used as sampling devices
GCF_003433515.1_ASM343351v1,NA,lava
GCF_025159115.1_ASM2515911v1,dog,anal swab
GCF_023330905.1_ASM2333090v1,Homo sapiens,stool
GCF_001188715.1_ASM118871v1,NA,NA
GCF_024298465.1_ASM2429846v1,Homo sapiens,NA
GCF_036233395.1_ASM3623339v1,Homo sapiens,Cystic fibrosis human lung
GCF_016757775.1_ASM1675777v1,NA,heavy metal containmented soil
GCF_033127885.1_ASM3312788v1,NA,soil
GCF_004919285.1_ASM491928v1,Homo sapiens,NA
GCF_009912735.1_ASM991273v1,Homo sapiens,NA
GCF_026636215.1_ASM2663621v1,Homo sapiens,Breast
GCF_000189535.1_ASM18953v1,NA,creosote-polluted soil
GCF_039909525.1_ASM3990952v1,Sus scrofa domesticus,culture
GCF_003073975.1_ASM307397v1,NA,NA
GCF_004135775.1_ASM413577v1,Homosapiens,urine
GCF_019915565.1_ASM1991556v1,Eclectus roratus,NA
GCF_030490575.1_ASM3049057v1,Homo sapiens,NA
GCF_030053135.1_ASM3005313v1,Phaseolus vulgaris,NA
GCF_018972245.1_ASM1897224v1,Homo sapiens,NA
GCF_019711215.1_ASM1971121v1,Homo sapiens,NA
GCF_005154805.1_ASM515480v1,NA,Contaminated Mine Soils
GCF_029632925.1_ASM2963292v1,NA,mangrove sediment
GCF_015291785.1_ASM1529178v1,cattle,NA
GCF_030295845.1_ASM3029584v1,pig,excrement
GCF_002215535.1_ASM221553v1,Homo sapiens,skin and mucous membranes
GCF_030166975.1_ASM3016697v1,Macrotermes natalensis colony Mn106,Worker head
GCF_002753035.1_ASM275303v1,NA,NA
GCF_025369775.1_ASM2536977v1,Poultry,Broiler
GCF_024330145.2_ASM2433014v2,Homo sapiens,stool sample
GCF_032820875.1_ASM3282087v1,NA,Influent wastewater
GCF_013694425.1_ASM1369442v1,Homo sapiens,NA
GCF_023612875.1_ASM2361287v1,NA,NA
GCF_009363115.1_ASM936311v1,NA,soil
GCF_964063415.1_Latilactobacillus_sakei_J33,NA,NA
GCF_019798005.1_ASM1979800v1,Homo sapiens,Blood
GCF_011064805.1_ASM1106480v1,Homo sapiens,NA
GCF_004324275.2_ASM432427v2,NA,feces
GCF_002164595.2_ASM216459v2,Homo sapiens,NA
GCF_005080965.1_ASM508096v1,Macrosiphum gaurae,air
GCF_037157695.1_ASM3715769v1,Homo sapiens,biliary fluid drainage
GCF_010093005.1_ASM1009300v1,Bactrocera dorsalis,NA
GCF_030489845.1_ASM3048984v1,Homo sapiens,NA
GCF_025142715.1_ASM2514271v1,NA,ENVO:00002034
GCF_031826655.1_ASM3182665v1,Homo sapiens,blood
GCF_014843315.1_ASM1484331v1,caprine,NA
GCF_029834565.1_ASM2983456v1,Homo sapiens,rectal swab
GCF_024346935.1_ASM2434693v1,NA,NA
GCF_025490575.1_ASM2549057v1,Solanum lycopersicum,rot tomato fruit
GCF_002949555.1_ASM294955v1,NA,NA
GCF_024800305.1_ASM2480030v1,Homo sapiens,rectal swab
GCF_002796525.1_ASM279652v1,NA,NA
GCF_040267675.1_ASM4026767v1,Homo sapiens,saliva
GCF_030297375.1_ASM3029737v1,Homo sapiens,Homo sapiens
GCF_008807095.1_ASM880709v1,NA,Milk fan
GCF_027595065.1_ASM2759506v1,Homo sapiens,NA
GCF_030020705.1_ASM3002070v1,Homo sapiens,urine
GCF_003015225.1_ASM301522v1,NA,Synechocystis sp. GT-L
GCF_001693655.1_ASM169365v1,NA,China: Zibo; Shandong
GCF_002006565.1_ASM200656v1,NA,water kefir
GCF_025258805.1_ASM2525880v1,Homo sapiens,sputum
GCF_019134675.1_ASM1913467v1,Duck,liver
GCF_030585465.1_ASM3058546v1,NA,bovine feces
GCF_020736325.1_ASM2073632v1,NA,NA
GCF_030013455.1_ASM3001345v1,Sus scrofa,feces
GCF_037944065.1_ASM3794406v1,Chicken,liver
GCF_016864375.1_ASM1686437v1,Vachellia farnesiana,nodules
GCF_013796805.1_ASM1379680v1,NA,Wastewater effluent sample
GCF_904711295.1_2015-01-466,Sus scrofa domesticus,Pig
GCF_001989515.1_ASM198951v1,NA,riverwater
GCF_016728825.1_ASM1672882v1,NA,NA
GCF_004120035.1_ASM412003v1,Homo sapiens,sputum
GCF_029691705.1_ASM2969170v1,Homo sapiens,Forehead
GCF_018140905.1_ASM1814090v1,Homo sapiens,NA
GCF_016454705.1_ASM1645470v1,NA,swine
GCF_009938225.1_ASM993822v1,NA,NA
GCF_024266525.1_ASM2426652v1,Homo sapiens,stool
GCF_039880275.1_ASM3988027v1,NA,Tenebrio Molitor feces
GCF_030553075.1_ASM3055307v1,NA,Novel isolate from a UK brine cave
GCF_016756395.1_ASM1675639v1,NA,soil
GCF_024397795.1_ASM2439779v1,Rat,intestinal lumen
GCF_025958905.1_ASM2595890v1,Homo sapiens,NA
GCF_030061685.1_ASM3006168v1,Homo sapiens,Isolated from blood of a 29 years old male
GCF_000009865.1_ASM986v1,NA,NA
GCF_019355615.1_ASM1935561v1,Himalayan blackberry,NA
GCF_036289085.1_ASM3628908v1,Homo sapiens,throat swab
GCF_040783495.1_ASM4078349v1,Homo sapiens,Unstimulated saliva
GCF_014805825.1_ASM1480582v1,Ulva pertusa (algae),Alga (ENVO:02500019)
GCF_021184125.1_ASM2118412v1,Homo sapiens,fecal sample from patient
GCF_004332555.2_ASM433255v2,Homo sapiens,Clinical sample: throat
GCF_036595795.1_ASM3659579v1,NA,salt marsh
GCF_015679945.1_ASM1567994v1,Homo sapiens,Oral
GCF_025559745.1_ASM2555974v1,Camel,nasal swab
GCF_000967115.1_CT1,NA,NA
GCF_003491165.1_ASM349116v1,Homo sapiens,human stool
GCF_023299705.1_ASM2329970v1,NA,pet food (BARF)
GCF_024662615.1_ASM2466261v1,NA,NA
GCF_018987285.1_ASM1898728v1,NA,weathered tuff
GCF_001594345.1_ASM159434v1,Homo sapiens,feces
GCF_013813425.1_ASM1381342v1,NA,Pooled pig faecal samples collected from floor of farm
GCF_003071325.1_ASM307132v1,NA,NA
GCF_000092485.1_ASM9248v1,NA,NA
GCF_029961345.1_ASM2996134v1,Homo sapiens,Wound/Abscess
GCF_000211235.1_ASM21123v1,NA,Homo sapiens
GCF_000019925.1_ASM1992v1,NA,NA
GCF_014839205.2_ASM1483920v2,Brassica napus,Seed
GCF_040739205.1_Sc1191106,Homo sapiens,vascular line tip
GCF_012849055.1_ASM1284905v1,NA,Flower of Rhododendron schlippenbachii
GCF_013343595.1_ASM1334359v1,NA,cattle feces
GCF_028748145.1_ASM2874814v1,Culex pipiens,mosquito midgut
GCF_001518735.1_ASM151873v1,Homo sapiens,feces
GCF_036417315.1_ASM3641731v1,NA,Pixian Douban
GCF_038380085.1_ASM3838008v1,Sus scrofa domesticus,NA
GCF_001902415.1_ASM190241v1,Homo sapiens,skin swab
GCF_001741665.1_ASM174166v1,Homo sapiens,abdominal drainage
GCF_964052415.1_30821_1_117,NA,NA
GCF_003443775.1_ASM344377v1,NA,ocean
GCF_040268295.1_ASM4026829v1,pigeon,pigeon
GCF_003111685.1_ASM311168v1,NA,oil-contaminated sediment
GCF_012562765.1_ASM1256276v1,Plateumaris pusilla,Beetle Malpighian tubules
GCF_004766445.2_ASM476644v2,NA,water
GCF_003597615.1_ASM359761v1,NA,kimchi
GCF_003790525.1_ASM379052v1,NA,chicken
GCF_036057275.1_ASM3605727v1,NA,soil
GCF_023035575.1_ASM2303557v1,domestic chicken,blood
GCF_009176785.1_ASM917678v1,Homo sapiens,blood
GCF_006337045.1_ASM633704v1,Homo sapiens,feces
GCF_002288485.1_ASM228848v1,G.max,NA
GCF_006384875.1_ASM638487v1,NA,Chives
GCF_015355835.1_ASM1535583v1,NA,blood
GCF_900640265.1_E4239_hybrid_assembly,NA,NA
GCF_027944635.1_ASM2794463v1,NA,ICU staff rectal swab
GCF_963853465.1_ASM96385346v1,NA,NA
GCF_005221525.1_ASM522152v1,NA,cattle
GCF_018415975.1_ASM1841597v1,swine,intestinal and liver
GCF_040822485.1_ASM4082248v1,Homo sapiens,feces
GCF_025311295.1_ASM2531129v1,Homo sapiens,Carcass Rinse
GCF_030845415.1_ASM3084541v1,Homo sapiens,wound
GCF_018075145.1_ASM1807514v1,NA,respiratory
GCF_022811645.1_ASM2281164v1,NA,a pond on the Huanglong mountain
GCF_002741595.1_ASM274159v1,Homo sapiens,stool
GCF_009740085.1_ASM974008v1,Homo sapiens,NA
GCF_964038705.1_30348_1_3,NA,NA
GCF_026247945.1_ASM2624794v1,Homo sapiens,urine
GCF_003668795.1_ASM366879v1,NA,sea water
GCF_017357085.1_ASM1735708v1,Homo sapiens,feces
GCF_018075325.1_ASM1807532v1,Homo sapiens,NA
GCF_019047765.1_ASM1904776v1,NA,NA
GCF_030845675.1_ASM3084567v1,Homo sapiens,NA
GCF_003966835.1_ASM396683v1,NA,fig leaf
GCF_007182835.1_ASM718283v1,NA,NA
GCF_015356815.2_ASM1535681v2,Porcellio scaber,hepatopancreas
GCF_019550945.1_ASM1955094v1,Homo sapiens,blood
GCF_016919265.1_ASM1691926v1,NA,Plastic debris in land/lake environment
GCF_020702535.2_ASM2070253v2,Homo sapiens,NA
GCF_020827575.1_ASM2082757v1,Homo sapiens,blood
GCF_021655415.1_ASM2165541v1,Homo sapiens,NA
GCF_039909515.1_ASM3990951v1,Bos taurus,culture
GCF_016605985.1_ASM1660598v1,NA,deep-sea sediment
GCF_000743035.1_ASM74303v1,Acanthamoeba polyphaga HN-3,NA
GCF_020341615.1_ASM2034161v1,NA,Dongxiang wild rice
GCF_025765875.1_ASM2576587v1,Oryza sativa,NA
GCF_003971525.1_ASM397152v1,chicken,cecum
GCF_018118585.1_ASM1811858v1,Bos taurus,Bovine rumen
GCF_023094055.1_ASM2309405v1,NA,cecal contents
GCF_017863855.1_ASM1786385v1,Homo sapiens,urine
GCF_009363715.1_ASM936371v1,NA,Surface of a polyethylene microplastic particle present in tank 6 of a marine aquarium containing stony-coral fragments and water maintained at 26 degree C
GCF_024917915.1_ASM2491791v1,Homo sapiens,blood
GCF_027474565.1_ASM2747456v1,Gallus gallus,liver
GCF_029854965.1_ASM2985496v1,Aesculus hippocastanum,NA
GCF_004136115.1_ASM413611v1,Homo sapiens,stool
GCF_020904975.2_ASM2090497v2,Homo sapiens,urethal swab
GCF_000418305.1_ASM41830v1,NA,NA
GCF_001277915.1_ASM127791v1,NA,soil
GCF_901446615.2_ASM90144661v2,NA,alginate-supplemented microcosm
GCF_947313835.2_23220_1_11_h_nanopore,Bos taurus,bovine milk
GCF_002012005.1_ASM201200v1,Homo sapiens,NA
GCF_038441235.1_ASM3844123v1,Homo sapiens,respiratory
GCF_022353925.1_ASM2235392v1,NA,Shek Wu Hui WWTPs_68 WWTPs effluent
GCF_018741165.1_ASM1874116v1,NA,soil
GCF_020035535.1_ASM2003553v1,NA,The sample was isolated from cell culture after 9 month of microevolution experiment
GCF_001900655.1_ASM190065v1,dog,NA
GCF_002871345.2_ASM287134v2,Homo sapiens,catheter
GCF_019977255.1_ASM1997725v1,NA,soil
GCF_023299565.1_ASM2329956v1,NA,pet food (BARF)
GCF_023547485.1_ASM2354748v1,Homo sapiens,Bronchial
GCF_000192635.1_ASM19263v1,NA,NA
GCF_024662475.1_ASM2466247v1,NA,NA
GCF_018736065.1_ASM1873606v1,NA,NA
GCF_031165565.1_ASM3116556v1,NA,salt-fermented food
GCF_000170955.2_ASM17095v2,NA,NA
GCF_903886475.1_Streptococcus_thermophilus_CIRM_65,NA,lactic starter (for yogurt making)
GCF_004119535.1_ASM411953v1,NA,food
GCF_019710495.1_ASM1971049v1,Severely burned patient,burn wound
GCF_000583755.1_ASM58375v1,swine,NA
GCF_001690035.1_ASM169003v1,NA,food
GCF_014334175.1_ASM1433417v1,NA,NA
GCF_036865905.1_ASM3686590v1,Triticum aestivum 'Rembrandt',Flag leaf of wheat
GCF_019063905.1_ASM1906390v1,NA,market chicken
GCF_028752395.1_ASM2875239v1,Oryza sativa,rice leaf
GCF_001634285.1_ASM163428v1,NA,Soil
GCF_025254305.1_ASM2525430v1,NA,transconjugant from Escherichia coli strain HB42
GCF_037892105.1_ASM3789210v1,Fish,NA
GCF_025345525.1_ASM2534552v1,NA,food
GCF_021474345.1_ASM2147434v1,Homo sapiens,patient
GCF_026506355.1_ASM2650635v1,NA,Chicken lung (Gallus gallus)
GCF_001455365.1_ASM145536v1,crucian carp,Blood of a diseased crucian carp with haemorrhagic septicaemia
GCF_017347565.1_ASM1734756v1,NA,NA
GCF_001623805.1_ASM162380v1,Homo sapiens,NA
GCF_019355475.1_ASM1935547v1,Homo sapiens,NA
GCF_006280355.1_ASM628035v1,chicken,young chicken
GCF_003030045.1_ASM303004v1,Homo sapiens,human
GCF_036702845.1_ASM3670284v1,NA,NA
GCF_022788675.1_ASM2278867v1,NA,Seawater from the North Pacific Ocean incubated within a mesocosm experiment with diatom exudates at 6 C for 6 days.
GCF_003018895.1_ASM301889v1,Homo sapiens,stool
GCF_022354305.1_ASM2235430v1,NA,Shatin WWTPs_12 WWTPs effluent
GCF_023279165.1_ASM2327916v1,maize,NA
GCF_003020825.1_ASM302082v1,Homo sapiens,tracheal secretion isolated from an uncertain age woman
GCF_001269425.1_ASM126942v1,Draeculacephala minerva,NA
GCF_024158965.2_ASM2415896v2,Homo sapiens,tongue coating
GCF_009660375.2_ASM966037v2,Homo sapiens,blood
GCF_023983615.1_ASM2398361v1,NA,Photobioreactor
GCF_012149945.1_ASM1214994v1,Homo sapiens,feces
GCF_022557235.1_ASM2255723v1,Helianthus annuus,NA
GCF_025987705.1_ASM2598770v1,Phaseolus vulgaris,leaf
GCF_022213405.2_ASM2221340v2,Homo sapiens,NA
GCF_011604825.1_ASM1160482v1,NA,NA
GCF_003925915.1_ASM392591v1,Homo sapiens,ascites
GCF_036287275.1_ASM3628727v1,Homo sapiens,NA
GCF_028335185.1_ASM2833518v1,Bos taurus,fecal sample
GCF_001953695.1_ASM195369v1,Homo sapiens,stool
GCF_014361285.1_ASM1436128v1,Homo sapiens,bile
GCF_003325975.1_ASM332597v1,Giant panda,feces
GCF_001717605.1_ASM171760v1,NA,Housefly
GCF_003660205.1_ASM366020v1,Homo sapiens,sputum
GCF_000770355.2_ASM77035v2,Areca catechu,NA
GCF_016904735.2_ASM1690473v2,Yunnan,Bat
GCF_001562315.1_ASM156231v1,NA,seawater
GCF_000015745.1_ASM1574v1,NA,NA
GCF_024585565.1_ASM2458556v1,Poultry,Cloacal sample
GCF_000815225.1_ASM81522v1,NA,NA
GCF_900175995.1_ASM90017599v1,NA,NA
GCF_033219955.1_ASM3321995v1,Homo sapiens,NA
GCF_019175505.1_ASM1917550v1,NA,stream/river surface water
GCF_015139575.1_ASM1513957v1,Homo sapiens,sputum
GCF_004768605.1_ASM476860v1,Homo sapiens,NA
GCF_001021635.2_ASM102163v2,Gallus gallus,air sac
GCF_000026405.1_ASM2640v1,NA,NA
GCF_023362075.1_ASM2336207v1,Homo sapiens,blood
GCF_030053195.1_ASM3005319v1,NA,feces
GCF_003018115.1_ASM301811v1,NA,NA
GCF_001663755.1_ASM166375v1,NA,brewery environment
GCF_030067875.1_ASM3006787v1,NA,soil
GCF_027886525.1_ASM2788652v1,Homo sapiens,Tracheal Aspirate/Wash
GCF_027571365.1_ASM2757136v1,Homo sapiens,sputum
GCF_012220065.1_ASM1222006v1,NA,sewage from Environmental Centre Robert O. Picard
GCF_003429525.1_ASM342952v1,NA,Tsoundzou
GCF_028892995.1_ASM2889299v1,Bos taurus,Manila ropes placed above water tanks and feed bunks used as sampling devices
GCF_008369605.1_ASM836960v1,NA,North Park Lake
GCF_035989305.1_ASM3598930v1,NA,NA
GCF_001890365.1_ASM189036v1,Homo sapiens,clinical
GCF_033129825.1_ASM3312982v1,Homo sapiens,feces
GCF_000742895.1_ASM74289v1,NA,NA
GCF_900184385.1_STMU2UK,NA,NA
GCF_912579715.1_CC177238,NA,NA
GCF_017164995.1_ASM1716499v1,Homo sapiens,feces
GCF_019969545.1_ASM1996954v1,NA,NA
GCF_019823005.1_ASM1982300v1,Rhizosphere of Soybean,NA
GCF_032614175.1_ASM3261417v1,Roots of Beta vulgaris; variety Pablo,Greenhous Agroscope Waedenswil
GCF_001664225.1_ASM166422v1,Phaseolus vulgaris,legume-root nodule
GCF_025143105.1_ASM2514310v1,NA,ENVO:00002034
GCF_036061255.1_ASM3606125v1,NA,soil
GCF_013376835.1_ASM1337683v1,NA,NA
GCF_026559795.1_ASM2655979v1,NA,NA
GCF_015571815.1_ASM1557181v1,Sus scrofa domesticus,feces
GCF_018739645.1_ASM1873964v1,NA,soil
GCF_002761155.1_ASM276115v1,NA,Human
GCF_036866415.1_ASM3686641v1,Triticum aestivum 'Heerup',Flag leaf of wheat
GCF_020401845.1_ASM2040184v1,NA,soil
GCF_004011905.1_ASM401190v1,NA,Polluted soil
GCF_024663255.1_ASM2466325v1,NA,NA
GCF_001565875.1_ASM156587v1,NA,soil
GCF_003667965.1_ASM366796v1,NA,Biomedical source
GCF_004001165.1_ASM400116v1,Homo sapiens,NA
GCF_013826985.1_ASM1382698v1,NA,Pooled pig faecal samples collected from floor of farm
GCF_027286165.1_ASM2728616v1,Homo sapiens,blood of patient with fever after tick-bite innoculated in SCID mouse; and isolated in MKP-F culture
GCF_010587305.1_ASM1058730v1,Neoaliturus tenellus,NA
GCF_028596145.1_ASM2859614v1,NA,NA
GCF_900322725.1_C45,Homo sapiens,hospital
GCF_017723895.1_ASM1772389v1,Glycine max,NA
GCF_009884355.1_ASM988435v1,Homo sapiens,stool
GCF_029953635.1_ASM2995363v1,NA,Whale bone on the intertidal seashore of Punta Plaza; Antarctica
GCF_025583565.2_ASM2558356v2,chicken,feces
GCF_040403735.1_WHO_J_2024,Homo sapiens,Urogenital
GCF_015843075.1_ASM1584307v1,Homo sapiens,Urine sample
GCF_022494705.1_ASM2249470v1,NA,river water
GCF_014169455.1_ASM1416945v1,NA,wastewater
GCF_026074235.1_ASM2607423v1,Canis lupus familiaris,urine
GCF_033868275.1_ASM3386827v1,Homo sapiens,patient
GCF_003665535.1_ASM366553v1,Homo sapiens,NA
GCF_036704625.1_ASM3670462v1,NA,human
GCF_036785835.1_ASM3678583v1,Homo sapiens,NA
GCF_003568585.1_meiothermus1.04,NA,NA
GCF_020388395.1_ASM2038839v1,Homo sapiens,Skin swab
GCF_012275165.1_ASM1227516v1,Populus davidiana x Populus alba var. pyramidalis (PdPap),Xylem
GCF_032296485.1_ASM3229648v1,Homo sapiens,NA
GCF_015243435.1_ASM1524343v1,NA,cat
GCF_036923335.1_STEC26,NA,NA
GCF_003956305.1_ASM395630v1,Homo sapiens,stool
GCF_001908455.1_ASM190845v1,NA,Stinky Tofu
GCF_002142715.1_ASM214271v1,Homo sapiens,blood
GCF_019973795.1_ASM1997379v1,Homo sapiens,NA
GCF_002356235.1_ASM235623v1,Morone chrysops x Morone saxatilis,NA
GCF_023362215.1_ASM2336221v1,Homo sapiens,sputum
GCF_009931595.1_ASM993159v1,sugarcane,YG48
GCF_024331535.2_ASM2433153v2,Homo sapiens,stool sample
GCF_014681765.1_ASM1468176v1,NA,Sandy intertidal sediment
GCF_006088715.1_ASM608871v1,NA,soil
GCF_009834285.1_ASM983428v1,Homo sapiens,blood
GCF_025141855.1_ASM2514185v1,NA,ENVO:00002034
GCF_034066905.1_ASM3406690v1,Homo sapiens,urine
GCF_002078375.4_ASM207837v4,NA,Dairy fermentation
GCF_000013605.1_ASM1360v1,NA,NA
GCF_034629665.1_ASM3462966v1,Medicago lupulina,NA
GCF_029717425.1_ASM2971742v1,NA,Pooled sediment sample collected from floor of cattle farm
GCF_009883835.1_ASM988383v1,Penaeus japonicus,AHPND infected Penaeus japonicus
GCF_024585705.1_ASM2458570v1,Poultry,Cloacal sample
GCF_028219695.1_ASM2821969v1,Homo sapiens,sputum
GCF_027945015.1_ASM2794501v1,NA,sink drain
GCF_017638985.1_ASM1763898v1,NA,surface water
GCF_002208765.2_ASM220876v2,NA,permafrost
GCF_018861255.2_ASM1886125v2,Homo sapiens,urine
GCF_905232115.2_AI2699v1_cp,Homo sapiens,Hospital Universitario Central de Asturias (Oviedo)
GCF_030061615.1_ASM3006161v1,Homo sapiens,Isolated from blood of an 54 years old female
GCF_008728655.1_ASM872865v1,NA,rubber production plant territory
GCF_019048325.1_ASM1904832v1,NA,NA
GCF_018223785.1_ASM1822378v1,Homo sapiens,blood
GCF_905220805.1_CFBP_6600,NA,leaf spots
GCF_029691795.1_ASM2969179v1,Homo sapiens,Forehead
GCF_012169275.1_ASM1216927v1,Chroicocephalus novaehollandiae (Australian Silver Gull chick),NA
GCF_030292035.1_ASM3029203v1,NA,pine forrest soil between two spruce trees
GCF_020389525.1_ASM2038952v1,Homo sapiens,Skin swab
GCF_016415445.1_ASM1641544v1,Homo sapiens,rectal swab
GCF_006228165.1_ASM622816v1,Homo sapiens,NA
GCF_017894305.1_ASM1789430v1,NA,clinical
GCF_018228605.1_ASM1822860v1,NA,soil
GCF_025561505.1_ASM2556150v1,Camel,milk
GCF_002285835.1_ASM228583v1,NA,environmental swab
GCF_001359015.2_129_0238,NA,Not known
GCF_000648735.3_ASM64873v3,Actinidia deliciosa 'Hayward',NA
GCF_024363325.1_ASM2436332v1,NA,Brain-Heart-Infusion
GCF_009856545.1_ASM985654v1,NA,sludge
GCF_903891135.1_Streptococcus_thermophilus_CIRM_1121,NA,lactic starter (for yogurt making)
GCF_014621695.1_ASM1462169v1,NA,leaf
GCF_002951935.1_ASM295193v1,honeybees,NA
GCF_019329605.1_ASM1932960v1,Homo sapiens,NA
GCF_022354165.1_ASM2235416v1,NA,Shek Wu Hui WWTPs_1 WWTPs effluent
GCF_020215625.1_ASM2021562v1,Homo sapiens,urine
GCF_019890995.1_ASM1989099v1,Correlophus ciliatus,NA
GCF_033854795.1_ASM3385479v1,Homo sapiens,patient
GCF_004214875.1_ASM421487v1,Catharanthus roseus,Periwinkle (C. roseus) plants placed in a phytoplasma infected vineyard; natuarally infected by vectors (M. fuscovaria)
GCF_004526255.1_ASM452625v1,Homo sapiens,NA
GCF_018289315.1_ASM1828931v1,Homo sapiens,feces
GCF_000092505.1_ASM9250v1,NA,NA
GCF_000091665.1_ASM9166v1,NA,NA
GCF_024299245.1_ASM2429924v1,Homo sapiens,NA
GCF_036289245.1_ASM3628924v1,Homo sapiens,urine
GCF_040516045.1_ASM4051604v1,NA,Cabbage kimchi inoculated with MRS-enriched fecal LAB
GCF_028609745.1_ASM2860974v1,NA,fermented milk
GCF_016756155.1_ASM1675615v1,Homo sapiens,sputum
GCF_040518045.1_ASM4051804v1,Homo sapiens,NA
GCF_000298515.2_ASM29851v2,Bos taurus,cattle during an outbreak of enteritis
GCF_964198625.1_Zagreb025_hybrid_assembly.fa.gz,Homo sapiens,clinical material
GCF_001664425.1_ASM166442v1,Phaseolus vulgaris,legume-root nodule
GCF_002855415.1_ASM285541v1,NA,clinical patient
GCF_022923675.1_ASM2292367v1,Homo sapiens,gastric biopsy
GCF_025559585.1_ASM2555958v1,Cattle,milk
GCF_001499615.1_Acetobacter_senegalensis_108B,NA,NA
GCF_038248495.1_ASM3824849v1,Homo sapiens,stool
GCF_006365335.1_ASM636533v1,NIST Mixed Microbial RM strain,ATCC Isolate
GCF_008330085.1_ASM833008v1,Homo sapiens,blood
GCF_000210915.2_ASM21091v2,NA,NA
GCF_002381285.1_ASM238128v1,NA,clam larvae aquaculture
GCF_040047705.1_ASM4004770v1,Homo sapiens,NA
GCF_018326345.1_ASM1832634v1,Brassica rapa,vegetable
GCF_012224765.1_ASM1222476v1,NA,duck meat
GCF_003018715.1_ASM301871v1,Homo sapiens,Stool
GCF_022353985.1_ASM2235398v1,NA,Shek Wu Hui WWTPs_62 WWTPs effluent
GCF_024227435.1_ASM2422743v1,NA,sediment
GCF_037918925.1_ASM3791892v1,Dog,NA
GCF_036226505.1_ASM3622650v1,NA,NA
GCF_024508075.1_ASM2450807v1,NA,cow
GCF_003571825.1_ASM357182v1,NA,NA
GCF_016903275.1_ASM1690327v1,Homo sapiens,NA
GCF_949790605.1_SF2022_genome,NA,bacterial strain isolated from smoked salmon
GCF_020542785.1_ASM2054278v1,NA,environmental
GCF_011045775.1_ASM1104577v1,NA,a feces sample of chicken origin
GCF_008152105.1_ASM815210v1,Homo sapiens,NA
GCF_002844755.2_ASM284475v2,Equus caballus,fetal tissue
GCF_003717535.1_ASM371753v1,NA,NA
GCF_033704075.1_ASM3370407v1,NA,NA
GCF_900622695.1_MS14384,Homo sapiens,blood
GCF_009649895.1_ASM964989v1,flower,flower shop
GCF_013374335.1_ASM1337433v1,NA,swine (food source)
GCF_002954185.1_ASM295418v1,Olea europaea,olive twig showing symptoms of olive quick decline syndrome
GCF_014217215.1_ASM1421721v1,duck,brain
GCF_023516075.1_ASM2351607v1,Homo sapiens,Human feces
GCF_026153495.1_ASM2615349v1,Homo sapiens,blood
GCF_013349065.1_ASM1334906v1,NA,bed sheets
GCF_002119445.1_ASM211944v1,NA,NA
GCF_025200675.1_ASM2520067v1,Bos taurus,feedlot
GCF_001932735.1_ASM193273v1,Salmo salar,Liver
GCF_902723705.1_Kpn2166,Homo sapiens,stool
GCF_004063735.1_ASM406373v1,Homo sapiens,NA
GCF_021464465.1_ASM2146446v1,Homo sapiens,NA
GCF_017357245.1_ASM1735724v1,lentil,NA
GCF_009930835.1_ASM993083v1,Homo sapiens,Blood and wound
GCF_030518655.1_ASM3051865v1,NA,soil
GCF_017161825.1_ASM1716182v1,Homo sapiens,NA
GCF_010092625.1_ASM1009262v1,Homo sapiens,urine
GCF_021137815.1_ASM2113781v1,Homo sapiens,blood
GCF_019464575.1_ASM1946457v1,Homo sapiens,skin
GCF_013784645.1_ASM1378464v1,NA,Wastewater influent sample
GCF_013256425.1_ASM1325642v1,NA,soil
GCF_022170785.1_ASM2217078v1,Environment,soil
GCF_005860925.2_ASM586092v2,Pisum sativum l. (pea),pea root nodules
GCF_025311235.1_ASM2531123v1,Homo sapiens,Poultry Meat
GCF_017357025.1_ASM1735702v1,Homo sapiens,NA
GCF_013403435.2_ASM1340343v2,NA,ISS environmental surface
GCF_015680045.1_ASM1568004v1,Homo sapiens,cerebrospinal fluid
GCF_900092475.1_Ef_aus00233,Homo sapiens,Clinical
GCF_019056495.1_ASM1905649v1,Buteo jamaicensis,ENVO:01000155
GCF_018449005.1_ASM1844900v1,NA,milk
GCF_004802635.2_ASM480263v2,NA,Sphagnum peat bog lake
GCF_025244645.1_ASM2524464v1,Homo sapiens,urine
GCF_013374155.1_ASM1337415v1,Sus scrofa domesticus,stomach
GCF_024199045.2_ASM2419904v2,Homo sapiens,urine
GCF_026898155.1_ASM2689815v1,NA,NA
GCF_026692625.1_ASM2669262v1,NA,Thermophilic anaerobic digester
GCF_021513015.1_ASM2151301v1,Homo sapiens,saliva
GCF_023518215.1_ASM2351821v1,NA,soil
GCF_024652865.1_ASM2465286v1,bovine,manure
GCF_002831485.1_ASM283148v1,NA,meat processing facility
GCF_023516215.1_ASM2351621v1,NA,hot underground spring
GCF_027944695.1_ASM2794469v1,NA,ICU patient oral swab
GCF_000007165.1_ASM716v1,NA,NA
GCF_015355895.1_ASM1535589v1,NA,blood
GCF_003952785.1_ASM395278v1,NA,water
GCF_000439415.2_ASM43941v2,NA,frozen raw shrimp
GCF_023611705.1_ASM2361170v1,Homo sapiens,urethra
GCF_039719015.1_ASM3971901v1,soybean,NA
GCF_026873445.1_ASM2687344v1,Homo sapiens,feces
GCF_001991075.2_ASM199107v2,NA,NA
GCF_030271915.1_ASM3027191v1,chicken,chicken intestinal contents
GCF_018199955.1_ASM1819995v1,Homo sapiens,NA
GCF_002355455.1_ASM235545v1,NA,soil
GCF_030930995.1_ASM3093099v1,NA,hydrogen sulfide spring
GCF_013734035.1_ASM1373403v1,NA,Wastewater influent sample
GCF_019967715.1_ASM1996771v1,NA,Braised chicken
GCF_030296735.1_ASM3029673v1,NA,Oil sludge
GCF_024741575.1_ASM2474157v1,Macaca mulatta,Wild animal
GCF_017724215.1_ASM1772421v1,Homo sapiens,Respiratory specimen
GCF_032382315.1_ASM3238231v1,NA,NA
GCF_029392935.1_ASM2939293v1,Homo sapiens,NA
GCF_001699105.2_ASM169910v2,Homo sapiens,blood from patient with pneumonia
GCF_009909325.1_ASM990932v1,Homo sapiens,liver abscess
GCF_022559065.1_ASM2255906v1,Homo sapiens,NA
GCF_003085735.1_ASM308573v1,Penaeus vannamei,NA
GCF_003345375.1_ASM334537v1,NA,honey
GCF_002180175.1_ASM218017v1,NA,NA
GCF_002221505.1_ASM222150v1,mussels,mussels
GCF_023333675.1_ASM2333367v1,Homo sapiens,sputum
GCF_003369735.1_ASM336973v1,Homo sapiens,sputum
GCF_011046895.1_ASM1104689v1,NA,soil
GCF_002852675.2_ASM285267v2,Homo sapiens,NA
GCF_003037325.3_ASM303732v3,Homo sapiens,NA
GCF_000284095.1_ASM28409v1,NA,NA
GCF_022163245.2_ASM2216324v2,Homo sapiens,respiratory culture
GCF_025790825.1_ASM2579082v1,Homo sapiens,blood
GCF_025502485.1_ASM2550248v1,NA,soil
GCF_024732345.1_ASM2473234v1,Homo sapiens,stool
GCF_033815475.1_ASM3381547v1,NA,Pig rectum feces
GCF_003665335.1_ASM366533v1,NA,Natto
GCF_032164335.1_ASM3216433v1,NA,cucumber fermentation brine
GCF_018289175.1_ASM1828917v1,Homo sapiens,feces
GCF_016726885.1_ASM1672688v1,NA,NA
GCF_003194345.1_ASM319434v1,Homo sapiens,NA
GCF_021474185.1_ASM2147418v1,NA,soil
GCF_000253135.1_ASM25313v1,Homo sapiens,human wound secretion
GCF_009664775.1_ASM966477v1,Homo sapiens,NA
GCF_036289025.1_ASM3628902v1,Homo sapiens,urine
GCF_951802375.2_Paer3541.1,Homo sapiens,throat culture
GCF_027886545.1_ASM2788654v1,Homo sapiens,urine
GCF_020041945.1_ASM2004194v1,NA,Penaeus vannamei (Whiteleg shrimp)
GCF_006457285.1_ASM645728v1,Oryctes gigas,NA
GCF_037291835.1_ASM3729183v1,NA,Yangzhou Grand Canal
GCF_000007765.2_ASM776v2,NA,NA
GCF_002151485.1_ASM215148v1,Homo sapiens,NA
GCF_038098635.1_ASM3809863v1,Homo sapiens,PCO:1000004
GCF_040363695.1_ASM4036369v1,NA,breast puncture fluid
GCF_009931015.1_ASM993101v1,Homo sapiens,Physical
GCF_002082705.1_ASM208270v1,Homo sapiens,Pulmonary
GCF_003589725.1_ASM358972v1,Homo sapiens,healthy infant fecal samples
GCF_023362015.1_ASM2336201v1,Homo sapiens,blood
GCF_003032015.1_ASM303201v1,NA,NA
GCF_003515525.1_ASM351552v1,Solanum tuberosum,Potato bacterial wilt
GCF_000010905.1_ASM1090v1,NA,NA
GCF_006364295.1_ASM636429v1,NIST Mixed Microbial RM strain,ATCC Isolate
GCF_000219455.1_ASM21945v1,NA,NA
GCF_011602445.1_ASM1160244v1,NA,soil
GCF_018739625.1_ASM1873962v1,NA,soil
GCF_015571875.1_ASM1557187v1,Sus scrofa domesticus,feces
GCF_001190965.1_ASM119096v1,NA,saline saltern
GCF_003324755.1_ASM332475v1,NA,NA
GCF_027286105.1_ASM2728610v1,Homo sapiens,blood of patient with fever after tick-bite innoculated in SCID mouse; and isolated in MKP-F culture
GCF_023538975.1_ASM2353897v1,Homo sapiens,Human gut
GCF_028596125.1_ASM2859612v1,NA,NA
GCF_019321805.1_ASM1932180v1,Scylla serrata,South China Sea
GCF_014169655.1_ASM1416965v1,NA,wastewater
GCF_020881875.1_ASM2088187v1,Chroicocephalus novaehollandiae,cloacal swab
GCF_019969525.1_ASM1996952v1,NA,NA
GCF_020181395.1_ASM2018139v1,Homo sapiens,human skin
GCF_019823065.1_ASM1982306v1,NA,medical specimen
GCF_003054555.1_ASM305455v1,NA,cave
GCF_020904985.2_ASM2090498v2,Homo sapiens,urethal swab
GCF_018336495.1_ASM1833649v1,NA,chicken
GCF_008033295.1_ASM803329v1,NA,NA
GCF_013426115.1_ASM1342611v1,Homo sapiens,abdominal drainage
GCF_002891925.1_ASM289192v1,NA,fish larvae aquaculture
GCF_025987765.1_ASM2598776v1,Phaseolus vulgaris,leaf
GCF_022557255.1_ASM2255725v1,Tagetes erecta L,NA
GCF_026547075.1_ASM2654707v1,Homo sapiens,Urinairy tract
GCF_016802385.1_ASM1680238v1,Homo sapiens,urine
GCF_009762385.1_ASM976238v1,NA,Healthy human (stool)
GCF_027625975.1_ASM2762597v1,NA,Penaeus vannamei pond water
GCF_000743055.1_ASM74305v1,NA,not isolated
GCF_003234805.2_ASM323480v2,NA,leaf litter
GCF_007724625.1_ASM772462v1,NA,soil
GCF_000211255.2_ASM21125v2,NA,NA
GCF_019329405.1_ASM1932940v1,Homo sapiens,NA
GCF_031851795.1_ASM3185179v1,NA,seawater; biofilm of coral aquarium
GCF_022354365.1_ASM2235436v1,NA,Shatin WWTPs_2 WWTPs effluent
GCF_030013495.1_ASM3001349v1,Sus scrofa,feces
GCF_005158285.1_ASM515828v1,Homo sapiens,Korean adult feces
GCF_001908855.1_ASM190885v1,Solanum lycopersicum,tomato field
GCF_021610005.1_ASM2161000v1,NA,wwtp active sludge
GCF_009762415.1_ASM976241v1,NA,Pork
GCF_028219495.1_ASM2821949v1,Homo sapiens,sputum
GCF_024585505.1_ASM2458550v1,Poultry,Cloacal sample
GCF_020826335.1_ASM2082633v1,Homo sapiens,vaginal secretions
GCF_019286455.1_ASM1928645v1,Homo sapiens,urine
GCF_023517695.1_ASM2351769v1,Homo sapiens,Rectal swab_P131_BU4
GCF_000020925.1_ASM2092v1,NA,NA
GCF_012045505.1_ASM1204550v1,NA,Fermented dairy products
GCF_027945215.1_ASM2794521v1,Homo sapiens,sputum
GCF_000817975.1_ASM81797v1,NA,soil
GCF_012971705.1_ASM1297170v1,NA,tung meal
GCF_015291745.1_ASM1529174v1,Arachis hypogaea,nodule
GCF_002009195.1_ASM200919v1,Camellia oleifera,soil
GCF_016066475.1_ASM1606647v1,Homo sapiens,urine
GCF_030034775.1_ASM3003477v1,Homo sapiens,Human feces
GCF_002209045.1_ASM220904v1,Homo sapiens,NA
GCF_030489885.1_ASM3048988v1,Homo sapiens,NA
GCF_012167075.1_ASM1216707v1,NA,milk
GCF_000017705.1_ASM1770v1,NA,NA
GCF_000014465.1_ASM1446v1,NA,NA
GCF_036232785.1_ASM3623278v1,Homo sapiens,Cystic fibrosis human lung
GCF_018861235.2_ASM1886123v2,Homo sapiens,Catheter
GCF_033441905.1_ASM3344190v1,Pelargonium x hortorum,NA
GCF_028335385.1_ASM2833538v1,Bos taurus,fecal sample
GCF_000017085.1_ASM1708v1,NA,NA
GCF_000012525.1_ASM1252v1,NA,NA
GCF_032297255.1_ASM3229725v1,Homo sapiens,NA
GCF_034554895.2_BSN56,Homo sapiens,blood
GCF_002269255.1_ASM226925v1,Homo sapiens,wound
GCF_012167215.1_ASM1216721v1,NA,milk
GCF_030292055.1_ASM3029205v1,NA,rhizosphere soil
GCF_015074885.1_ASM1507488v1,Homo sapiens,stool
GCF_022759885.1_ASM2275988v1,Homo sapiens,stool
GCF_025398075.1_ASM2539807v1,Homo sapiens,NA
GCF_024585765.1_ASM2458576v1,Pig,Rectal Swab
GCF_016598615.1_ASM1659861v1,NA,soil
GCF_032594475.1_ASM3259447v1,Coffea arabica,NA
GCF_002224625.1_ASM222462v1,Homo sapiens,NA
GCF_001612495.1_ASM161249v1,NA,Apple cider
GCF_019286635.1_ASM1928663v1,Homo sapiens,blood
GCF_016925515.1_ASM1692551v1,NA,stream biofilm
GCF_030848965.1_ASM3084896v1,Homo sapiens,NA
GCF_000785005.1_ASM78500v1,Homo sapiens,urine
GCF_022354105.1_ASM2235410v1,NA,Shek Wu Hui WWTPs_4 WWTPs effluent
GCF_002954205.1_ASM295420v1,Olea europaea,olive twig showing symptoms of olive quick decline syndrome
GCF_020215645.1_ASM2021564v1,NA,soil
GCF_019329665.1_ASM1932966v1,Homo sapiens,NA
GCF_004634385.1_ASM463438v1,NA,food sludge compost
GCF_025561565.1_ASM2556156v1,Camel,nasal swab
GCF_024730825.1_ASM2473082v1,Homo sapiens,sputum
GCF_016415425.1_ASM1641542v1,Homo sapiens,rectal swab
GCF_009937955.1_ASM993795v1,NA,water
GCF_002947415.1_ASM294741v1,NA,NA
GCF_024363345.1_ASM2436334v1,NA,Brain-Heart-Infusion
GCF_023653905.1_ASM2365390v1,NA,conjugation assay
GCF_004786035.1_ASM478603v1,Vicia faba,rhizosphere
GCF_014109805.1_ASM1410980v1,NA,Biofilm - potable water
GCF_014169435.1_ASM1416943v1,NA,wastewater
GCF_016026375.1_ASM1602637v1,NA,NA
GCF_036785855.1_ASM3678585v1,Homo sapiens,NA
GCF_004801555.1_ASM480155v1,NA,Treated sewage effluent
GCF_001513745.1_ASM151374v1,NA,water
GCF_002278115.2_ASM227811v2,NA,Raw milk cheese
GCF_001611365.1_ASM161136v1,Homo sapiens,88-year old man presenting knee prosthesis infection
GCF_009662435.1_ASM966243v1,NA,NA
GCF_002079265.1_ASM207926v1,NA,sludge of membrane bioreactor in a waste-water treatment plant
GCF_022558685.1_ASM2255868v1,Homo sapiens,urine
GCF_018739445.1_ASM1873944v1,NA,soil
GCF_007726465.1_ASM772646v1,NA,retail beef liver
GCF_001558375.2_ASM155837v2,Homo sapiens,Urine clean catch
GCF_029953655.1_ASM2995365v1,Sus scrofa domesticus,Fermented meat (Nham)
GCF_001766255.1_ASM176625v1,NA,NA
GCF_008180305.1_ASM818030v1,NA,sewage
GCF_900010805.1_C._beijerinckii_DSM_6423,NA,NA
GCF_001019495.2_ASM101949v2,Homo sapiens,wound
GCF_025583505.2_ASM2558350v2,chicken,feces
GCF_034440835.1_ASM3444083v1,NA,commercial natto
GCF_010587105.1_ASM1058710v1,Citrus,NA
GCF_027286365.1_ASM2728636v1,NA,salt water
GCF_023734895.1_ASM2373489v1,Homo sapiens,NA
GCF_022494765.1_ASM2249476v1,NA,river water
GCF_024722495.1_ASM2472249v1,Solanum tuberosum,stem rot potato plant
GCF_040822475.1_ASM4082247v1,Homo sapiens,feces
GCF_028473145.1_ASM2847314v1,NA,gut of an abalone
GCF_023362275.1_ASM2336227v1,Homo sapiens,blood
GCF_030708495.2_ASM3070849v2,Homo sapiens,Rectal swab
GCF_003018495.1_ASM301849v1,Homo sapiens,rectal swab
GCF_012295595.1_ASM1229559v1,NA,IAM12617
GCF_013358365.1_ASM1335836v1,Homo sapiens,urine
GCF_028225315.1_ASM2822531v1,Homo sapiens,sputum
GCF_039721295.1_ASM3972129v1,Homo sapiens,blood
GCF_000022505.1_ASM2250v1,NA,NA
GCF_000021665.1_ASM2166v1,NA,NA
GCF_023757925.1_ASM2375792v1,NA,Activated sludge from wastewater treatment plants
GCF_000747545.1_ASM74754v1,NA,NA
GCF_904831835.1_L4_E1441_ETEC,NA,NA
GCF_000258885.1_ASM25888v1,Homo sapiens,cutaneous anthrax patient
GCF_036866445.1_ASM3686644v1,Triticum aestivum 'Heerup',Flag leaf of wheat
GCF_025272695.1_ASM2527269v1,NA,ISS indoor enironment; V2A steel surface. Exposure experiment ('BIORISK')
GCF_002197065.1_ASM219706v1,Medicago sativa,NA
GCF_016903215.1_ASM1690321v1,NA,NA
GCF_000285655.3_EC958.v1,NA,NA
GCF_001548415.1_ASM154841v1,Homo sapiens,human peritoneal fluid
GCF_903993205.2_AI2898v1_cp,Homo sapiens,Hospital Universitario Ramon y Cajal (Madrid)
GCF_900660665.1_57612_D01-3,Dog,Throat
GCF_946415285.1_SJC1050,NA,Bloodstream
GCF_027594625.1_ASM2759462v1,Homo sapiens,Chang-Gung Memorial Hospital; Linkou
GCF_030389315.1_ASM3038931v1,Homo sapiens,ascites fluid
GCF_013349005.1_ASM1334900v1,NA,ventilator
GCF_012052805.1_ASM1205280v1,Homo sapiens,Diarrheal patient
GCF_002082885.1_ASM208288v1,Homo sapiens,Bronchial washing fluid
GCF_025200615.1_ASM2520061v1,Bos taurus,feedlot
GCF_013256625.1_ASM1325662v1,NA,soil
GCF_001880185.2_ASM188018v2,NA,Fermented sausage; Norway
GCF_030343625.2_ASM3034362v2,Homo sapiens,clinical sample
GCF_017357225.1_ASM1735722v1,lentil,NA
GCF_006007905.1_ASM600790v1,NA,ocean sediment
GCF_001183765.1_ASM118376v1,NA,NA
GCF_017161845.1_ASM1716184v1,Homo sapiens,NA
GCF_007724025.1_ASM772402v1,Soybean (Glycine max (L.) Merrill),NA
GCF_002078855.1_ASM207885v1,NA,Dairy fermentation
GCF_021137875.1_ASM2113787v1,Homo sapiens,NA
GCF_013456555.2_ASM1345655v2,NA,Salt mine
GCF_021378315.1_ASM2137831v1,Homo sapiens,stool
GCF_037289385.1_ASM3728938v1,Homo sapiens,bloodstream
GCF_004358405.1_ASM435840v1,Homo sapiens,stool
GCF_036689625.1_ASM3668962v1,chicken,cecum
GCF_024666385.1_ASM2466638v1,Crocus sativus,NA
GCF_001364695.2_Ty3_243,NA,Not known
GCF_030162175.2_ASM3016217v2,NA,NA
GCF_003606345.3_ASM360634v3,NA,Flea
GCF_000419405.1_ASM41940v1,NA,NA
GCF_002355855.1_ASM235585v1,NA,NA
GCF_026016705.1_ASM2601670v1,sunflower,NA
GCF_006442545.2_ASM644254v2,NA,soil
GCF_000599545.1_ASM59954v1,NA,NA
GCF_021399135.1_ASM2139913v1,NA,Pike
GCF_013782845.1_ASM1378284v1,NA,Wastewater influent sample
GCF_014931475.1_ASM1493147v1,Homo sapiens,cough swab
GCF_031191185.1_ASM3119118v1,Homo sapiens,NA
GCF_015040335.1_ASM1504033v1,NA,soil
GCF_018289375.1_ASM1828937v1,Homo sapiens,feces
GCF_028752355.1_ASM2875235v1,Oryza sativa,rice leaf
GCF_030292205.1_ASM3029220v1,NA,field soil
GCF_013357785.1_ASM1335778v1,NA,Water sample
GCF_007999005.1_ASM799900v1,Homo sapiens,SHIME feed
GCF_036121075.1_ASM3612107v1,NA,soil
GCF_026506395.1_ASM2650639v1,NA,Chicken airsac (Gallus gallus)
GCF_019669245.1_ASM1966924v1,Homo sapiens,NA
GCF_036289225.1_ASM3628922v1,Homo sapiens,Cervical discharge
GCF_000742735.1_ASM74273v1,NA,KAIST
GCF_028609725.1_ASM2860972v1,NA,fermented milk
GCF_016756135.1_ASM1675613v1,Homo sapiens,sputum
GCF_024266785.1_ASM2426678v1,Homo sapiens,stool
GCF_003955965.1_ASM395596v1,Homo sapiens,feces
GCF_018326325.1_ASM1832632v1,NA,NA
GCF_036228565.1_ASM3622856v1,NA,NA
GCF_963924185.1_ST38_1_FIN,NA,sewage
GCF_003394085.1_ASM339408v1,NA,dairy
GCF_022559265.1_ASM2255926v1,Homo sapiens,urine
GCF_003515325.1_ASM351532v1,Solanum tuberosum,Potato bacterial wilt
GCF_002142495.1_ASM214249v1,NA,NA
GCF_018176975.1_ASM1817697v1,NA,anal swab
GCF_018808925.1_ASM1880892v1,Homo sapiens,wound
GCF_000967325.1_ASM96732v1,NA,NA
GCF_001409175.1_99_3134,Homo sapiens,Human Blood
GCF_009429045.2_ASM942904v2,Homo sapiens,urine catheter
GCF_001879625.1_ASM187962v1,NA,NA
GCF_020889625.1_ASM2088962v1,Harpadon nehereus,2 Mrad irradiated Bombay duck
GCF_002119845.1_ASM211984v1,Phaseolus vulgaris,NA
GCF_002157245.1_ASM215724v1,Homo sapiens,urine
GCF_002950115.1_ASM295011v1,NA,NA
GCF_037046385.2_BSN68_Closure,Homo sapiens,blood
GCF_003186565.1_ASM318656v1,NA,NA
GCF_024758825.1_ASM2475882v1,Homo sapiens,NA
GCF_014170935.1_ASM1417093v1,NA,wastewater
GCF_022699265.1_ASM2269926v1,Homo sapiens,skin
GCF_030020595.1_ASM3002059v1,Homo sapiens,urine
GCF_029392955.1_ASM2939295v1,Ruminant,NA
GCF_018326145.1_ASM1832614v1,Homo sapiens,Homo sapiens
GCF_016887735.2_ASM1688773v2,Homo sapiens,blood
GCF_022559005.1_ASM2255900v1,Homo sapiens,NA
GCF_012849095.1_ASM1284909v1,NA,Fermented liquor based on wild grass
GCF_003325375.1_ASM332537v1,NA,environment
GCF_001701425.2_ASM170142v2,Homo sapiens,Stool
GCF_009799965.1_ASM979996v1,NA,vomit from a food poisoning case
GCF_030061645.1_ASM3006164v1,Homo sapiens,Isolated from catheter blood of an 15 years old female
GCF_036289045.1_ASM3628904v1,Homo sapiens,NA
GCF_003181015.1_ASM318101v1,Homo sapiens,NA
GCF_039720415.1_ASM3972041v1,Homo sapiens,urine
GCF_000261345.2_ASM26134v2,NA,soil
GCF_000183425.1_ASM18342v1,NA,beach sand
GCF_025790845.1_ASM2579084v1,Homo sapiens,Rectal Swab
GCF_025559785.1_ASM2555978v1,Camel,Skin swab
GCF_024732325.1_ASM2473232v1,Homo sapiens,stool
GCF_037286755.1_ASM3728675v1,Homo sapiens,bloodstream
GCF_001617525.2_ASM161752v2,NA,Sichuan pickle vegetables
GCF_007421875.2_ASM742187v2,Homo sapiens,NA
GCF_001936035.1_ASM193603v1,NA,NA
GCF_022647825.1_ASM2264782v1,Homo sapiens,blood
GCF_013285385.1_ASM1328538v1,NA,Mushroom compost
GCF_026692645.1_ASM2669264v1,Ictalurus punctatus,NA
GCF_015767915.1_ASM1576791v1,NA,NA
GCF_016775785.1_ASM1677578v1,Homo sapiens,swab
GCF_021513075.1_ASM2151307v1,Homo sapiens,NA
GCF_022637395.1_ASM2263739v1,NA,grassland soil
GCF_013347265.1_ASM1334726v1,NA,soil
GCF_964053165.1_30224_1_38,NA,NA
GCF_015680025.1_ASM1568002v1,Homo sapiens,Oral
GCF_018449065.1_ASM1844906v1,NA,a feces sample of swine origin
GCF_015710815.1_ASM1571081v1,NA,wasp honeycombs
GCF_002846995.1_ASM284699v1,muscari,NA
GCF_026247985.1_ASM2624798v1,Homo sapiens,urine
GCF_013317085.1_ASM1331708v1,Homo sapiens,Clinical sample: urine
GCF_014069315.1_ASM1406931v1,NA,NA
GCF_013725165.1_ASM1372516v1,NA,Wastewater effluent sample
GCF_024226085.1_ASM2422608v1,Gallus gallus domesticus,pooled poultry feces
GCF_037890655.1_BSN78,Homo sapiens,blood
GCF_030219945.1_ASM3021994v1,NA,water
GCF_001717585.1_ASM171758v1,Homo sapiens,Periodontal pocket
GCF_005166365.1_ASM516636v1,Homo sapiens,infant feces
GCF_026873425.1_ASM2687342v1,Homo sapiens,feces
GCF_003660185.1_ASM366018v1,Homo sapiens,urine
GCF_023611765.1_ASM2361176v1,Homo sapiens,urethra
GCF_002953175.1_ASM295317v1,NA,bacterial culture
GCF_030271975.1_ASM3027197v1,chicken,chicken intestinal contents
GCF_004768585.1_ASM476858v1,NA,Avian
